﻿제목,날짜,작성자,작성일,댓글
"박용진, 여권 첫 출사표…여야 대선주자들 채비 분주",2021-05-09 19:18:00,J***g,2021-05-10 15:45:28,"얜.. 유치원3법으로 적당~~히 눈도장 한번 찍더니.. 무슨 결론을 내긴했나..흐지부히 되지 않았나.?
그리곤 대뜸 대선? ...ㅡ.ㅡ;; 내 얼굴이 다 화끈거린다.."
"박용진, 여권 첫 출사표…여야 대선주자들 채비 분주",2021-05-09 19:18:00,장원***,2021-05-10 09:31:46,정의당 간 거 아니었어?
"박용진, 여권 첫 출사표…여야 대선주자들 채비 분주",2021-05-09 19:18:00,S***3,2021-05-10 08:17:26,"참나, 이 박가 놈은 왜 꼼지락대는지 모르겠어..ㅋㅋ
뭐 새로운 인물 어쩌구 저째? 넌 전혀 새롭거나 참신하지 않아.. 이 넘아..."
[비하인드+] 진중권 vs 김용민 '똘마니 논란' 소송 결말은,2021-04-25 20:19:00,c***2,2021-04-26 12:14:57,정치인도 아니고.. 학자도 아니고.. 그냥 그런 인간이... 사람들 관심 좀 받으려고 애쓴다.. 불쌍하다..
"'침묵' 청와대, 국정 운영 차질 우려…대선 국면 가나",2021-04-08 08:06:00,安***],2021-04-08 11:05:37,"누가 뭐래도 문제인 대통령님 덕분에 나라가 나라 다워 졌다.

국민모두가 과거를 잃으면 군사독재시대로 회계할수 있음을 명심 하시길..........."
"'침묵' 청와대, 국정 운영 차질 우려…대선 국면 가나",2021-04-08 08:06:00,d***8,2021-04-08 10:49:09,솔직히 LH는 어느당이 집권하던 터질문제였음.. 아직도 숨어있는 적폐가 있다. 없을 리가 없지. 앞으로 계속 적폐 없애나가자
"'침묵' 청와대, 국정 운영 차질 우려…대선 국면 가나",2021-04-08 08:06:00,安***],2021-04-08 10:37:16,"누가 뭐래도 문제인 대통령님 덕분에 나라가 나라 다워 졌다.

국민모두가 과거를 잃으면 군사독재시대로 회계할수 있음을 명심 하시길..........."
"'침묵' 청와대, 국정 운영 차질 우려…대선 국면 가나",2021-04-08 08:06:00,y***y,2021-04-08 09:43:17,현명한 국민이 정치 지도자들을 리드해야만 한다. 오만방자 & 불손한 여당의 태도에 대한 국민의 회초리다. 재보궐선거 결과를 보고 깨달고 국민의 눈 높이로 볼수있기를 바란다. 다시한번 정권을 잡고 싶다면 정부여당을 통렬한 자기반성의 자세로 취해야 할것이라 생각한다. 왜? 야당이 잘해서 표를준게 아니라 여당이 못해서 야당에 표를 준것이기 때문에!!
[비하인드+] 본격 표심 공략 나선 민주당…'이대남을 잡아라',2021-04-18 20:35:00,c***1,2021-04-19 12:50:05,"박용진 의원, 난 자네를 지금까지 지지해왔으나, 자네가 조국 장관에 대해 하는 말을 들어보면, 자네는 윤석열 패거리에 불과하네. 저들의 조작과 음모에 희생된, 검찰개혁과 나라를 위해 일해온 분을 네놈은 능멸하고, 네놈이 윤석열 꼬붕에 불과함을 스스로 인증했네. 네놈은 민주당 대통령 후보는 고사하고, 민주주의를 말할 자격도 없는 적폐세력의 얼굴마담이 되고 말았네. 썩어빠진 놈아, 모든 것 그만두고 민주당에서 나가라!!!"
대선 1년 앞둔 '전초전'…존재감 드러내는 '잠룡들',2021-03-27 19:30:00,y***6,2021-03-28 10:09:29,이번 서울 보선은 실패한 전서울 시장이 출마했음에도--국힘에 유리한것은 안철수와손을 잡고 선거에 임했고--둘째는 민주당의원 의 숫자로의 오만과독선이부른--부동산정책의 실패에 있다고 본다.
"[인터뷰] 김종인 ""대선 의지 비춘 안철수, 정권교체 장애요인 될 수도""",2021-03-24 21:35:00,c***2,2021-03-25 07:50:49,벌써.. 안철수 팽 시킬라고 준비하네.. 철수야..세상 사람 다 믿어도..저 왜구들은 믿지마라.. 뭐 근데 너도 그쪽 출신이라 왜구의 피가 흐르는 거 같더구만... 니 눈엔 이명박 박근혜 떨거지들이 정권을 잡아야 세상이 좋아 지곘니... 그게 니가 생각하는 중도야? 그래서 너를 초딩이라 하는거야... 고향가서 형준이나 뽑아라.. 열라 해 쳐 먹게...
"[인터뷰] 김종인 ""대선 의지 비춘 안철수, 정권교체 장애요인 될 수도""",2021-03-24 21:35:00,경정***,2021-03-25 04:54:50,왜 이런사람을 취재해서 의견묻고 그래? 제발 4월8일에 예정대로 물러나서 다시는 나오지마라
"[JTBC 여론조사②] ""대통령감 절대 아니다"" 1위도 윤석열",2021-04-13 17:56:00,박***3,2021-04-14 07:57:33,"답은 명확합니다.
이낙연입니다.
호불호는 순간이구요.
사람의 됨됨이가 최종 답안입니다.
우리는 이낙연이라면
믿고 갑시다."
"[JTBC 여론조사②] ""대통령감 절대 아니다"" 1위도 윤석열",2021-04-13 17:56:00,f***7,2021-04-13 19:20:01,대한민국 20~30프로 극좌익 설문조사 ㅋㅋㅋ
"[JTBC 여론조사②] ""대통령감 절대 아니다"" 1위도 윤석열",2021-04-13 17:56:00,정***훈,2021-04-13 19:14:58,"니들이 싫다고 해 봐야 대세는 변하지 않는다. 우리나라는 일부 강성 민주당 지지자들의 나라가 아니다. 중도의 의견이 제일 중요하고, 그들의 의견이 곧 국가의 길이 된다."
"'총공격' 민주당 ""지지층 결집"" 호소...국민의힘 ""천만의 만만의 콩떡""",2021-04-01 11:26:00,김***건,2021-04-01 14:20:52,"민주당에 실망한 것도 사실이지만 개혁은 계속되어야 한다. 이명박 박근혜 시절로 다시 돌아갈 수는 없는 일 아니겠는가? 과연 저들이 대안세력이 될 수 있을까? 부동산 문제로 화난 일인이지만 민주당 국회의원보다 국힘당 국회의원들의 부동산 보유가액이 두 배가 넘고, 다주택을 보유하고 있는 의원수도 국힘당이 민주당보다도 휠씬 많다. 총 의원수는 3/2도 안되는데 말이다. 최선이 아니라면 차선이라도 선택해야 한다. 이번 일을 계기로 심기일전해서 생활적폐를 깨끗히 청소해야 한다."
"'총공격' 민주당 ""지지층 결집"" 호소...국민의힘 ""천만의 만만의 콩떡""",2021-04-01 11:26:00,이***영,2021-04-01 13:53:21,이번에도 민주당이 당연히 이겨서 국민의 x 저기 제대로 발라 버렸으면 좋겠네요.. 그리고 민주당도 제발 정신차리고 잘해주시길 바라구요. 최악보다는 차선이 나으니깐요.
"'총공격' 민주당 ""지지층 결집"" 호소...국민의힘 ""천만의 만만의 콩떡""",2021-04-01 11:26:00,임***식,2021-04-01 13:50:48,"약자에 대한 감수성 부족, 내부정보 생성 및 이용해서 본인이나 처가 재산 늘리는데 적극적, 허구헌날 말바꾸기 거짓말쟁이를 뽑으면 안됨. 상식적으로 생각합시다~!!"
"'총공격' 민주당 ""지지층 결집"" 호소...국민의힘 ""천만의 만만의 콩떡""",2021-04-01 11:26:00,황***국,2021-04-01 13:14:56,오세흔이 같은 자가 서울시장이 되면 절대로 안된다!! 그럴바에 차라리 울집개가 낳다.. ㅎ
"다음 대통령은? ""이재명 25%, 윤석열 23%""",2021-03-18 15:54:00,c***2,2021-04-01 15:00:16,장모.. 마누라 사식이나 준비해라.. 범죄자 집안
"다음 대통령은? ""이재명 25%, 윤석열 23%""",2021-03-18 15:54:00,무***심,2021-03-18 17:35:47,조금 더 있으면 기름기 쫘`악 빠지지 않을까 생각된다
"[이슈체크] 작심 인터뷰, 대구행…윤석열은 '계획'이 있었다?",2021-03-04 20:10:00,0***3,2021-03-08 12:21:33,대구행 갔다는 자체가 쓰레기지~
