﻿Title,Date,ID,Comment,Comment_date,Channel,Like,Dislike,Comment_like
"이재명·심상정 ""부동산 불로소득 환수""…대선 쟁점 되나? (2021.04.29/뉴스데스크/MBC)",2021-04-29,ᆞᆞ,LH 조직 해체 안하냐? ㅋ어후 답답,2021-05-01,MBCNEWS,379,17,33
"이재명·심상정 ""부동산 불로소득 환수""…대선 쟁점 되나? (2021.04.29/뉴스데스크/MBC)",2021-04-29,ᄋᄋᄋ,환수하고 법적 처벌을 받아야지...,2021-05-01,MBCNEWS,379,17,18
"이재명·심상정 ""부동산 불로소득 환수""…대선 쟁점 되나? (2021.04.29/뉴스데스크/MBC)",2021-04-29,이티튜드,국회의원들 정부관료들 투기 싸그리 조사하고 명단공개하면 진짜 투표한다. 근데 못하잖아? 안하잖아?,2021-05-01,MBCNEWS,379,17,25
"이재명·심상정 ""부동산 불로소득 환수""…대선 쟁점 되나? (2021.04.29/뉴스데스크/MBC)",2021-04-29,슈리,국회의원들과 정부에 있는 분들것만 거둬도 세수 안정될걸...? 일안하는 국회와 공무원들 부터 정리하시길~!!,2021-05-01,MBCNEWS,379,17,14
"이재명·심상정 ""부동산 불로소득 환수""…대선 쟁점 되나? (2021.04.29/뉴스데스크/MBC)",2021-04-29,공돌이,그걸로 재미보는 국회의원들이 1~2명이 아닐텐데 어차피 대선공략으로 내세워도 입법조차 힘들 듯,2021-05-01,MBCNEWS,379,17,22
"이재명·심상정 ""부동산 불로소득 환수""…대선 쟁점 되나? (2021.04.29/뉴스데스크/MBC)",2021-04-29,우웅,누진세 처럼 적용해라 서민 푼돈은 미친듯이 뜯어가면서 불로소득 수억 수십억씩 버는 사람들은 많이 내야지,2021-05-01,MBCNEWS,379,17,12
"이재명·심상정 ""부동산 불로소득 환수""…대선 쟁점 되나? (2021.04.29/뉴스데스크/MBC)",2021-04-29,게겐프레싱,청년들이 발뻣고 살려면 이런방법밖에 없다,2021-05-01,MBCNEWS,379,17,8
"이재명·심상정 ""부동산 불로소득 환수""…대선 쟁점 되나? (2021.04.29/뉴스데스크/MBC)",2021-04-29,hyungkeun koo,lh직원꺼 전부다 환수하면되겟네 ㅋㅋ,2021-05-01,MBCNEWS,379,17,17
"이재명·심상정 ""부동산 불로소득 환수""…대선 쟁점 되나? (2021.04.29/뉴스데스크/MBC)",2021-04-29,공종순,잘한다.꼭 그렇게 하자,2021-05-01,MBCNEWS,379,17,4
"이재명·심상정 ""부동산 불로소득 환수""…대선 쟁점 되나? (2021.04.29/뉴스데스크/MBC)",2021-04-29,팝,집값이 너무높아서 전문직제외하고 의사 변호사 세무사 등 직업제외하고 일반직장 근로소득은 이제 의미 없는수준,2021-05-01,MBCNEWS,379,17,23
"이재명·심상정 ""부동산 불로소득 환수""…대선 쟁점 되나? (2021.04.29/뉴스데스크/MBC)",2021-04-29,문현준,땅으로 좀 그만 투자해...젊은 사람들만 죽어나간다,2021-05-01,MBCNEWS,379,17,68
"이재명·심상정 ""부동산 불로소득 환수""…대선 쟁점 되나? (2021.04.29/뉴스데스크/MBC)",2021-04-29,박성철,지지합니다,2021-05-01,MBCNEWS,379,17,22
"이재명·심상정 ""부동산 불로소득 환수""…대선 쟁점 되나? (2021.04.29/뉴스데스크/MBC)",2021-04-29,Gun Park,이재명은 한다면 할꺼같다 ㄷ ㄷ ㄷ.,2021-05-01,MBCNEWS,379,17,35
"이재명·심상정 ""부동산 불로소득 환수""…대선 쟁점 되나? (2021.04.29/뉴스데스크/MBC)",2021-04-29,ben charm,이득의. 50% 보유세면 너무 적은데... 8-90% 정돈 되어야 투기목적 보유를 안하지...,2021-05-01,MBCNEWS,379,17,30
"이재명·심상정 ""부동산 불로소득 환수""…대선 쟁점 되나? (2021.04.29/뉴스데스크/MBC)",2021-04-29,성대수,투기목적 다주택자들 벌벌 떨고 있을 듯,2021-05-01,MBCNEWS,379,17,6
"이재명·심상정 ""부동산 불로소득 환수""…대선 쟁점 되나? (2021.04.29/뉴스데스크/MBC)",2021-04-29,Geonu Kim,투기라는게  결국 집없는 젊은 사람들 피빨아 먹는거지,2021-05-01,MBCNEWS,379,17,3
"이재명·심상정 ""부동산 불로소득 환수""…대선 쟁점 되나? (2021.04.29/뉴스데스크/MBC)",2021-04-29,Keuihee Line,불로소득을 세금으로 ...,2021-05-01,MBCNEWS,379,17,2
"이재명·심상정 ""부동산 불로소득 환수""…대선 쟁점 되나? (2021.04.29/뉴스데스크/MBC)",2021-04-29,안재은아빠,LH수사 조용하네! 잊혀지면 안되는데,2021-05-15,MBCNEWS,379,17,0
"이재명·심상정 ""부동산 불로소득 환수""…대선 쟁점 되나? (2021.04.29/뉴스데스크/MBC)",2021-04-29,빅원이,서민이 집사면 그게... 서민꺼냐.. 은행꺼지.... 평생 이자내다 죽는다...,2021-05-01,MBCNEWS,379,17,6
"이재명·심상정 ""부동산 불로소득 환수""…대선 쟁점 되나? (2021.04.29/뉴스데스크/MBC)",2021-04-29,강동 l소심,부동산 불노 소득은 목숨을 걸고한다   장난으로 시작하면 결론은 필패다,2021-05-01,MBCNEWS,379,17,2
"이재명·심상정 ""부동산 불로소득 환수""…대선 쟁점 되나? (2021.04.29/뉴스데스크/MBC)",2021-04-29,김윤재,아니 어쨋든 세금을 더 올린다는거아냐 ㅆㅂ,2021-05-08,MBCNEWS,379,17,0
"이재명·심상정 ""부동산 불로소득 환수""…대선 쟁점 되나? (2021.04.29/뉴스데스크/MBC)",2021-04-29,권기욱,가만히 앉아서 몇억버는  서울경기도 .  오래사는  사람 세금은 조금내고  팔고사고 할때는 국가가 세금 때리는건 당연한거다 .환수는 사고팔고 물려주고할때 지어짜라 .,2021-05-01,MBCNEWS,379,17,8
"이재명·심상정 ""부동산 불로소득 환수""…대선 쟁점 되나? (2021.04.29/뉴스데스크/MBC)",2021-04-29,임대혁,그래 이제라도 이런정책 시행하자 늦었지만 지금이라도,2021-05-01,MBCNEWS,379,17,2
"이재명·심상정 ""부동산 불로소득 환수""…대선 쟁점 되나? (2021.04.29/뉴스데스크/MBC)",2021-04-29,웃음건강,아니 공 무원되려면   토지  무   어때?,2021-05-08,MBCNEWS,379,17,0
"이재명·심상정 ""부동산 불로소득 환수""…대선 쟁점 되나? (2021.04.29/뉴스데스크/MBC)",2021-04-29,일단달려,압류가 답이지,2021-05-01,MBCNEWS,379,17,1
"이재명·심상정 ""부동산 불로소득 환수""…대선 쟁점 되나? (2021.04.29/뉴스데스크/MBC)",2021-04-29,점수박,주택임대사업자들 중에는 친노들이 다수일것으로....,2021-05-01,MBCNEWS,379,17,0
"이재명·심상정 ""부동산 불로소득 환수""…대선 쟁점 되나? (2021.04.29/뉴스데스크/MBC)",2021-04-29,바니,"토지는 한정되고, 필수적인 요소라 투기는 안되는거임",2021-05-08,MBCNEWS,379,17,1
"이재명·심상정 ""부동산 불로소득 환수""…대선 쟁점 되나? (2021.04.29/뉴스데스크/MBC)",2021-04-29,김태주,이재명 땅크네 ㅋㅋㅋㅋㅋㅋ,2021-05-08,MBCNEWS,379,17,1
"이재명·심상정 ""부동산 불로소득 환수""…대선 쟁점 되나? (2021.04.29/뉴스데스크/MBC)",2021-04-29,내말에_대답하면_너는병신,lh는연막이고진짜문제인기존적폐부동산투기업자쉑이들이이제lh가부동산적폐개혁의주체가되니까즈덜적폐에비하면먼지급을무슨정의로운척즈덜이터뜨린것인데하여튼망조선은알바천국이누ㅋㅋ북한도조금씩은나눠주는데이것들은다즈덜이가지니위대하신김정은수령동지님만세다ㅋㅋㅋ,2021-05-01,MBCNEWS,379,17,2
"이재명·심상정 ""부동산 불로소득 환수""…대선 쟁점 되나? (2021.04.29/뉴스데스크/MBC)",2021-04-29,아잉부적,제발 아무거나 된다 집값 내려달라,2021-05-08,MBCNEWS,379,17,0
"이재명·심상정 ""부동산 불로소득 환수""…대선 쟁점 되나? (2021.04.29/뉴스데스크/MBC)",2021-04-29,강승한,옳소~ 잘한다 대찬성이다,2021-05-01,MBCNEWS,379,17,2
"이재명·심상정 ""부동산 불로소득 환수""…대선 쟁점 되나? (2021.04.29/뉴스데스크/MBC)",2021-04-29,Luan sen,액션만 해보는 거겠지..이런게 한두번이냐?,2021-05-08,MBCNEWS,379,17,0
"이재명·심상정 ""부동산 불로소득 환수""…대선 쟁점 되나? (2021.04.29/뉴스데스크/MBC)",2021-04-29,Su Hyeon,말도 안돤다!90% 환수 해야한다.,2021-05-01,MBCNEWS,379,17,1
"이재명·심상정 ""부동산 불로소득 환수""…대선 쟁점 되나? (2021.04.29/뉴스데스크/MBC)",2021-04-29,playGround hobbies,걍 탈세나범재용이꺼나 회수하자,2021-05-08,MBCNEWS,379,17,0
"이재명·심상정 ""부동산 불로소득 환수""…대선 쟁점 되나? (2021.04.29/뉴스데스크/MBC)",2021-04-29,Jade Start,젊ㅈ은사람들  죽이는  트기  잡아  환수  몰수    강하게,2021-05-01,MBCNEWS,379,17,0
"이재명·심상정 ""부동산 불로소득 환수""…대선 쟁점 되나? (2021.04.29/뉴스데스크/MBC)",2021-04-29,Seuk jeong Yun,굿,2021-05-01,MBCNEWS,379,17,7
"이재명·심상정 ""부동산 불로소득 환수""…대선 쟁점 되나? (2021.04.29/뉴스데스크/MBC)",2021-04-29,포키,LH 못잡는 정치인은 선거 기대하지마세요하는척만 한다고 속을줄아나 투표로 보여줍시다 여러분,2021-05-01,MBCNEWS,379,17,2
"이재명·심상정 ""부동산 불로소득 환수""…대선 쟁점 되나? (2021.04.29/뉴스데스크/MBC)",2021-04-29,2112 Overture Rush,이득의 50%는 말이 안 됩니다. 90%는 되어야 합니다.,2021-05-01,MBCNEWS,379,17,1
"이재명·심상정 ""부동산 불로소득 환수""…대선 쟁점 되나? (2021.04.29/뉴스데스크/MBC)",2021-04-29,김정은,그럼 이재명 집에 들어가서 쉬어도 되는건가 ㅎ,2021-05-01,MBCNEWS,379,17,0
"이재명·심상정 ""부동산 불로소득 환수""…대선 쟁점 되나? (2021.04.29/뉴스데스크/MBC)",2021-04-29,박데니스,별빛이 흐르는 다리를 건너 ~~ 오빠다리 내다리? ㅋㅋㅋㅋ 바람 부는 갈대 숲을 지나 ~~ 거기서 뭐해 ? 언제나 나를 언제나 나를 기다리는 김부선 아파트 ~~ 거기서 뭐해?오빠다리 가운데 다리 거기서 뭐해? 푸 ㅎㅎㅎㅎㅎㅎㅎㅎㅎㅎㅎㅎㅎㅎㅎㅎㅎㅎㅎㅎㅎㅎㅎㅎㅎㅎㅎㅎㅎㅎㅎㅎㅎㅎㅎㅎㅎㅎㅎㅎㅎ,2021-05-08,MBCNEWS,379,17,0
"이재명·심상정 ""부동산 불로소득 환수""…대선 쟁점 되나? (2021.04.29/뉴스데스크/MBC)",2021-04-29,베라블랙,농민들 땅은 세금 혜택줘라농사 지어서 부기영화를 누르는것도 아니고농지 짓는다고 땅 조금 있는거 매년 세금은 무지걷고돈은 언제 만질수 있겄나??투기꾼만 잡아라선량한 농민들 피해가게 하지 말고,2021-05-01,MBCNEWS,379,17,8
"이재명·심상정 ""부동산 불로소득 환수""…대선 쟁점 되나? (2021.04.29/뉴스데스크/MBC)",2021-04-29,피케이,그럼 누가 사냐국가에서 다 사야지,2021-05-01,MBCNEWS,379,17,4
"이재명·심상정 ""부동산 불로소득 환수""…대선 쟁점 되나? (2021.04.29/뉴스데스크/MBC)",2021-04-29,김도,누가 기본소득 달라고 했냐? 양아치들,2021-05-01,MBCNEWS,379,17,1
"이재명·심상정 ""부동산 불로소득 환수""…대선 쟁점 되나? (2021.04.29/뉴스데스크/MBC)",2021-04-29,차현숙,이지사만일하나봐~~??,2021-05-01,MBCNEWS,379,17,9
"이재명·심상정 ""부동산 불로소득 환수""…대선 쟁점 되나? (2021.04.29/뉴스데스크/MBC)",2021-04-29,권기욱,수요는  가격인상 원인 수요를  없앤다.가격거품없어진다 .나라 망하는거  그나마 늦춘다 .일본   한순간 훅갔다 .부동사때문에 ...,2021-05-01,MBCNEWS,379,17,4
"이재명·심상정 ""부동산 불로소득 환수""…대선 쟁점 되나? (2021.04.29/뉴스데스크/MBC)",2021-04-29,이강석,대한민국 국민1명당 1주택 하나씩 다주고 몰수해라.권력이 있던 없던 전부다,2021-05-01,MBCNEWS,379,17,3
"이재명·심상정 ""부동산 불로소득 환수""…대선 쟁점 되나? (2021.04.29/뉴스데스크/MBC)",2021-04-29,개맹이,"공직자 부동산 백지신탁화,부당이익 환수법 등 이재명 지사가 예전부터 주장해왔던거임. 분위기타서 타이밍맞춰서 확꺼낸거지. 갑자기 생각해낸게 아님.",2021-05-08,MBCNEWS,379,17,0
"이재명·심상정 ""부동산 불로소득 환수""…대선 쟁점 되나? (2021.04.29/뉴스데스크/MBC)",2021-04-29,무기력대폭발,결국 답은 토지공개념이야.,2021-05-01,MBCNEWS,379,17,2
"이재명·심상정 ""부동산 불로소득 환수""…대선 쟁점 되나? (2021.04.29/뉴스데스크/MBC)",2021-04-29,정이건,공직자들아 이재명처럼 일좀해라,2021-05-01,MBCNEWS,379,17,2
"이재명·심상정 ""부동산 불로소득 환수""…대선 쟁점 되나? (2021.04.29/뉴스데스크/MBC)",2021-04-29,Kim Carmelo,어차피 이제 중국자본 싹들어와서 캐나다 호주 홍콩 꼴 나고있다 수고해,2021-05-01,MBCNEWS,379,17,0
"이재명·심상정 ""부동산 불로소득 환수""…대선 쟁점 되나? (2021.04.29/뉴스데스크/MBC)",2021-04-29,조희성,중국애들이 산 부동산은 어쩔려고?  그건 손 놓고 자국민만 조질려고 하니...쯧쯧쯧...,2021-05-01,MBCNEWS,379,17,4
"이재명·심상정 ""부동산 불로소득 환수""…대선 쟁점 되나? (2021.04.29/뉴스데스크/MBC)",2021-04-29,킴리사,👍,2021-05-01,MBCNEWS,379,17,0
"이재명·심상정 ""부동산 불로소득 환수""…대선 쟁점 되나? (2021.04.29/뉴스데스크/MBC)",2021-04-29,go,발의하면 뭐하나요통과가 안되는데안그래요?국개의원님들,2021-05-01,MBCNEWS,379,17,3
"이재명·심상정 ""부동산 불로소득 환수""…대선 쟁점 되나? (2021.04.29/뉴스데스크/MBC)",2021-04-29,최정윤,다 그런건 아니겠지만  공무원들은 웗타지 부동산 정보 미리알아서 투기하지 연금 타지 부정 하게 동벌어서 동창회가서 어죠이산 애들에게  거만 떨기 그꼴은 진짜 못좌줘요 .,2021-05-08,MBCNEWS,379,17,0
"이재명·심상정 ""부동산 불로소득 환수""…대선 쟁점 되나? (2021.04.29/뉴스데스크/MBC)",2021-04-29,Mansoo Lee,저건 불로소득뿐만아니라 토지가금인우리나라에 당연한 법으로 만들어야된다. 기득권들다반대하겟지만 자연이주신땅을 물려받은것도 아닌 불법으로 정보탈취해서 몇백배수익을 벌고 또 땅사서 또벌고 악순환되는거지.그리고 중요한건 입법부가제대로 일을안하면 국민투표로 정해야된다.국회가 정상적으로 일을 안함,2021-05-01,MBCNEWS,379,17,0
"이재명·심상정 ""부동산 불로소득 환수""…대선 쟁점 되나? (2021.04.29/뉴스데스크/MBC)",2021-04-29,왕대왕,주택에 대해서도 적용해야 하고 더 강하게 해야합니다증여한 주택도 합산과세 하라.많은 국민을 절망하게 만드는 악질들.정이당이 정의당 되려나?,2021-05-01,MBCNEWS,379,17,1
"이재명·심상정 ""부동산 불로소득 환수""…대선 쟁점 되나? (2021.04.29/뉴스데스크/MBC)",2021-04-29,고봉우,우리나라 법처벌이  약해  다른나라에서는 총살 참수형인데. . 결과보다  다시는 이런일이 되풀이되지 않게 만들어야 되는게 중요한데.. 과연  좀더  세게 나가 주세요,2021-05-01,MBCNEWS,379,17,3
"이재명·심상정 ""부동산 불로소득 환수""…대선 쟁점 되나? (2021.04.29/뉴스데스크/MBC)",2021-04-29,k,굿잡,2021-05-01,MBCNEWS,379,17,11
"이재명·심상정 ""부동산 불로소득 환수""…대선 쟁점 되나? (2021.04.29/뉴스데스크/MBC)",2021-04-29,ble goo,"이재명 한국형 기본소득, 대출, 주택 ▶돈에 종속되지 않고 행복한 일 하며 사람답게 살 수 있도록 최소한의 삶을 보장하는 '기본소득', ▶돈이 생명의 가치를 흔들지 못하도록 최저한의 금융소비자 권리를 보장하는 '기본대출',▶집 때문에 더이상 불안하지 않도록 주거권을 보장하는 '기본주택'. 외국사례가 없다고 불가능한 것도 아니고 못할 이유는 아닙니다. ▶ 기본소득   ◀우리나라의 복지관련 지출은 OECD 평균(2020년 GDP 약 2,000조원의 10%) 가량 복지지출을 늘려야 합니다. 금년 국가예산은 본예산만 558조원이고 추경예산이 더해질 것이며 향후 매년 증가할 것입니다. -단기재원 마련방안: 일반예산 절감 작년 1차 정부재난지원금 수준인 1인당 25만원을 연 2회 지급(4인 가구 연간 200만원)하려면 26조원이 필요 한데 이는 국가재정의 5%, 작년 GDP의 1.3%에 불과하여 일반예산 조정으로 얼마든지 만들 수 있습니다. -중기 재원마련 방안: 조세감면 축소 1인당 25만원씩 분기별 지급(4인 가구 연간 400만원) 에는 25조원이 추가로 필요한데, 연간 50조~60조원에 이르는 조세감면분을 절반가량 축소하면 조달가능합니다. -장기 재원마련 방안: 증세 우리는 어차피 OECD 절반에 불과한 복지관련 지출을 늘려야 하고 낮은 조세부담률을 끌어올려 저부담저복지 사회에서 중부담중복지 사회로가야 합니다.  ▶ 경기도형 기본주택 ◀-경기도는 무주택자라면 누구나 입지가 좋은 곳에 위치한 고품질의 주택에서 살 수 있도록 하는 '기본주택'을 추진하고 있습니다.-기본주택은 주변시세보다 저렴한 적정 임대료를 내고 장기간 거주할 수 있는 ‘장기임대형’과 -토지사용료만 내고 지내다 되팔때는 반드시 공공에 환매환매 하도록 한 ‘토지임대부 분야형'-값 싸고 질 좋은 거주환경을 제공하면서도 투기를 차단하는 데 중점을 뒀습니다. ▶ 기본대출  ◀-일반적으로 보면 기업의 연체율이 서민 연체율보다 더 높습니다-복지적대출인 기본대출은 국민 누구나 1천만원 한도로1~2% 저금리로 대출 ""이재명경기도지사"" 유튭입니다500개이상의 생방송 정책토론 보러 오세요",2021-05-01,MBCNEWS,379,17,1
"이재명·심상정 ""부동산 불로소득 환수""…대선 쟁점 되나? (2021.04.29/뉴스데스크/MBC)",2021-04-29,jung su Kim,말장난한다,2021-05-14,MBCNEWS,379,17,0
"이재명·심상정 ""부동산 불로소득 환수""…대선 쟁점 되나? (2021.04.29/뉴스데스크/MBC)",2021-04-29,윤뜨네,말 달리자,2021-05-01,MBCNEWS,379,17,1
"이재명·심상정 ""부동산 불로소득 환수""…대선 쟁점 되나? (2021.04.29/뉴스데스크/MBC)",2021-04-29,야호,적폐들은 언론 등에 업고 치사한 공격을 계속하고.. 검찰개혁을 시작으로 적폐들 없어지길!!,2021-05-08,MBCNEWS,379,17,1
"이재명·심상정 ""부동산 불로소득 환수""…대선 쟁점 되나? (2021.04.29/뉴스데스크/MBC)",2021-04-29,비홀더,그냥 소유하고있으면 세금을 내라고? 농사짓다 부자되는사람 이제 못보겠네,2021-05-01,MBCNEWS,379,17,0
"이재명·심상정 ""부동산 불로소득 환수""…대선 쟁점 되나? (2021.04.29/뉴스데스크/MBC)",2021-04-29,Jeremy AHN,아무리 좋아보이는 정책도 국민들이 동의하지 않으면 의미가 없다. 하지만 이재명이 펼치는 정책은 국민의 동의가 우선이고 반드시 실천한다.,2021-05-08,MBCNEWS,379,17,0
"이재명·심상정 ""부동산 불로소득 환수""…대선 쟁점 되나? (2021.04.29/뉴스데스크/MBC)",2021-04-29,김준서,ㅌㅏㄹ ㅈㅗ ㅅㅓㄴ,2021-05-01,MBCNEWS,379,17,0
"이재명·심상정 ""부동산 불로소득 환수""…대선 쟁점 되나? (2021.04.29/뉴스데스크/MBC)",2021-04-29,bollinger band,어떤놈은 세금도 안내고 땅있는사람들이 세금내는돈으로 공돈 받아가긋네,2021-05-01,MBCNEWS,379,17,3
"이재명·심상정 ""부동산 불로소득 환수""…대선 쟁점 되나? (2021.04.29/뉴스데스크/MBC)",2021-04-29,홈런볼,모든국민이  투기(투자?) 못해서 안달/심상정 이 나서라~,2021-05-01,MBCNEWS,379,17,0
"이재명·심상정 ""부동산 불로소득 환수""…대선 쟁점 되나? (2021.04.29/뉴스데스크/MBC)",2021-04-29,HO HHH,굿,2021-05-01,MBCNEWS,379,17,15
"이재명·심상정 ""부동산 불로소득 환수""…대선 쟁점 되나? (2021.04.29/뉴스데스크/MBC)",2021-04-29,망구스,아니 그거보다 LH나 제대로 죠지라고 여기에 관련된 정치인이랑 공직자도 함께 모가지 날려버리고,2021-05-01,MBCNEWS,379,17,19
"이재명·심상정 ""부동산 불로소득 환수""…대선 쟁점 되나? (2021.04.29/뉴스데스크/MBC)",2021-04-29,happylife오,땅이 없어서 다행이군.,2021-05-01,MBCNEWS,379,17,1
"이재명·심상정 ""부동산 불로소득 환수""…대선 쟁점 되나? (2021.04.29/뉴스데스크/MBC)",2021-04-29,이대영,불모지였던 성남을 살기좋은도시로 변화 대중교통도 잘돼있다..국민이봐도 보도블럭.가로수하부 지지대.인건비낭비  이것만 아껴도 ..이재명같은분이 대통령해서 사람이살아 가는데 제일중요한 의.식.주 잡고 부폐한 공무원들 일벌백계 해야함,2021-05-01,MBCNEWS,379,17,1
"이재명·심상정 ""부동산 불로소득 환수""…대선 쟁점 되나? (2021.04.29/뉴스데스크/MBC)",2021-04-29,냥냥펀치,이재명 지지합니다,2021-05-15,MBCNEWS,379,17,0
"이재명·심상정 ""부동산 불로소득 환수""…대선 쟁점 되나? (2021.04.29/뉴스데스크/MBC)",2021-04-29,임병영,모든토지에 보유세를 걷는다는것은 헌법에 보장된 사유재산 보전의 원칙 침해입니다,2021-05-08,MBCNEWS,379,17,0
"이재명·심상정 ""부동산 불로소득 환수""…대선 쟁점 되나? (2021.04.29/뉴스데스크/MBC)",2021-04-29,박명배,삶의 목표가 돈이 되어가는....,2021-05-01,MBCNEWS,379,17,0
"이재명·심상정 ""부동산 불로소득 환수""…대선 쟁점 되나? (2021.04.29/뉴스데스크/MBC)",2021-04-29,김철호,몰수해야함 심상정 이재명 화이팅 피땀흘려 재산 모아야지 벼락 불노 투기(년5%이상넘는것)는 근절시키자,2021-05-01,MBCNEWS,379,17,2
"이재명·심상정 ""부동산 불로소득 환수""…대선 쟁점 되나? (2021.04.29/뉴스데스크/MBC)",2021-04-29,배고파,이재명은 대선 나오면 김부선 얘기 계속 나올듯.,2021-05-01,MBCNEWS,379,17,0
"이재명·심상정 ""부동산 불로소득 환수""…대선 쟁점 되나? (2021.04.29/뉴스데스크/MBC)",2021-04-29,siggn moon,매국집단은 사회주의 공산화 된다며 반대 좁은땅 인구는 많고 토지 공개념차원서 훌륭한 제도 입법화가 시급함.,2021-05-01,MBCNEWS,379,17,0
"이재명·심상정 ""부동산 불로소득 환수""…대선 쟁점 되나? (2021.04.29/뉴스데스크/MBC)",2021-04-29,김지훈,멀자꾸~ 기본소득을 준다는거야~ 코딱지만큼줘놓고 세금얼마나뜯어가려고~  일해서벌게 기업을성장시켜라 ~,2021-05-12,MBCNEWS,379,17,0
"이재명·심상정 ""부동산 불로소득 환수""…대선 쟁점 되나? (2021.04.29/뉴스데스크/MBC)",2021-04-29,잠점명,허경영 대통령 정인태 국무총리 이재명 경제부총리가 답이다신의 나라로 가자,2021-05-01,MBCNEWS,379,17,0
"이재명·심상정 ""부동산 불로소득 환수""…대선 쟁점 되나? (2021.04.29/뉴스데스크/MBC)",2021-04-29,경감,1채는 실거주라 불로소득이아니니 놔두고 2채까지는 어느정도 실거주로 보되. 3채부터는 그건 투자지,2021-05-01,MBCNEWS,379,17,4
"이재명·심상정 ""부동산 불로소득 환수""…대선 쟁점 되나? (2021.04.29/뉴스데스크/MBC)",2021-04-29,상마초,"땅샀다가 땅값 올라서 팔면 이득에 대한 세금 때리면 되는거고 집샀다가 집값 올라서 팔면 이득에 대한 세금 때리면 되는거고 보유목적으로 1억에 샀는데 2억되면 재산세도 오른 가격에 맞춰 세금 때리면 되는거고 뭐가 문제일까요?지금 뉴스와 댓글들의 내용은 그 아무도 부자가 되기 싫다는거고 1가구 1주택, 1가구1토지 하면 나머지 남는것들은 국가로 귀속 시키게요? 우리가 공산국가입니까? 가격에 맞게 세금 잘 때리면 되요 많이 가졌다고 나쁜사람들 아니고요 투자와 투기는 한끗차인데 현명한 눈으로 다들 잘 판단하셨으면 해요 어차피 국회의원들은 표를 위한 쑈밖에 하지 않으니깐요 서민들 간지러운곳 긁어주는척 결국 그 속내를 깊게 살펴보면 그 끝은 표를 위한 본인들의 이득을 위한 행동일 뿐이니깐요",2021-05-01,MBCNEWS,379,17,2
"이재명·심상정 ""부동산 불로소득 환수""…대선 쟁점 되나? (2021.04.29/뉴스데스크/MBC)",2021-04-29,ems TV,다음 정권이 궁굼하다..,2021-05-01,MBCNEWS,379,17,0
"이재명·심상정 ""부동산 불로소득 환수""…대선 쟁점 되나? (2021.04.29/뉴스데스크/MBC)",2021-04-29,김인숙,다음 대통령은 정말 이재명지사가 해야한다 적실한 일군이다,2021-05-08,MBCNEWS,379,17,0
"이재명·심상정 ""부동산 불로소득 환수""…대선 쟁점 되나? (2021.04.29/뉴스데스크/MBC)",2021-04-29,임병영,생산에 사용되지 않고 자경하지 않거나 거주하지 않는 본래의 목적에 벗어난 토지에만 보유세를 매겨야지 생업을하는 농지 거주목적의 주택에 보유세를 증세한다는것은 권력남용금지 원칙에 반합니다 ㆍ토지를보유하지 않은 사람들이 불로소득을 얻게되는 결과를 가져오게 되는거죠,2021-05-08,MBCNEWS,379,17,0
"이재명·심상정 ""부동산 불로소득 환수""…대선 쟁점 되나? (2021.04.29/뉴스데스크/MBC)",2021-04-29,겨울눈꽃,이재용,2021-05-01,MBCNEWS,379,17,1
"이재명·심상정 ""부동산 불로소득 환수""…대선 쟁점 되나? (2021.04.29/뉴스데스크/MBC)",2021-04-29,Eung Soo Kim,오세훈이 똘마니 또 땅샀던데,2021-05-01,MBCNEWS,379,17,14
"이재명·심상정 ""부동산 불로소득 환수""…대선 쟁점 되나? (2021.04.29/뉴스데스크/MBC)",2021-04-29,어리버리,"1. 미사용 토지와 건물 그리고 지목대로 이용되지 않는 토지에 막대한 세금 부과2. 개인의 부동산 소유 제한, 특히 미성년자와 외국인은 실거주자에 한하여 부동산 취득가능3. 불법 및 편법으로 취득한 부동산은 모두 환수시키며 최대 3배까지 벌금을 부과한다",2021-05-01,MBCNEWS,379,17,0
"이재명·심상정 ""부동산 불로소득 환수""…대선 쟁점 되나? (2021.04.29/뉴스데스크/MBC)",2021-04-29,이금,오랜만에 심상정의원이 일하네,2021-05-01,MBCNEWS,379,17,2
"이재명·심상정 ""부동산 불로소득 환수""…대선 쟁점 되나? (2021.04.29/뉴스데스크/MBC)",2021-04-29,최병철,세금 삥 뜯기에 환장을 하는구나,2021-05-01,MBCNEWS,379,17,0
"이재명·심상정 ""부동산 불로소득 환수""…대선 쟁점 되나? (2021.04.29/뉴스데스크/MBC)",2021-04-29,국민이먼저다,수요 공급의 법칙으로 가격이 결정되는 자본주의 개념부터 공부해라 무식한 것들아,2021-05-01,MBCNEWS,379,17,0
"이재명·심상정 ""부동산 불로소득 환수""…대선 쟁점 되나? (2021.04.29/뉴스데스크/MBC)",2021-04-29,장지국,모든 부동산에 구입시 가격에 개발추진시 오르는 부동산가격과 그동안 납부한 재산세와 차액은 80% 정도 세금추징하면됨,2021-05-01,MBCNEWS,379,17,7
"이재명·심상정 ""부동산 불로소득 환수""…대선 쟁점 되나? (2021.04.29/뉴스데스크/MBC)",2021-04-29,"K, JHYUN",자본주의의 역행 결과를 우리는 이미 경험하고 있단다. 정신 차려라..,2021-05-08,MBCNEWS,379,17,0
"이재명·심상정 ""부동산 불로소득 환수""…대선 쟁점 되나? (2021.04.29/뉴스데스크/MBC)",2021-04-29,정원석,사유재산을 너무 건드리는거 아닌가?,2021-05-01,MBCNEWS,379,17,9
"이재명·심상정 ""부동산 불로소득 환수""…대선 쟁점 되나? (2021.04.29/뉴스데스크/MBC)",2021-04-29,호바밧,오 좋은데 제발좀 했으면 좋겠네.,2021-05-01,MBCNEWS,379,17,13
"이재명·심상정 ""부동산 불로소득 환수""…대선 쟁점 되나? (2021.04.29/뉴스데스크/MBC)",2021-04-29,김도민,아무 의미 없다 ㅋ 유휴토지는 무슨.. 지금 주말농사 짓는거 안보이냐?,2021-05-01,MBCNEWS,379,17,0
"이재명·심상정 ""부동산 불로소득 환수""…대선 쟁점 되나? (2021.04.29/뉴스데스크/MBC)",2021-04-29,BO J,"보유세 말고 팔거나 증여,상속시 50프로 세금부과로 하면...",2021-05-01,MBCNEWS,379,17,1
"이재명·심상정 ""부동산 불로소득 환수""…대선 쟁점 되나? (2021.04.29/뉴스데스크/MBC)",2021-04-29,우정숙,토지보유세  기본소득으로 환영합니다 이재명지사님 천재 행정가 맞네요,2021-05-01,MBCNEWS,379,17,5
"이재명·심상정 ""부동산 불로소득 환수""…대선 쟁점 되나? (2021.04.29/뉴스데스크/MBC)",2021-04-29,빌게이츠,이재명 심상정  지지 하겠습니다. 더 강력한 환수법 추진해 주십시요,2021-05-08,MBCNEWS,379,17,0
"이재명·심상정 ""부동산 불로소득 환수""…대선 쟁점 되나? (2021.04.29/뉴스데스크/MBC)",2021-04-29,Aaron Kim,소급적용 안되쥬? ㅋㅋㅋㅋㅋㅋㅋ 지들 다 처먹고 이제 배 부르니깐 서민넘들은 먹지 말라구 밥상 뒤엎쥬? ㅋㅋㅋㅋㅋㅋㅋㅋㅋ,2021-05-01,MBCNEWS,379,17,1
"이재명·심상정 ""부동산 불로소득 환수""…대선 쟁점 되나? (2021.04.29/뉴스데스크/MBC)",2021-04-29,edgar bae,다 좋은데.... 우선 국회의원 조사는 언제????????????,2021-05-01,MBCNEWS,379,17,0
"이재명·심상정 ""부동산 불로소득 환수""…대선 쟁점 되나? (2021.04.29/뉴스데스크/MBC)",2021-04-29,장지국,국가빛 계속 늘어나는데 노력없이 얻는 부동산소득 중과는 필수,2021-05-01,MBCNEWS,379,17,14
"이재명·심상정 ""부동산 불로소득 환수""…대선 쟁점 되나? (2021.04.29/뉴스데스크/MBC)",2021-04-29,추지웅,다잡아가라 땅투기 안잡아가고머하노 어? 머하냐고 스벌,2021-05-01,MBCNEWS,379,17,2
"이재명·심상정 ""부동산 불로소득 환수""…대선 쟁점 되나? (2021.04.29/뉴스데스크/MBC)",2021-04-29,서창이,뻔한 소득의로 수십억 재산 모으는건 불가능하다자기 사업이나 주식제외하면부동산은 저가 매입은 투자로ㅜ봐야지간단한 방법개발 3년이내 매입한 부동산은 전부 차액을 세금 부과하먄된다이번 lh사태도 지정 몇달전에 내부정보로 매입한거잖아거지들이라 몇년씩 못묶어둔다,2021-05-01,MBCNEWS,379,17,0
"이재명·심상정 ""부동산 불로소득 환수""…대선 쟁점 되나? (2021.04.29/뉴스데스크/MBC)",2021-04-29,free dom,부동산 활성화는 시키되투기는 잡아야 하는데투자수익 50% 정부가 가져간다는발상은 자유  시장체제를 흔드는거지.매년  부동산 세금내고20년후 은퇴자금으로 매매하면또 50%가져가면한퓬 번것 없는데 누가 사?그냥 보유세를 0.5-1%로 올려.집 여러채 보유세내려고 하면힘들게...유후지  매년 보유세 세금 내바. 힘들어 자연히 매도하지...,2021-05-08,MBCNEWS,379,17,0
"이재명·심상정 ""부동산 불로소득 환수""…대선 쟁점 되나? (2021.04.29/뉴스데스크/MBC)",2021-04-29,qkrdudrl,박원순도 여자때문에 시장박탈  부산시장도 여자때문에 박탁 이재명도 김부선때문에 대권박탈된다 이재명이 김부선에게 몹쓸짓 해서 대선에서 크게 패배할듯 합니다,2021-05-08,MBCNEWS,379,17,1
"이재명·심상정 ""부동산 불로소득 환수""…대선 쟁점 되나? (2021.04.29/뉴스데스크/MBC)",2021-04-29,CALEB MISSION OF GOD신명근,#부동산 불로소득 환수하라.,2021-05-01,MBCNEWS,379,17,8
"이재명·심상정 ""부동산 불로소득 환수""…대선 쟁점 되나? (2021.04.29/뉴스데스크/MBC)",2021-04-29,빅원피싱클럽™,소득에 대해서 과세를 할 것이 아니라 금융자산을 포함한 전체 자산에 대해서 형평성 있게 과세하지 않는 한 초극단적인 양극화는 절때로 해결될 수 없고 이러한 양극화의 부수적 문제 또한 영원히 지속 될 수 밖에 없다..,2021-05-01,MBCNEWS,379,17,0
"이재명·심상정 ""부동산 불로소득 환수""…대선 쟁점 되나? (2021.04.29/뉴스데스크/MBC)",2021-04-29,김대호,대찬성.   환영. 한다. 근데. 여야에. 도둑 놈들이. 많아서리.  ㅡㅡㅡ,2021-05-01,MBCNEWS,379,17,1
"이재명·심상정 ""부동산 불로소득 환수""…대선 쟁점 되나? (2021.04.29/뉴스데스크/MBC)",2021-04-29,도박하면인생조지워싱턴,재명이형은 대통령이된다,2021-05-08,MBCNEWS,379,17,0
"이재명·심상정 ""부동산 불로소득 환수""…대선 쟁점 되나? (2021.04.29/뉴스데스크/MBC)",2021-04-29,김경태,공산당이야? 땅 다음엔 주식이겠네?,2021-05-08,MBCNEWS,379,17,0
"이재명·심상정 ""부동산 불로소득 환수""…대선 쟁점 되나? (2021.04.29/뉴스데스크/MBC)",2021-04-29,사라마구,심상정은 빠져라,2021-05-11,MBCNEWS,379,17,1
"이재명·심상정 ""부동산 불로소득 환수""…대선 쟁점 되나? (2021.04.29/뉴스데스크/MBC)",2021-04-29,김태용,토지가 공적자산이란말은 빨갱이들이 하는거지... 사회주의에는 개인땅을 인정안하는거니까... 결국 경제 자체를 사회주의로 가자는말과 같은거지.,2021-05-01,MBCNEWS,379,17,3
"이재명·심상정 ""부동산 불로소득 환수""…대선 쟁점 되나? (2021.04.29/뉴스데스크/MBC)",2021-04-29,이규청,시계공장 프레스공 출신 재명이가 대권잡아서 싸그리 청소햇으면 합니다 ㅎㅎ ㅋㅎㅋㅎㅋㅎ ㅎ ㅎㅎ ㅋㅎㅋㅎㅋㅎ 죠와죠와 아주죠와 굿굿굿 잘햇심더 죠져주이소 굿굿굿 ㅋㅎㅋㅎㅋㅎ,2021-05-01,MBCNEWS,379,17,1
"이재명·심상정 ""부동산 불로소득 환수""…대선 쟁점 되나? (2021.04.29/뉴스데스크/MBC)",2021-04-29,황종철,더듬 투기당들 큰일났다 더듬다 성추행당들 투기로 재산 불리고있는데 잘됐다 리참에 더듬다 성추행당 부동산 투기당들 국고환수하라!!,2021-05-01,MBCNEWS,379,17,1
"이재명·심상정 ""부동산 불로소득 환수""…대선 쟁점 되나? (2021.04.29/뉴스데스크/MBC)",2021-04-29,빌로바TV,이재명을 대통령으로!!,2021-05-01,MBCNEWS,379,17,1
"이재명·심상정 ""부동산 불로소득 환수""…대선 쟁점 되나? (2021.04.29/뉴스데스크/MBC)",2021-04-29,솜송,주식도 불로소득 아닌가?,2021-05-01,MBCNEWS,379,17,1
"이재명·심상정 ""부동산 불로소득 환수""…대선 쟁점 되나? (2021.04.29/뉴스데스크/MBC)",2021-04-29,불곰,와 세금 걷는거 후덜덜,2021-05-01,MBCNEWS,379,17,0
"이재명·심상정 ""부동산 불로소득 환수""…대선 쟁점 되나? (2021.04.29/뉴스데스크/MBC)",2021-04-29,K. Jin L,그냥 전 국민 재산 다 몰수하고 국가에서 분배하겠다고 해보지. 막가자는거네. 공직자 투기하다 걸리니 화살을 국민들에게 돌리겠다는거 아냐.,2021-05-01,MBCNEWS,379,17,0
"이재명·심상정 ""부동산 불로소득 환수""…대선 쟁점 되나? (2021.04.29/뉴스데스크/MBC)",2021-04-29,김상국,불로소득 은 니네들의 전유물 아니냐..?허구헌날 국회공전 하면서도 꼬박꼬박 고임금 받고 수당받고보좌관이라고 해서 친인척 다 불러다 메겨살리고이거다 환수하자..   도둑질해 감옥에 있는 동안에도 수당타먹고,2021-05-01,MBCNEWS,379,17,3
"이재명·심상정 ""부동산 불로소득 환수""…대선 쟁점 되나? (2021.04.29/뉴스데스크/MBC)",2021-04-29,팝,이미 부동산망했음 이제 손못씀 서울 아파트 평균가 11억 수도권 평균 아파트 6억임 이제 답은 좋은직장 포기하고 시골가거나 주식하거나 금수저거나 ㅈㅈ임 ㅋㅋ,2021-05-01,MBCNEWS,379,17,3
"이재명·심상정 ""부동산 불로소득 환수""…대선 쟁점 되나? (2021.04.29/뉴스데스크/MBC)",2021-04-29,달과자,이재명은 한다 ...,2021-05-01,MBCNEWS,379,17,4
"이재명·심상정 ""부동산 불로소득 환수""…대선 쟁점 되나? (2021.04.29/뉴스데스크/MBC)",2021-04-29,임호현,헨리조지가 옳았다,2021-05-01,MBCNEWS,379,17,0
"이재명·심상정 ""부동산 불로소득 환수""…대선 쟁점 되나? (2021.04.29/뉴스데스크/MBC)",2021-04-29,베짱이,"이재명 공약 공정한 세상 (낭비없는 세금행정)멀쩡한 보도블록 안깨고, 체납액 1조 징수 '실탄' 확보한 재난기본소득'▶경기도 ""낭비줄이고, 체납액징수하고, 재난기금 활용""빚을 지지 않고도 1차, 2차 재난지원소득 약 2조7000억 원(1차 1조3000억 원, 2차 1조4000억 원)을 마련한 것과 관련해경기도는 애초에 ""증세권한이 없는 지방정부""의 상황에서 재정의 효율적 운영이 주요 ▶멀쩡한 보도블록 안바꾸고, 1조 넘게 '체납액 징수'로 '실탄' 마련- 2018년부터 현재까지 행정력을 동원해 악성 체납액 징수에 집중해 1조2000억원 이상을 마련한것이 도움- '멀쩡한 보도블록 교체' 등 예산낭비 사업을 줄인 것도 효과를 봤다. ""이 지사는 성남시장 시절 이재명표 3대복지정책인  ""청년배당,무상교복, 산후조리비 지원 등을 추진할때  겨울에 꽃배추 심지 않기, 비싼 소나무심지 않기, 예산낭비 보도블럭공사 전면중지, 효율적 도로 보수,공공건물 신축 않기, 등 불요불급한 예산의 절감은물론, 강력한 체납액 징수 정책을 추진해 재원을 마련했다. 이재명 지사는 지난 1일 ""이미 정해진 세금을 보도블럭 교체에 쓸 것인지, 도로포장 같은 불요불급한예산을 아끼고 모아 시민들에게 지역화폐로 지급해가계소득 지원과 소상공인 매출 지원으로 지역경제살릴지는 지방정부와 주민들이 결정할 문제""라고 강조한 바 있다 이재명 경기도지사 유튭입니다 500개이상의실무자와의 생방 정책토론 확인하세요 생방송 참여  체팅이나 유튭영상에 댓글로 좋은 제안이나 제도 개선 올리시면 확인 하고 경기도지사의 권한으로 할수있는 제안은  행정과 정책에 반영됩니다",2021-05-08,MBCNEWS,379,17,0
"이재명·심상정 ""부동산 불로소득 환수""…대선 쟁점 되나? (2021.04.29/뉴스데스크/MBC)",2021-04-29,GUT ZZA,역쉬 이재명  이재명 가자,2021-05-01,MBCNEWS,379,17,5
"이재명·심상정 ""부동산 불로소득 환수""…대선 쟁점 되나? (2021.04.29/뉴스데스크/MBC)",2021-04-29,신적폐청산,LH직원투기형태를 막아야지 월급쟁이 소앙공인이 열심히 노력해서 벌어 좋은집 한채사도 죄가 됩니까?열심히노력한 결과와 절약해서 모은  재산은 허용 해야지요.,2021-05-01,MBCNEWS,379,17,0
"이재명·심상정 ""부동산 불로소득 환수""…대선 쟁점 되나? (2021.04.29/뉴스데스크/MBC)",2021-04-29,싸울애비Microsoft,즈엉이당 극혐 ㅡㅠ ㅡㅡ,2021-05-01,MBCNEWS,379,17,0
"이재명·심상정 ""부동산 불로소득 환수""…대선 쟁점 되나? (2021.04.29/뉴스데스크/MBC)",2021-04-29,권기욱,서울에  나라가 만들고 국가가 운영하는 십년동안 안오르는  삼십층짜리  절대 사고팔수없는  절대전세   그거  백동 강남에 지으면 강남전세 나가리된다 .전국아파트도 이런식으로 잡아라 .절대전세.사고팔수없는 십년교대절대전세많이지으면 끝난다.,2021-05-01,MBCNEWS,379,17,1
"이재명·심상정 ""부동산 불로소득 환수""…대선 쟁점 되나? (2021.04.29/뉴스데스크/MBC)",2021-04-29,김기호,보수라고 하는 분들이 그렇게 지지하는 윤석열 전 검찰 총장이 읽었다던 선택할 자유의 저자 밀턴 프리드먼 역시  토지세 만큼은(참고로 기본소득 역시 이사람이 가장 먼저 주장....)부정적이지 않았다던데 ㅎㅎ 누가 되었던 투기자본은 종말을 고하겠군요 ~~,2021-05-01,MBCNEWS,379,17,0
"이재명·심상정 ""부동산 불로소득 환수""…대선 쟁점 되나? (2021.04.29/뉴스데스크/MBC)",2021-04-29,인진성,"이재명이 선거쟁점, 민심을  선점 했다.",2021-05-01,MBCNEWS,379,17,27
"이재명·심상정 ""부동산 불로소득 환수""…대선 쟁점 되나? (2021.04.29/뉴스데스크/MBC)",2021-04-29,mr min,토지공개념이 우선하는 거지. 토지나 부동산으로의 불로소득은 전무하도록 만들어야함. 절대 부동산으로 돈 벌 수 없다는 경험을 하도록 해야됨.,2021-05-01,MBCNEWS,379,17,1
"이재명·심상정 ""부동산 불로소득 환수""…대선 쟁점 되나? (2021.04.29/뉴스데스크/MBC)",2021-04-29,포키,주거안정을 목적으로 세운LH가 저꼴인데 세금 조금올린다고 투기가 없어질까요? 도시계획내부자료를 이용해 일부 은행(농협)과도 짜서 투기를 벌인 악질들임처벌을 둘째치고 투기한사람들도 못 잡고있는마당에 세금조금올리는걸로 무슨 기대를합니까...,2021-05-01,MBCNEWS,379,17,0
"이재명·심상정 ""부동산 불로소득 환수""…대선 쟁점 되나? (2021.04.29/뉴스데스크/MBC)",2021-04-29,배성,정신병자들인가 ㅋㅋㅋㅋㅋㅋㅋㅋㅋㅋㅋㅋㅋㅋ,2021-05-01,MBCNEWS,379,17,3
"이재명·심상정 ""부동산 불로소득 환수""…대선 쟁점 되나? (2021.04.29/뉴스데스크/MBC)",2021-04-29,무무,이재명님 심상정님 화이팅입니다!,2021-05-01,MBCNEWS,379,17,10
"이재명·심상정 ""부동산 불로소득 환수""…대선 쟁점 되나? (2021.04.29/뉴스데스크/MBC)",2021-04-29,chi hoon Han,저건 살짝 선 넘는거같은데,2021-05-01,MBCNEWS,379,17,2
"이재명·심상정 ""부동산 불로소득 환수""…대선 쟁점 되나? (2021.04.29/뉴스데스크/MBC)",2021-04-29,대깨문보면짖는개 월월,문재인 사위도 몰수할수있냐?일개 직원들거 보여주기 식으로 하고 덮을거면 말을 하지마 ㅋㅋ,2021-05-01,MBCNEWS,379,17,1
"이재명·심상정 ""부동산 불로소득 환수""…대선 쟁점 되나? (2021.04.29/뉴스데스크/MBC)",2021-04-29,Ray Cas,김부선열사가 나설때가 다가오고 있구나!,2021-05-01,MBCNEWS,379,17,1
"이재명·심상정 ""부동산 불로소득 환수""…대선 쟁점 되나? (2021.04.29/뉴스데스크/MBC)",2021-04-29,Sbkcbtj Cbm,이재명  역시시윈하다 20청년 에게 사이다,2021-05-01,MBCNEWS,379,17,5
"이재명·심상정 ""부동산 불로소득 환수""…대선 쟁점 되나? (2021.04.29/뉴스데스크/MBC)",2021-04-29,hanator,그냥 개인이든 기업이든 보유기간에 따라 양도세를 물리면 되는거 아닌가? 개발지 선정일 기준으로6개월 이하 수익의 100퍼 1년이하 90퍼 3년이하 80퍼 5년이하 70퍼 걸어두면 아무도 투기 안 하지,2021-05-01,MBCNEWS,379,17,1
"이재명·심상정 ""부동산 불로소득 환수""…대선 쟁점 되나? (2021.04.29/뉴스데스크/MBC)",2021-04-29,이명호,중국인이나 쫓아내.,2021-05-09,MBCNEWS,379,17,0
"이재명·심상정 ""부동산 불로소득 환수""…대선 쟁점 되나? (2021.04.29/뉴스데스크/MBC)",2021-04-29,권기욱,서울강남에  사고팔수없는 절대전세  백층짜리   백동천동 지어라 .거품 십억 확빠진다 .경기도에 백층짜리  백동  열개구역에  바둑판처럼  만들면 십억씩 서울아파트 내린다 .그러면서울주민 아파트가격내린다고 죽자살자  반대하겠지.,2021-05-01,MBCNEWS,379,17,1
"이재명·심상정 ""부동산 불로소득 환수""…대선 쟁점 되나? (2021.04.29/뉴스데스크/MBC)",2021-04-29,최병철,드디어 공산국가가 되어가는구나,2021-05-01,MBCNEWS,379,17,1
"이재명·심상정 ""부동산 불로소득 환수""…대선 쟁점 되나? (2021.04.29/뉴스데스크/MBC)",2021-04-29,반복되는 역사,사회주의 좌파의 부동산 정책과 왕조시대 부동산의 차이점,2021-05-01,MBCNEWS,379,17,0
"이재명·심상정 ""부동산 불로소득 환수""…대선 쟁점 되나? (2021.04.29/뉴스데스크/MBC)",2021-04-29,박명기,정의없는 정의당은 사라져라,2021-05-01,MBCNEWS,379,17,6
"이재명·심상정 ""부동산 불로소득 환수""…대선 쟁점 되나? (2021.04.29/뉴스데스크/MBC)",2021-04-29,김승준,가난한좌파애들이 많으니 부자들이자기돈으로 집여러채사는게투기라생각하는 좌파들능지이러니이재명이인기있지이나라의수준이사회주의전체주의파시즘이다.,2021-05-01,MBCNEWS,379,17,2
"이재명·심상정 ""부동산 불로소득 환수""…대선 쟁점 되나? (2021.04.29/뉴스데스크/MBC)",2021-04-29,김라떼,이지사님~ 응원합니다~!,2021-05-01,MBCNEWS,379,17,3
"이재명·심상정 ""부동산 불로소득 환수""…대선 쟁점 되나? (2021.04.29/뉴스데스크/MBC)",2021-04-29,김월순,심상정 가족들과 현대 자동차 부품사 연관성 조사해보자.이재명이는 돈 없냐?,2021-05-01,MBCNEWS,379,17,0
"이재명·심상정 ""부동산 불로소득 환수""…대선 쟁점 되나? (2021.04.29/뉴스데스크/MBC)",2021-04-29,MOONSTER,이걸로 서민들은 사다리 끊겼음.,2021-05-01,MBCNEWS,379,17,6
"이재명·심상정 ""부동산 불로소득 환수""…대선 쟁점 되나? (2021.04.29/뉴스데스크/MBC)",2021-04-29,ghkdqh ehrrh,좁은땅에 젊은이들의 희망을꺽는 부동산투기 잡지못하면 대한민국은 망하는길 뿐이다,2021-05-01,MBCNEWS,379,17,2
"이재명·심상정 ""부동산 불로소득 환수""…대선 쟁점 되나? (2021.04.29/뉴스데스크/MBC)",2021-04-29,최병철,그럴줄 알았다 기본세줄려면 누군가는 삥뜯기 해여한다 이재명이 말하는 기본세는 소수한테 삥뜯어서 다수한테 나눠주자고 하는것이지,2021-05-01,MBCNEWS,379,17,0
"이재명·심상정 ""부동산 불로소득 환수""…대선 쟁점 되나? (2021.04.29/뉴스데스크/MBC)",2021-04-29,김KIM,잘 한다. 이재명..대선 꼭 나와라...,2021-05-01,MBCNEWS,379,17,3
"이재명·심상정 ""부동산 불로소득 환수""…대선 쟁점 되나? (2021.04.29/뉴스데스크/MBC)",2021-04-29,유건,이재명 화이팅!!!! 홍남기 적폐세력과 이낙연그리고 나머지 민주당 적폐 세력들을 처단하자!!,2021-05-08,MBCNEWS,379,17,0
"이재명·심상정 ""부동산 불로소득 환수""…대선 쟁점 되나? (2021.04.29/뉴스데스크/MBC)",2021-04-29,연승메이커,부동산에 공동체 개념을 조금 더해야 한다.,2021-05-01,MBCNEWS,379,17,2
"이재명·심상정 ""부동산 불로소득 환수""…대선 쟁점 되나? (2021.04.29/뉴스데스크/MBC)",2021-04-29,냥칫솔,엘에이치 여가부 국회의원 개선만 하면,2021-05-01,MBCNEWS,379,17,0
"이재명·심상정 ""부동산 불로소득 환수""…대선 쟁점 되나? (2021.04.29/뉴스데스크/MBC)",2021-04-29,K수,이재명 응원합니다.,2021-05-01,MBCNEWS,379,17,17
"이재명·심상정 ""부동산 불로소득 환수""…대선 쟁점 되나? (2021.04.29/뉴스데스크/MBC)",2021-04-29,김민재,기본소득 참 좋아하네.  사회주의로 조금씩 가자는건가. 하긴 여당에서 180석 되고 난 후 헌번에 명시된 '자유' 라는 단어 빼자고 했었으니까...,2021-05-01,MBCNEWS,379,17,0
"이재명·심상정 ""부동산 불로소득 환수""…대선 쟁점 되나? (2021.04.29/뉴스데스크/MBC)",2021-04-29,김태용,사고는 공무원들이 치고.. 모든땅에 보유세를 매겨서 자유시장경제를 흔들려고하지?  그러지말고 니들재산이나 국가에 헌납해라.,2021-05-01,MBCNEWS,379,17,4
"이재명·심상정 ""부동산 불로소득 환수""…대선 쟁점 되나? (2021.04.29/뉴스데스크/MBC)",2021-04-29,김용주,이재명은  하면 한다역시 심상정의원  좋아요보수는뭔 보수냐지들  호주머니 채우는 게보수지,2021-05-01,MBCNEWS,379,17,1
"이재명·심상정 ""부동산 불로소득 환수""…대선 쟁점 되나? (2021.04.29/뉴스데스크/MBC)",2021-04-29,지이멜0맨,나도 보수지만 이재명이 확실히 눈에 띄는구만,2021-05-01,MBCNEWS,379,17,3
"이재명·심상정 ""부동산 불로소득 환수""…대선 쟁점 되나? (2021.04.29/뉴스데스크/MBC)",2021-04-29,김두영,"저같이 전월,세  사는사람은 부동산규제하면 전,월세 폭등하고 서민 다죽어요규제하면  오히려  더오른다는걸  왜?.몰라요 정치부동산으로  재미좀  보셧나요?조금만  공부해보면  알거에요  종부세  양도세  올리면  우리같은  서민만죽어요  부자들은  끄떡없고서민들은  서울에  집사기  거의  불가능해집니다. 정치 포플리즘  그만좀하세요",2021-05-01,MBCNEWS,379,17,2
"이재명·심상정 ""부동산 불로소득 환수""…대선 쟁점 되나? (2021.04.29/뉴스데스크/MBC)",2021-04-29,80만원으로1억만들기,레드준표뽑아라 저둘 좌빨들은 끝까지 기나오네,2021-05-01,MBCNEWS,379,17,0
"이재명·심상정 ""부동산 불로소득 환수""…대선 쟁점 되나? (2021.04.29/뉴스데스크/MBC)",2021-04-29,원빈,대선 별거없다.탈페미선언하고 여가부폐지공약걸면 지지율떡상한다. 부동산정책??그딴 지키지도못할 애메한개소리ㅋㅋ,2021-05-01,MBCNEWS,379,17,0
"이재명·심상정 ""부동산 불로소득 환수""…대선 쟁점 되나? (2021.04.29/뉴스데스크/MBC)",2021-04-29,오수중,"1가구 1주택자는 불로소득을 취한바 없다 두채이상자,    그리고 일반 토지 취득자도 불로소득자가 아님. 개발 정보로 땅 매입한 자, 그런 인간들에겐 이익환수와 엄청난 벌금도 함께 처분해야 한다, 토지 공개념제는 경제자유 파괴로 절대 반대",2021-05-01,MBCNEWS,379,17,5
"이재명·심상정 ""부동산 불로소득 환수""…대선 쟁점 되나? (2021.04.29/뉴스데스크/MBC)",2021-04-29,Mr. Kim,그저 세금이라면 눈이 뻘개요 니들이 좀벌어서 나라에 기부좀해봐라,2021-05-01,MBCNEWS,379,17,0
"이재명·심상정 ""부동산 불로소득 환수""…대선 쟁점 되나? (2021.04.29/뉴스데스크/MBC)",2021-04-29,Km K,투표는 도장 꽝~꽝 다찍어서 무효표~왜 국개원하고 개통령 필요 없어니간~무효표가 답이다,2021-05-01,MBCNEWS,379,17,0
"이재명·심상정 ""부동산 불로소득 환수""…대선 쟁점 되나? (2021.04.29/뉴스데스크/MBC)",2021-04-29,리설주,공산당이네.  자유민주주의 국가에서 저러는게 말이 되나? 헌법 바꿔라 공산주의 국가로. 그다음 하면 되잖아,2021-05-01,MBCNEWS,379,17,2
"이재명·심상정 ""부동산 불로소득 환수""…대선 쟁점 되나? (2021.04.29/뉴스데스크/MBC)",2021-04-29,A CE,"아~나도 결혼한 총각 사칭한 이재명 경기도 지사  처럼 여자배우랑 무상연예 하고 싶다. 무상연애는 노동착취,성상납 아닌가요? 이재명이 대통령 되면 조선8도 여자는 무상연예를 위해 청와대 궁녀로 입궁해야 하나요? 김부선보다 가슴싸이즈 작은여자는 무상연예 면제 됩니까? 이죄명 당선 되면 어명에  마리아 김부선 사약을 받아야되유",2021-05-01,MBCNEWS,379,17,1
"이재명·심상정 ""부동산 불로소득 환수""…대선 쟁점 되나? (2021.04.29/뉴스데스크/MBC)",2021-04-29,Jinho Moon,"부동산 불로소득 환수, 이것 하나만으로도 나는 그들을 지지할 것입니다. 망국으로 가는 길을 차단하여 우리나라가 함께 더 잘 살 수 있는 미래를 만들 수 있다고 확신하기 때문입니다.",2021-05-01,MBCNEWS,379,17,5
"이재명·심상정 ""부동산 불로소득 환수""…대선 쟁점 되나? (2021.04.29/뉴스데스크/MBC)",2021-04-29,센먀락,기본 소득은 불로소득 아니냐? 존나 웃긴 모순이네ㅋㅋㅋㅋ역시 공산주의는 모순이 없으면 섭섭하지,2021-05-01,MBCNEWS,379,17,0
"이재명·심상정 ""부동산 불로소득 환수""…대선 쟁점 되나? (2021.04.29/뉴스데스크/MBC)",2021-04-29,아름다운세상,"심상정 역겁다, 토 나온다",2021-05-01,MBCNEWS,379,17,2
"이재명·심상정 ""부동산 불로소득 환수""…대선 쟁점 되나? (2021.04.29/뉴스데스크/MBC)",2021-04-29,MJ J,어떻게 토지가 모두의 재산인가??? 인간이 유사이래 그런적이 있기는한가... 투기와 투자정도는 구분해서 가이드를 제시하고 그안에서 플레이가 이루어지게해야지...뭐만하면 다없애고 이상한거 만들고 자본주의 국가에서 국가가 개인의 자산에 너무 관여가 심하단 생각밖에 안듬...공직자 공무원 국회의원이 가진 모든 부동산부터 산가격에 매도해라 그럼 인정할테니...,2021-05-01,MBCNEWS,379,17,1
"이재명·심상정 ""부동산 불로소득 환수""…대선 쟁점 되나? (2021.04.29/뉴스데스크/MBC)",2021-04-29,이억이점오오천만년,부동산 가진 소수 사람들이야 이재명이 대통령 되면 빨갱이 천국 된다고 호들갑 떨지만 실질적으로 불로소득이 노동소득의 가치를 저해하면 부익부빈익빈이 가속화 되고 중산층이 사라져서 사회 인프라 투자 가치가 떨어져 점차 축소되어 가다가 결국에는 부자들도 못 살고 떠나는 낙후된 동네가 되는 것이다.중국의 부동산 버블붕괴와 만연화된 분식회계 문제가 터지기 전에 대한민국 부동산 문제는 반드시 해결해야 한다.,2021-05-01,MBCNEWS,379,17,0
"이재명·심상정 ""부동산 불로소득 환수""…대선 쟁점 되나? (2021.04.29/뉴스데스크/MBC)",2021-04-29,g.y richard kim,한국은  친일 보수우파 때문에  발전이  더디지.. 저들은  한국이 발전 하는것을  싫어하거든  일본 이 조국이니까...,2021-05-01,MBCNEWS,379,17,1
"이재명·심상정 ""부동산 불로소득 환수""…대선 쟁점 되나? (2021.04.29/뉴스데스크/MBC)",2021-04-29,배창규,"자본주의라는게 정당한 방법으로 부와 소득을 얻으면 그걸 권리로서 인정한다는거지, 수단방법 안 가리고 개인의 욕망을 끝없이 채우는걸 허용하는게 아니다. 자본주의의 뼈대를 세운 학자들도 지나친 불로소득의 탐욕에 대해선 경계하고 경고했다. 자신들의 탐욕을 자본주의라는 그럴듯한 포장지로 정당화하려고 드는 인간들이 많은데, 자본주의도 정도껏이지 불로소득과 탐욕이 너무 지나치면 그거 통제한다. 그런거 그냥 냅두면 사회공동체가 불안해지고 경제가 망가지기 시작하기 때문이지.",2021-05-01,MBCNEWS,379,17,3
"이재명·심상정 ""부동산 불로소득 환수""…대선 쟁점 되나? (2021.04.29/뉴스데스크/MBC)",2021-04-29,내 생각이 틀릴 수도 있지,그런데 개인이 재산을 축적하는 걸 막는 게 자본주의 사회에서 말이 되는 걸까?,2021-05-01,MBCNEWS,379,17,6
"이재명·심상정 ""부동산 불로소득 환수""…대선 쟁점 되나? (2021.04.29/뉴스데스크/MBC)",2021-04-29,지산심해,불로소득세 거두어서 국민에게 효율적으로 지급하자는 말이 잘못된건가 말그대로 국민전체가세금잘내고 그세금돌려받아 잘먹고 잘살자는대 그게 민주주의 식 선진복지국가 아닌가,2021-05-01,MBCNEWS,379,17,2
"이재명·심상정 ""부동산 불로소득 환수""…대선 쟁점 되나? (2021.04.29/뉴스데스크/MBC)",2021-04-29,H,점점 사회주의가 되어 가는거 같네,2021-05-01,MBCNEWS,379,17,8
"이재명·심상정 ""부동산 불로소득 환수""…대선 쟁점 되나? (2021.04.29/뉴스데스크/MBC)",2021-04-29,YT Jung,참내... ㅋㅋㅋ 깨끗한척이나 하지 말던가.ㅋㅋㅋㅋㅋㅋ,2021-05-01,MBCNEWS,379,17,2
"이재명·심상정 ""부동산 불로소득 환수""…대선 쟁점 되나? (2021.04.29/뉴스데스크/MBC)",2021-04-29,10 player,"이재명이 외치는게 공산주의랑 다른점이 뭐냐. 공산주의의는 부의 재생산을 이뤄낼 수 있는 개인의 생산수단의 사유화를 금지하는거다. 근데 지금 우리가 살아가고 있는 현대 사회는 모든 생산수단은 결국 자본으로 환원할 수 있다. 그 자본을 통해서 획득하는 소득이 이재명이 표현하는 '불로소득'인거다. 자, 근데 불로소득 우위를 타파한다? 여러가지 방법이야 있겠지만 결국 세금, 이율 조정 등을 통해서 사람들이 자본 소득을 취득하지 못 하는 방향으로 갈거다. 상상이 되는가 불로소득이 불가능할 만큼 높은 세금과 또 금융혜택을 박탈하는게 눈에 그려지는데 이걸 찬성한다고? 중산층은 버리겠다는 소리지. 그리고 높은 세금으로 인해서 계층간의 사다리는 아예 없어질거다. 빈곤층도 그 여파를 피해갈 수는 없을거다. 지금도 부동산 세금 올라가니까 어떻게 됬지? 진짜 부자들은 끄떡없고 전세 사는 사람만 죽어나가지. 그렇게 욕하던 이명박, 박근혜때 오른 집값이랑 문정부때 오른 집값이랑 한번 비교해봐라. 진짜 이재명 옹호하는 사람들 진짜 미친 사람들인가 북한에서 살다왔나 진짜 이해가 안된다.",2021-05-08,MBCNEWS,379,17,1
"이재명·심상정 ""부동산 불로소득 환수""…대선 쟁점 되나? (2021.04.29/뉴스데스크/MBC)",2021-04-29,천재소년,대깨문들아 너네 진짜 미친거냐. 이러면 북한이랑 다른게 뭐냐. 부동산 투자 공부해서 돈 번게 도대체 뭐가 문제냐. 투자자도 리스크를 안고 투자하는건데 그에 상응하는 이득을 취하는건 당연한거 아니냐. 진짜 대한민국이 공산당이 되어간다 정신병자 놈들 때문에.,2021-05-01,MBCNEWS,379,17,2
"이재명·심상정 ""부동산 불로소득 환수""…대선 쟁점 되나? (2021.04.29/뉴스데스크/MBC)",2021-04-29,소리진실,이재명은 중국 공산당의 사람. 명절때마다 중국 TV에서 중국인들에게 인사드려야 하는 자.,2021-05-01,MBCNEWS,379,17,1
"이재명·심상정 ""부동산 불로소득 환수""…대선 쟁점 되나? (2021.04.29/뉴스데스크/MBC)",2021-04-29,5dol song,불로소득을 없애자고? 공산주의로 가자는건가? 그리고 자꾸 돈좀 그만 뿌려라 돈을 벌 수 있는 양질의 일자리를 달랬지 누가 나랏돈 먹고 살고 싶다냐?,2021-05-01,MBCNEWS,379,17,2
"이재명·심상정 ""부동산 불로소득 환수""…대선 쟁점 되나? (2021.04.29/뉴스데스크/MBC)",2021-04-29,yogayoga oehe,이들이 하는 모든 정책은 왜 죄다 서민을 괴롭히는 부메랑으로 돌아오는 걸까?    과연 이들은 서민들이 잘살기 바라기는 하는걸까?   공정과 평등을 입에 매달고..  시장에 역행하는 모든 정책을 막가파식으로 밀어부쳐 결국은 서민을 가난의 굴레에 벼락맞게 하는 저들.... 대체..정체가 뭘까 ?   순기능 보다는 역기능으로  양극화 심화시키고 계층간 불화를 조장해서  권력이라는 알량한 이득을 취하는 좀벌레같은 저들...,2021-05-01,MBCNEWS,379,17,3
"이재명·심상정 ""부동산 불로소득 환수""…대선 쟁점 되나? (2021.04.29/뉴스데스크/MBC)",2021-04-29,Myeng Pak Lee,공산주의로 가는 나라. 빨리 탄핵하고 전 대통령님들 사면해서 나라다운 나라 만들자,2021-05-01,MBCNEWS,379,17,0
"이재명·심상정 ""부동산 불로소득 환수""…대선 쟁점 되나? (2021.04.29/뉴스데스크/MBC)",2021-04-29,서묘숙,"이 뉴스에자칭보수 타칭극우""이재명 빨갱이다""",2021-05-01,MBCNEWS,379,17,4
대선후보 특집 심상정 님 [정치],2021-03-08,황마담_무지개당,"저는 진보당 대선후보를 뽑을지 싶습니다. 솔직히 이정희 통합진보당 대선후보시절 그 모습을 떠오르는데, 이정희 전 대표님 아니어도 그를 이을 진보당 대선후보님으로 나왔음 좋겠습니다. 심상정님 찍었으니, 진보당 분들 투표할겁니다",2021-03-16,장도방송,17,1,2
