﻿제목,날짜,작성자,작성일,댓글
[정참시] '미미한' 이재명?…'우려봇' 이낙연?,2021-05-11 21:01:00,김명*,2021-05-12 14:29:07,"차기대통령은 이낙연이다. 오직 이낙연
품격의정치! 어떠한 경우라도 막말하는 대통령은 원하지도 바라지도 않는다.
오직 이낙연만을 적극 지지하고 응원합니다."
[정참시] '미미한' 이재명?…'우려봇' 이낙연?,2021-05-11 21:01:00,김*,2021-05-12 14:14:09,"우리의 선택은 이낙연뿐*
이재명지사와 비교불가~
내삶을 지켜주는 나라
이낙연이 함께합니다"
부동산으로 번진 신경전…대선 후보급 세 과시,2021-05-11 20:49:00,박봉*,2021-05-11 22:18:15,우물안 개구리들에합창..포플리즘삼총사..대한민국국민들이바보냐?
'대선 출마' 이낙연 당 대표 사퇴…이재명은 응원,2021-03-10 07:16:00,777457*,2021-04-12 20:07:37,나견이가 홀라당 말아 먹고 가는구나 에혀라 디여~~~~
'대선 출마' 이낙연 당 대표 사퇴…이재명은 응원,2021-03-10 07:16:00,2944717*,2021-03-11 11:20:52,국짐 자체를 시러함 윤내세워 LH사태처럼 땅투기 나 하려는 쥐세끼집단!
'대선 출마' 이낙연 당 대표 사퇴…이재명은 응원,2021-03-10 07:16:00,조정*,2021-03-10 11:18:20,문재인 정부 기간 동안 야당은 바닥으로 추락한 당 지지율 끌어올리겠다고 여당 발목 잡고 예나 지금이나 다름이 없는 네거티브 전략만 고수했지 정작 대선후보들 준비는 하고 있었냐. 이제 1년밖에 남질 않았는데 도대체 어떤 인물이 나올 수 있을까. 야당에 인물이 없으니 윤석열만 죄다 빨고 있는거 아냐. 윤석열이 야당 인물이냐? 윤석열이 집권하면 니네 뜻대로 조종할 수 있을 것 같냐? 아니올시다. 구김당은 예나 지금이나 헛다리 짚고 헛발질 하는 건 변함이 없다. 그러니 국민들에게 신뢰를 못 주지.
'대선 출마' 이낙연 당 대표 사퇴…이재명은 응원,2021-03-10 07:16:00,강형*,2021-03-10 09:59:59,그네 나오게 할까봐 안찍을란다.
'대선 출마' 이낙연 당 대표 사퇴…이재명은 응원,2021-03-10 07:16:00,정두*,2021-03-10 09:52:50,"이런 무능한 놈이 대선주자라구? 참 한심한 놈들이 감히 무능한 주제에 나라를 이끌겠다고 서로 쓰레기들끼리 뭉쳐서 이익을 나눠먹으려고?? 정권을 구더기똥당에 넘기는 것은 상상도 하기 싫지만, 이런 무능한 놈이 나라를 이끌게 된다면 그 또한 끔찍하다 이 잡놈아."
"이낙연, 경선연기론에 ""당이 빠른 시일내에 정리해야""",2021-05-10 09:58:00,3495780*,2021-05-10 11:02:47,"윤석열·김정숙·문재인이 박원순 살해 혐의로 입건돼 범죄 피의자가 됐다

박원순 사인은 전신이 허공에 매달린 질식사(목 졸림)다 이때 심장 박동이 정지되면 중력 작용으로 혈액이 몸 아래쪽 모세혈관 내로 침강하면서 자줏빛 반점이 시체의 손끝 발끝 다리 아래쪽에 생긴다 그러나 시신에는 반점이 뒷덜미 허리 등 허벅지에 나타나 있다 즉 타살된 뒤 옮겨진 것이다
https://blog.naver.com/cnamsung/222170443857"
차기 대선주자 선호도 윤석열 32%·이재명 23.8%·이낙연 9.0%,2021-05-03 09:46:00,박현*,2021-05-10 19:55:20,윤석렬은 굴곡이 심하네... 그에 비해 이재명은 꾸준히 상위권이고. 2500명 조사는 어느 지역에 치중하느냐에 따라 많은 차이를 보일 텐데. 그리고 여론조사라며 전화 오는데 그게 받아주는 사람 이제 거의 없다. 40대인 나도 그냥 끊는다. 그거 받아서 조사 참여하는 연령층 알만 하지? 정작 투표하면 저건 무조건 이재명 당선이야...
차기 대선주자 선호도 윤석열 32%·이재명 23.8%·이낙연 9.0%,2021-05-03 09:46:00,강영*,2021-05-04 16:55:08,윤석렬이는 장모 마누라 사기사건 무마로 감빵가야 할것 같은데..
차기 대선주자 선호도 윤석열 32%·이재명 23.8%·이낙연 9.0%,2021-05-03 09:46:00,이현*,2021-05-04 11:53:52,"윤석렬 대선판에서 처가 가족들 비리 까발려지겠구나

의혹이네 수사중이네 무혐의네 그런건 의미없다

검찰때 니들이 하던 언플로 한번 당해봐라

대선 끝까지 완주하길 간절히 소망한다"
차기 대선주자 선호도 윤석열 32%·이재명 23.8%·이낙연 9.0%,2021-05-03 09:46:00,3495780*,2021-05-03 18:36:22,"윤석열·김정숙·문재인이 박원순 살해 혐의로 입건돼 범죄 피의자가 됐다

박원순 사인은 전신이 허공에 매달린 질식사(목 졸림)다 이때 심장 박동이 정지되면 중력 작용으로 혈액이 몸 아래쪽 모세혈관 내로 침강하면서 자줏빛 반점이 시체의 손끝 발끝 다리 아래쪽에 생긴다 그러나 시신에는 반점이 뒷덜미 허리 등 허벅지에 나타나 있다 즉 타살된 뒤 옮겨진 것이다
https://blog.naver.com/cnamsung/222170443857"
차기 대선주자 선호도 윤석열 32%·이재명 23.8%·이낙연 9.0%,2021-05-03 09:46:00,박현*,2021-05-10 19:56:25,멍멍?
차기 대선주자 선호도 윤석열 32%·이재명 23.8%·이낙연 9.0%,2021-05-03 09:46:00,한은*,2021-05-11 01:30:31,"태극기 부대 대원이신거 같은데 선은 지키세요.
너무 흉합니다. 부끄러운줄 아세요."
차기 대선주자 선호도 윤석열 32%·이재명 23.8%·이낙연 9.0%,2021-05-03 09:46:00,전경*,2021-05-03 15:34:01,결혼전이라고 치자 공모를 같이 했다고 트집잡는것도 아니고 제대로 수사를 해달라는 얘기 그럼 떳떳하잖아
"이낙연 ""문재인 정부 못한 것, 새롭게 할 책임 제게 있어""",2021-05-08 18:13:00,이동*,2021-05-09 10:35:47,매번 느끼지만 평소에 잘해라.... 정권 바뀔 때마다 광주 5 18 민주화 묘역(?)가서 참배 하는것도 식상하다
"[한국갤럽] ""대선주자 선호도 이재명 25%, 윤석열 22%""",2021-05-07 11:17:00,3495780*,2021-05-07 19:32:50,"윤석열·김정숙·문재인이 박원순 살해 혐의로 입건돼 범죄 피의자가 됐다

박원순 사인은 전신이 허공에 매달린 질식사(목 졸림)다 이때 심장 박동이 정지되면 중력 작용으로 혈액이 몸 아래쪽 모세혈관 내로 침강하면서 자줏빛 반점이 시체의 손끝 발끝 다리 아래쪽에 생긴다 그러나 시신에는 반점이 뒷덜미 허리 등 허벅지에 나타나 있다 즉 타살된 뒤 옮겨진 것이다
https://blog.naver.com/cnamsung/222170443857"
"[한국갤럽] ""대선주자 선호도 이재명 25%, 윤석열 22%""",2021-05-07 11:17:00,최재*,2021-05-07 12:14:51,영부인 후보 선호도는 없나? 쥴리가 몇 등인고?
"""차기 대선 후보 적합도 윤석열 31.2%, 이재명 24.1%"" [KSOI]",2021-04-26 10:33:00,프라*,2021-04-28 07:49:55,"대깨문들 대갈이좀 깨져보니 이제는 이재명이냐?
모르면 좀 처물고 살어
니네들 땜에 나라 말아 처먹기 일보직전이야"
"""차기 대선 후보 적합도 윤석열 31.2%, 이재명 24.1%"" [KSOI]",2021-04-26 10:33:00,명기.*,2021-04-26 16:02:45,이재명이답이다~~문재앙은각성해라~~
"""차기 대선 후보 적합도 윤석열 31.2%, 이재명 24.1%"" [KSOI]",2021-04-26 10:33:00,명기.*,2021-04-26 15:58:11,윤석렬???말도않되는걸 언론플레이나하고 이재명이답이다~~문재앙정신차려라~~
"""차기 대선 후보 적합도 윤석열 31.2%, 이재명 24.1%"" [KSOI]",2021-04-26 10:33:00,서정*,2021-04-26 15:17:15,"야당 자투래기 다 합치면 46%

여당 합치면 40%가 안되네..

설마 했는데, 짜장이 왕이될 상인가?

짜장 대통령되면... 이민가야지... 병신들이 득세하는 나라.."
"""차기 대선 후보 적합도 윤석열 31.2%, 이재명 24.1%"" [KSOI]",2021-04-26 10:33:00,김병*,2021-04-26 13:40:32,"ㅋㅋ 놀고들 있네.. 이노무 언론.. 빨리 잡아야 하는데..
윤석열이 대권을 잡으면 박,전.. 전혀 뒤지지않는 탄압 거시기가 될거다..
절대 안된다.. 장난치지마라"
'경선 연기론' 충돌…'도로 영남당'에 첫 일정 호남,2021-05-07 20:22:00,박석*,2021-05-08 07:51:11,"잘하고 있습니다...그리고 민주당,어제 기사에 광주사태때 광주 내려갔다는 탈북민 완전 거짓말이던데 그것도 문제 삼지 않을거냐?그것마저 손놓고 수수방관하는 식물정당 될거냐?그럼 니들은 구쾌의원에 불과하다.
참이 거짓에게 지는 현상을 바라보는 송영길 당대는 뭣하고 있는건지 ...기러기 아빠 들먹이지 말고 그런것에 대한 확실한 의견을 표해야 하는것 아냐?그동안 보였던 민주화에 대한 의견이 다 거짓인 의원이였나?언론개혁에 대한 과감한 손질을 해야 맞는것 아냐?"
'경선 연기론' 충돌…'도로 영남당'에 첫 일정 호남,2021-05-07 20:22:00,ibpi9sn5t*,2021-05-08 06:32:43,"전재수는 쓸데 없는 소리 말고 국민 여론을 따르라.
민형배 말을 세겨 듣고 냉수나 여덟 사발 들이키고 자숙하삼.
중2급 자아과잉 수준이네."
'경선 연기론' 충돌…'도로 영남당'에 첫 일정 호남,2021-05-07 20:22:00,박선*,2021-05-08 05:49:08,"유튜브에서 131270thebest를 검색 시청하시면 신의 존재증명,천국과 지옥, 축복과 저주, 기도하는 방법, ** 받는법, 유일신,악의 존재이유, 요한계시록 이긴자와 144000, 최후의 심판, 양심과 **, 정의, 등등 설명을 들을 수 있습니다"
[정참시] 경선 연기론 '솔솔'…이재명의 선택은?,2021-05-05 20:58:00,Ong Y*,2021-05-05 23:21:19,"윤석열과 최성해의 그동안 알려지지 않은 새로운 내용들이 전격 공개됩니다.

https://www.*****be.com/c/열린공감TV/

1. ‘최성해, 측근에 윤석열과 점심 먹었다고 말하고 다닌 것 인정’ 육성 공개
2. 검찰 정식 참고인조사 때 말고 또 다시 비공개로 검찰에 갔다.
3. 공병호 비례 한국당 공천심사위원장과 만난 사실 있다."
[정참시] 경선 연기론 '솔솔'…이재명의 선택은?,2021-05-05 20:58:00,3495780*,2021-05-05 22:42:40,"윤석열·김정숙·문재인이 박원순 살해 혐의로 입건돼 범죄 피의자가 됐다

박원순 사인은 전신이 허공에 매달린 질식사(목 졸림)다 이때 심장 박동이 정지되면 중력 작용으로 혈액이 몸 아래쪽 모세혈관 내로 침강하면서 자줏빛 반점이 시체의 손끝 발끝 다리 아래쪽에 생긴다 그러나 시신에는 반점이 뒷덜미 허리 등 허벅지에 나타나 있다 즉 타살된 뒤 옮겨진 것이다
https://blog.naver.com/cnamsung/222170443857"
대선주자 지지도 윤석열 우세…격차는 조사기관마다 엇갈려,2021-04-19 10:34:00,유영*,2021-04-19 17:40:53,그냥 하지마!~~~~~~
대선주자 지지도 윤석열 우세…격차는 조사기관마다 엇갈려,2021-04-19 10:34:00,김귀*,2021-04-19 16:41:19,"떡렬이 비호감도 1위~ 조만간 503호 옆으로 갈 범죄자가 무슨 1위~
기레기들이 아직도 쪽쪽 빨아주는구만~ 언론개혁만이 답이다~"
대선주자 지지도 윤석열 우세…격차는 조사기관마다 엇갈려,2021-04-19 10:34:00,4861922*,2021-04-19 16:07:48,우리 국민들이 아직도 덜 정신차렸나? 그렇게 당하고도.. 윤석열이라니..
대선주자 지지도 윤석열 우세…격차는 조사기관마다 엇갈려,2021-04-19 10:34:00,허은*,2021-04-19 16:02:46,"윤짜장 제발 대선에 나와서 장모, 마누라 탈탈 털어봅시다..더도말고 더도 말고 조국 장관 청문회 할때처럼 낱낱이 털어보자구요~
정말 조국 수사 엉터리로 해놓고 대선 나온다고??
정말 저 인간을 지지하는 국민들이 있따는게 부끄러울 따름임!!!"
대선주자 지지도 윤석열 우세…격차는 조사기관마다 엇갈려,2021-04-19 10:34:00,박종*,2021-04-19 15:21:55,"다음 세대들에게 부끄럽습니다.
사죄드립니다~ㅠ"
"與주자들, '평택항 산재' 故이선호씨 애도…""미안하고 미안하다""",2021-05-07 17:54:00,3495780*,2021-05-07 19:31:44,"윤석열·김정숙·문재인이 박원순 살해 혐의로 입건돼 범죄 피의자가 됐다

박원순 사인은 전신이 허공에 매달린 질식사(목 졸림)다 이때 심장 박동이 정지되면 중력 작용으로 혈액이 몸 아래쪽 모세혈관 내로 침강하면서 자줏빛 반점이 시체의 손끝 발끝 다리 아래쪽에 생긴다 그러나 시신에는 반점이 뒷덜미 허리 등 허벅지에 나타나 있다 즉 타살된 뒤 옮겨진 것이다
https://blog.naver.com/cnamsung/222170443857"
11개월 남은 대선시계…대선주자 손익계산서는?,2021-04-08 20:06:00,이연*,2021-04-09 14:16:15,이낙연 ....아~두통이야
11개월 남은 대선시계…대선주자 손익계산서는?,2021-04-08 20:06:00,4886280*,2021-04-08 21:44:35,"박근혜 이명박 사면론으로 집토끼도 다 놓치고 징벌적 손해배상은 흐지부지, 언론개혁은 손도 안 대, 검찰 개혁은 우물쭈물 어영부영 당하기만 하니 민주당 지지하던 사람들도 돌아서기 십상이다. 조국 추미애 방어는 하나도 하지 않고 다들 제몸 사리거나 살짝 배반한 놈들까지 생겨나고 있으니 이런 당을 어떻게 믿고 지지하겠는가! 그런 사이에 진짜 사깃꾼들은 상처를 이용하여 암덩이처럼 한 자리씩 꿰어차고 있으니... 다시 고질병이 재발한 것 같다. 한국사회 아직 멀었다."
"이낙연, 세월호 참사 7주기 추모 ""완전한 진상규명 거듭 다짐""",2021-04-16 09:29:00,이병*,2021-04-16 12:07:46,참혹한 결과 앞에서도 엄중하신 분이로군! 책임을 느끼고 자중하시라!
"이낙연, '윤석열 정치 행로' ""그리 순탄한 길 아닐 것""",2021-04-01 10:46:00,최인*,2021-04-01 12:11:06,표창장 받으 사람들은 껌찰로....
"이낙연, '윤석열 정치 행로' ""그리 순탄한 길 아닐 것""",2021-04-01 10:46:00,동효*,2021-04-01 12:04:16,"남 신경 쓰지 말고 할 일이나 좀 하세요
긴급한 법안 처리는 뒷전이고 ...
듣자하니 내부에서 반대하는 자 들이 꽤 있다던데
그래서 지지부진 한거요? 이마당에 협치 타령하는 자들은 전부 나가라고 해야지
속 터지네..."
"이낙연, '윤석열 정치 행로' ""그리 순탄한 길 아닐 것""",2021-04-01 10:46:00,Arthur Meande*,2021-04-01 11:57:34,자기 이야기 아닌가 싶다...낙옆.
"이낙연, '윤석열 정치 행로' ""그리 순탄한 길 아닐 것""",2021-04-01 10:46:00,2944717*,2021-04-01 11:28:34,근혜 누나 석방에나 힘쓰세요!
"이낙연, '윤석열 정치 행로' ""그리 순탄한 길 아닐 것""",2021-04-01 10:46:00,김영*,2021-04-01 11:27:00,"잘못된것은 분명히 바로잡고 고칠것은 고처야함에도
강건너 불구경하듯이 말만 앞세 우고있으니 저들과
똑같은 거이아닌가 똑바로해라"
이재명 대선주자 선호도 23.6%로 1위 유지…이낙연·윤석열 2위,2021-03-01 10:07:00,hongs*,2021-03-01 12:56:17,"지금 한국에서 여론조사믿는사람 있을까!?

참고 : 윤석열 은 박근혜 탄핵을 합법화하는 핵심수사요원이엇다!. 즉 2016년 12월 ~ 2017년 5월박근혜 정부의 국정농단 의혹 규명을위한, 박영수 특별검사팀장밑에서 국정농단핵심을 밣이는 수사팀장 으로 수사한 인물이다.
박근혜 엉터리탄핵은, 2016년12월~2017년5월까지박영수 특별검사팀의 수사도끝나기전에 , 2016년 12월 9일 오후 4시 10분에 탄핵소추안이 국회에서 가결, 2017년 3월 10일, 헌법재판소 가결하여, 박근혜는 대통령직에서 파면되었다.

박근혜 탄핵의 주모자 핵심수사요원 윤석열을, 보수계의 대통령후보로 추천하는이유는, 현실적으로 문재인 대통령 과 추미에 법무장관의 압력에 잘 버텨내는 능력자 이기때문이다.
1, 문재인 대통령의 최측근?의 조국부부의 부조리를 파혜처서 올바로처리했다는것
2, 청와대의 직권남용을 파혜치기위해서 청와대의 울산시장 선거 개입 의혹과 유재수 감찰 무마 사건등 청와대를 수사했다는것.
3, 권력수사 차단을위해서, 윤석열 참모진을 완전 해체’하는 검찰인사는, 추미애 법무장관이 문재인 대통령의 재가를 받아 단행했다?. 이같은 수사방해이자 직권남용에의해서, 윤석열 검찰총장의 참모들이 단 한 명 예외 없이 좌천됐다. 심각한 것은 수사 대상자들이 앞장서서 수사팀을 해체한 점이다. 인사를 주도한 추미애 법무장관과 청와대 민정수석실 비서관들은 검찰 수사 대상이다. 추 장관은 사건당시 민주당 대표였다. 그후 최후까지 윤석열은 문재인대통령과 추미에 법무장관의 압력에 잘 버텨낸 능력자 이기때문이다. 현재 비정상적인 국정을 바로잡을것을 기대하여, 걸어보자는 것이다 !."
이재명 대선주자 선호도 23.6%로 1위 유지…이낙연·윤석열 2위,2021-03-01 10:07:00,이현*,2021-03-03 08:13:11,틀니딱딱 사회의암
이재명 대선주자 선호도 23.6%로 1위 유지…이낙연·윤석열 2위,2021-03-01 10:07:00,hongs*,2021-03-01 12:43:26,"한국사람중에 여론조사믿는사람 몇이나될까!?

국민의51%가넘는보수계(保守界) 의 차기 대통령후보를 누구를 추천하시겠읍니까 !?
다음은 필자 본인 의 추천인물 : *반기문 *조원진 *윤석열 *김관진 *김진태 *김문수 *이정현 *우병우 . 추천된 후보자들이 공평하게경쟁하여, 보수계내 와 국민전체 의 지지자들을 합게해 최종적으로, 보수계단일(單一)대통령 후보자로 추대한다 !.

참고 : *반기문은 대한민국의 제7대 외교통상부 장관을 역임한 외교관이자 제8대 유엔 사무총장이다, 충청북도 음성군 원남면 출신이다.
출생: 1944년 6월 13일 (76세),
*조원진은 대한민국의 정치인이다. 우리공화당의 홍문종 의원과 공동 당대표로서의 3선 국회의원이었다. 2016.08~2016.12 새누리당 최고위원
출생: 1959년 1월 7일 (62세), 대한민국 대구광역시 성당동
* 윤석열은 대한민국의 제43대 검찰총장이다.
출생: 1960년 12월 18일 (60세), 서울특별시 서대문구 연희동에서 태어났다.
*김관진, (71세) 육군대장 예편, 이명박 박근혜 정부 제43대 국방부 장관,
박근혜 정부, 국가안보실장 역임
* 김진태는 대한민국의 검사 출신 법조인이자 제19•20대 국회의원인 정치인이다.
출생: 1964년 10월 13일 (56세), 대한민국 춘천시
* 김문수는 대한민국의 노동운동가 출신의 정치인이다. 제15•16•17대 국회의원과 제32•33대 경기도지사를 지냈다.
출생: 1951년 8월 27일 (69세), 대한민국 영천시
* 이정현　：동국대학교 정치외교학과 겸임교수、　청와대 정무수석
새누리당 최고위원 새누리당 대표 역임
출생　: 　1958년 10월 13일 (62세) 대한민국 전라남도 곡성군 목사동면
*우병우는 대한민국의 검사 출신 법조인　신념 과 불굴의 투지의사나이,
박근혜 정부 제4대 민정수석비서관을 지냈다.
출생: 1967년 1월 28일 (54세), 대한민국 봉화군

https://www.*****be.com/watch?v=x9tIs41iJnI&t=20s"
이재명 대선주자 선호도 23.6%로 1위 유지…이낙연·윤석열 2위,2021-03-01 10:07:00,????최재*,2021-03-01 19:19:25,쓰레기들을 정리해 놓으셨네??
이재명 대선주자 선호도 23.6%로 1위 유지…이낙연·윤석열 2위,2021-03-01 10:07:00,이현*,2021-03-03 08:11:58,틀니딱딱 사회의암 계층
이재명 대선주자 선호도 23.6%로 1위 유지…이낙연·윤석열 2위,2021-03-01 10:07:00,12402555*,2021-03-01 11:12:31,윤씨가 15%? 잘하면 호스티스 출신 영부인 나오겠다. 당신이 윤씨를 지지한다면 당신은 대한민국에서 15% 안에 드는 무식한 사람임을 인정하고 싶진 않겠지만 인정해야 한다.
이재명 대선주자 선호도 23.6%로 1위 유지…이낙연·윤석열 2위,2021-03-01 10:07:00,1962906*,2021-03-01 10:48:07,나라가 망해도 나만 대통령하면 그만
이재명 대선주자 선호도 23.6%로 1위 유지…이낙연·윤석열 2위,2021-03-01 10:07:00,고숙*,2021-03-01 11:55:19,개
이재명 대선주자 선호도 23.6%로 1위 유지…이낙연·윤석열 2위,2021-03-01 10:07:00,임종*,2021-03-01 10:39:08,ㅋㅋ 짜장 홍표 새대 칠푼이 넘웃김
[정참시] 이재명의 작심 반성문…'민생개혁'으로 차별화?,2021-04-20 21:04:00,7491951*,2021-04-25 09:23:02,"이재명지사는 더검증이 필요하지 않을까
그리고 문재인통령은 보다적극적으로 국정현안들에 입장 표명을
해야하지 않을까 큰기대를 하지는 않지만 왜내가 이렇게 문통에게
등을 돌리려고하는지...
그리고 김종인노인네 말대로 국민의힘은 속이텅빈당이다 국민의 눈을 가리는 옛 새누리당 일수박에 저들의 한계가 아닐까
윤석열 지금움직일때가 아니라고본다"
[정참시] 이재명의 작심 반성문…'민생개혁'으로 차별화?,2021-04-20 21:04:00,황성*,2021-04-24 22:11:53,"국민의 짐은 나쁜 것들 집합소
더불어 찌질당은 등시니들 집합소"
[정참시] 이재명의 작심 반성문…'민생개혁'으로 차별화?,2021-04-20 21:04:00,황성*,2021-04-24 22:16:39,"찌질한 놈들이 집권하면 찌질한 놈들도 해 처먹고 나쁜 놈들은 더 해처먹는다.

결론 :
국민들 입장에서는 차라리 한 조직한테 당하는 것이 낫다.
40년 민주당 지지를 접고 싶다.ㅠㅠ

이재명이 열린 민주당과 신당창설하면 좋겠다."
[정참시] 이재명의 작심 반성문…'민생개혁'으로 차별화?,2021-04-20 21:04:00,Jay Ki*,2021-04-23 13:58:33,"""문재인 대통령님께서 말씀하신 것에 답이 있습니다. *부동산으로 돈을 벌 수 없게 하겠다*라고 하는 데에 모든 답이 들어 있습니다. 실주거용이 아닌 돈을 벌기 위한 수단이라면 이건 투자 또는 투기수단이기 때문에 사회적 부작용에 상응하는 제재를 가하는 게 맞습니다."" 이 말씀 참 마음에 듭니다 (문재인 부분만 빼면)"". 이렇게만 생각하고 행동 했으면 참 쉬운 일을 약속 못 지키는 것은 그렇다 치고 어쩌다 누구도 원하지 않는 누더기 부동산 법을 만들었을까요? 거기다 뻑하면 이랬다 저랬다..."
[정참시] 이재명의 작심 반성문…'민생개혁'으로 차별화?,2021-04-20 21:04:00,김홍*,2021-04-21 14:59:38,역시 이재명지사님 최고다... 정말 대통령이 되어야 합니다.
후임 총리 김부겸 검토…내각·청와대 내일 전면 개편,2021-04-15 20:41:00,문영*,2021-04-16 07:43:47,추미애! 추 추 추 .국무총리. 부산 민심 잡고 . 호남 손 잡고 서울 경기 달래주고. 차차 대권 화이팅!
후임 총리 김부겸 검토…내각·청와대 내일 전면 개편,2021-04-15 20:41:00,Philip Mi*,2021-04-16 03:06:19,"김부겸,넌 이나견이 처럼 하지 마라.이철희 넌 정체성이 의심스러워 주딩이 함부로 놀리지 말아라..글고 니 주군 김한길이 문병은 잘 가고 잇냐? 한길이나 너나 어쩜 그리 똑같냐"
후임 총리 김부겸 검토…내각·청와대 내일 전면 개편,2021-04-15 20:41:00,이치*,2021-04-16 02:03:30,추미애.
후임 총리 김부겸 검토…내각·청와대 내일 전면 개편,2021-04-15 20:41:00,Philip Mi*,2021-04-16 03:02:36,동감합니다
후임 총리 김부겸 검토…내각·청와대 내일 전면 개편,2021-04-15 20:41:00,이은*,2021-04-15 23:41:01,"잘 하셨네요.
김부겸 총리찬성입니다"
후임 총리 김부겸 검토…내각·청와대 내일 전면 개편,2021-04-15 20:41:00,신복*,2021-04-15 20:50:27,"문재인은 정부,당이 잘못한거에 대해서 사과하는거는 굉장히 인색하다.
진정성있게 사과하는 모습을 보고싶다."
후임 총리 김부겸 검토…내각·청와대 내일 전면 개편,2021-04-15 20:41:00,Henry Hon*,2021-04-15 22:10:50,염병하네. 이명박근혜 시절에는 이딴 댓글 썼냐?
후임 총리 김부겸 검토…내각·청와대 내일 전면 개편,2021-04-15 20:41:00,이석*,2021-04-15 22:22:46,"이보세요 염치좀 챙기시죠, 이명박 박근혜 정권은 두명이나, 사과라는 것 들어 보기나 했습니까
진정성 같은 소리하고 있네"
후임 총리 김부겸 검토…내각·청와대 내일 전면 개편,2021-04-15 20:41:00,박봉*,2021-04-16 00:14:36,"대갈1통한번 까딱 하믄 셀프 사과 용서한다디? 퇴움후 징역 살라믄 몸바라시나 많이 해두라.,역대 최악에 대통령이 이라기도 부끄러운 머저리..."
후임 총리 김부겸 검토…내각·청와대 내일 전면 개편,2021-04-15 20:41:00,이진*,2021-04-16 01:45:40,이놈은 한글도 제대로 못쓰네!
대선 D-1년…양강 구도 속 추격전,2021-03-09 12:10:00,Justso*,2021-03-09 12:48:19,"국민이 우선 ""주목""해야 될 사항은 윤씨의 처
김건희와 장모의 불법에 관한 것이다.

현재 담 대선에 관한 국민의 관심이 윤씨에게
집중 되는 건 여러 가지 원인이 잇지만,
그저 ""또 다른 안철수 식"" 현상으로 가볍게
보는 게 맞다.

상식적인 판단이지만,
좀 더 구체적인 윤씨 자신과 가족의 비리와 불법이
나오게 되면, 본인 스스로 사라지지 않을까 한다.
우리는 수 없이 그런 상황들을 마주하고,지켜보지
않았나.
한 때 좍좍 뿌리며 지나가는 소나기일 뿐이다."
"[정참시] ""3% 박빙승부"" VS ""최소 15%""…무슨 근거로?",2021-04-06 21:00:00,윤성*,2021-04-07 00:48:38,"노통때 맹바기시장이 도곡동땅 보금자리 지정했으나 노통이 주민들반대 이유로 취소했다 그러나 맹바기대통 5세훈이가 시장되면서 다시 보금자리로 재지정됐다 노통때였고 마누라 상속지분이 얼마안되고 현싯가로 볼때 70파센트 보상이라고 오리발 변명을 하고있다 이명박 이상득 5세훈 마누라 상속지분있는 도곡동 그린벨트만 개발되어 땅값올랐다
10년전에 이들은 10배이상 차익을 노린 셀프보상이었다 시장자리에서 셀프보상 LH인간들 내부정보 이용보다 더 나쁜 양아치 범죄자다
생태탕본질은 측량때알고 그린벨트해제를 이용한 내부정보를 이용 폭리보상이다"
대선 1년 앞…선두주자들은 여의도에 없다,2021-03-09 14:48:00,이상*,2021-03-10 03:13:33,"ㅇㅈㅁ이 1위 아니면 양강구도 속에 있다는 현실이 정말 너무 매우 아주 우끼고 자빠졌네 라는 생각 자꾸드네
이런 데길
윤리도 아래위도 없고 막 노동판 짓이나하는"
[국회M부스] 대선 D-1년②: 정권 교체의 방정식은?,2021-03-14 09:42:00,박기*,2021-04-04 11:38:24,"억압이냐 탄압이냐
대화냐 갈림길에서
우리는 과연 어떤선택권이 있는가
역사의 흐름은 대화와타협을 이르며
공생관계를 유지하는것이다"
[국회M부스] 대선 D-1년②: 정권 교체의 방정식은?,2021-03-14 09:42:00,박선*,2021-03-14 17:38:14,"유튜브에서 131270thebest를 검색시청하시면 신의 존재증명, 악의 존재이유, 이긴자와 144000, 천국 과 지옥, 축복 과 저주, 요한계시록, 최후의 심판, 양심과 **, 유일신, 정의, ** 받는법, 기도하는법, 성령 받는법 등등 설명을 들을 수 있습니다."
[국회M부스] 대선 D-1년②: 정권 교체의 방정식은?,2021-03-14 09:42:00,김태*,2021-03-14 14:56:25,언론이 너무 석열이를 뛰우내
[국회M부스] 대선 D-1년②: 정권 교체의 방정식은?,2021-03-14 09:42:00,고숙*,2021-03-14 14:26:31,"앞으로 국민의적 친일역적 들에게 정권 넘어갈일은 없다, 지난날에는 토착왜구들에 게 속아서 그래지만, 친일역적들에게 쇄뇌교육 받았던 늙은이들 죽으면 속아넘어갈 국민들은 없다."
[국회M부스] 대선 D-1년②: 정권 교체의 방정식은?,2021-03-14 09:42:00,최재*,2021-03-14 11:51:09,"""우리는 댓통선거하기 위한 역사적 사명을 띠고 이 땅에 태어 났다!"" 레알?"
"박용진 ""지도부 총사퇴 불가피…말로만 혁신 안 돼""",2021-04-08 09:53:00,윤춘*,2021-04-09 21:53:50,"박의원, 언론개혁, 검찰개혁 선봉에 서라 !!!

세치 혀로 얼굴 내밀지 말고

그 선봉에 서서 모진 조리돌림을 견뎌내라 !!!

그 다음 당신의 말 들어 보겠다, 삼성장학생."
"박용진 ""지도부 총사퇴 불가피…말로만 혁신 안 돼""",2021-04-08 09:53:00,유지*,2021-04-09 18:51:10,박용진 의원님 댁이 지도부 하시겠단 겁니까? 그런 허황된 꿈은 빨리 접으세요...사부작 사부작 남의 당 얘기하듯 하시는데.......아....맞네.... 금태섭씨와 함께 이분도 빨간색 넥타이 더라고? 오늘 조응천 의원이 커밍아웃을 하셨어요....박 의원은 언제 하실런지 기다리고 있겠습니다. 박 의원 때문에 떨어진 민주당 후보가 한둘 아닌거 아시죠?
"박용진 ""지도부 총사퇴 불가피…말로만 혁신 안 돼""",2021-04-08 09:53:00,황수*,2021-04-09 17:03:58,"좀 조용히 해주실래요? 오늘 민주당 초선5적의 배후시라면서요...

인생 그렇게 살지 마세요. 진짜 실망입니다. 세상은 당신 생각대로 그렇게 만만하지 않습니다."
"이낙연 ""시대정신은 신복지·혁신성장…지지율 하락은 제 부족함""",2021-03-09 18:17:00,이상*,2021-03-10 03:35:43,"총리 되면 대똥감인가
참나원
나원참
원참나
총리는 대통령 구두닼이 수준인데
서열상2위라고 대똥나올 능력 수준된다고 새이ㅏㄱ하네 ...꼴깞떨고지빠졌네"
부동산 민심 격돌…'달래기' vs '파고들기',2021-03-27 19:59:00,신명*,2021-03-28 07:08:02,"더불어만진당 때뭉에 보궐선거
후보내지 않겠다던 당론 바꾸고 나온사람
원칙, 기준, 논리도 없는 당

기회는 평등
과정은 공정
결과는 정의
진보를 가장한 좌파들이 선전선동 하던 말
언론계 출신들 말로하는정치는 명품 현실정치는 함량미달도 안되는 저질
스스로 목숨을 끊고 명예를 지켜야 한다"
부동산 민심 격돌…'달래기' vs '파고들기',2021-03-27 19:59:00,김진*,2021-03-28 07:04:08,놀랍군요. 여긴 아직도 정신 못차리고 민주당 지지하시는 분들이 이렇게나 많은지? 진짜 알바가 아니라면 정말 큰일이네요. 피같은 우리 세금으로 왜 보궐선거를 하는지. 얼마나 양심없는 내로남불당인지 다시한번 생각이란걸 해보시길요
부동산 민심 격돌…'달래기' vs '파고들기',2021-03-27 19:59:00,임홍*,2021-03-28 06:59:47,우리는 과거에 국힘당과 오세훈이 한 짓을 알고 있습니다. 뿌리깊게 자리잡고 있는 기득권의 방패 노릇을 하는 국힘당에 지지를 보낸다면 우리는 또 그들에게 놀아나는 꼴이 될뿐입니다.
부동산 민심 격돌…'달래기' vs '파고들기',2021-03-27 19:59:00,김영*,2021-03-28 05:58:23,"박영선 은 선명하다
박영선 은 똑똑하다
박영선 은 공정하다
박영선 은 확실하다
박영선 은 미래가밝다
서울시장 은 박영선 뿐이다"
부동산 민심 격돌…'달래기' vs '파고들기',2021-03-27 19:59:00,최훈*,2021-03-28 04:09:02,재건축 재개발을 전부 허용하면 물론 일시적으로 투기판되겟지 하지만 장기적관점으로 보면 시세안정에 유익하다는건 이미 지난 10년 증명됬지.. 땅투기가 가장많은시기는 엄연히 이명박근혜때 라는것을 누구나 다아는 사실 하지만 현실은 폭등 폭락을 반복하며 박스권 이었지.. 거래량도 매우 활발했고.. 그러나 박원순 당선되고 공급자체를 부정해버리고 문재인 정부들어서면서 온갓 규제와 투기세력잡는다면서 각종 세금 폭등시키고 거래량은 소멸되어버리고 신규공급도없으니 기존건축물들은 저절로 우상향하며 패닉바잉을 부추겻지..
달아오르는 선거전…여야 지도부 '총력전',2021-03-26 14:53:00,장창*,2021-03-29 13:26:25,코로나 이후는 전쟁.
달아오르는 선거전…여야 지도부 '총력전',2021-03-26 14:53:00,장창*,2021-03-29 13:23:26,원래 반란군인들은 제정신이 아님. 광주때 미쳐날뛴 63년생들 아직도 뭘 쳐묵고 무슨 똥을 싸고있냐.
달아오르는 선거전…여야 지도부 '총력전',2021-03-26 14:53:00,장창*,2021-03-29 13:21:26,"미얀마 군부. 자국민을 죽이는 행위. 곧 너희들도
죽을것이다. 죽음의 느낌이 뭔지 알필요 없다."
달아오르는 선거전…여야 지도부 '총력전',2021-03-26 14:53:00,장창*,2021-03-29 13:15:25,"적폐들에 대한 지난4년 유예기간 종료됨.
현정부는 법대로 처리해라. 관용 베풀지 마라.
한 마디로 눈에는 눈. 이에는 이. 집행해라. 끝."
달아오르는 선거전…여야 지도부 '총력전',2021-03-26 14:53:00,hongs*,2021-03-27 01:53:13,"* 황교안 김종인 의 음모 ; 동조자 오세훈 김무성 유승민 홍징표 탄핵주동자들 ,
* 1, 김종인 은 좌익 전라도당세력의 핵심인물 , 전라남도 광주시 광주서석초등학교 졸업 , 광주서중학교 졸업 , 광주제일고등학교출신 으로 , 국회의원 5기 5번 모두 민주당소속이엇다. 이러한전라도당 핵심 인물 김종인에게,국민의힘 당권을 넘겨준 황교안,
*2, 보수정당 전국민의51%이상 지지하는 박근혜 대통령 (새누리당 자유한국당 미레통 국민의힘)을 말살하려는가 !?
*3, 황교안은 죄없는 박근혜 대통렴 님이 부당하게탄핵된후 , 보수당의대표등, 보수계 당을장악한다음에 60명의 탄핵반대 국회의원들은 외면하고 , 탄핵주도 핵심뱀버 심재철 주호영 나경원 유승민 등을 당요직에등용한 황교안 , 배신자 2중인격 황교안 , 0.下의 저질,
* 황교안 김무성 유승민 홍준피　오세훈 심재철 주호영 나경원의 간교하고 배신적인 야합을 전국민의 51%가 용서할수가 없다 ! 황교안 이 김종인까지 합세, 그들은 보수 우파가 아니고 , 황당한 중도혁신을 가칭하는 종북좌파의 하수인역활；…
**당 창당 , 전국 보수우파의 지지를 모을수있는 우익 보수 의 핵심 , 최경환 等 60명 이넘는 국회의원들 ,윤석열 황우여 우병우 이인제 서청원 홍문종 김문수 전광훈 조원진 김창중 이정현 박찬주 등等이 힘을합하여 , 진정한 국민이 원하는 전국민의 51%넘는 선명한 보수우파의 저력을 결집할수가있다 !.?

https://www.*****be.com/watch?v=cbYBs167wA0"
'들쭉날쭉' 여론조사…팩트체크로 정확한 민심 읽기,2021-03-08 20:52:00,Won-Seok Gi*,2021-03-10 19:23:07,"국어 발음규칙과 음운법칙상 상호동화 현상은
/ㄱㄹ/ 음소환경에서만 일어난다.

/ㄱㄹ/이 [ㅇㄴ]으로 발음되는 현상이
국어 음운법칙에서 상호동화 현상이다.

그래서 {독립}이 [동닙]으로 발음되고
{백로}가 [뱅노]로 발음되는 것이다.

그러나 {윤석열}의 {석열}은 음소 조건이
/ㄱㄹ/이 아니고 /ㄱㅇ/이다.

따라서
/ㄱㅇ/은 절대로 [ㅇㄴ]으로 발음될 수 없다.

윤서결은 어감(word sense)이 흉하고
윤성녈은 어감이 흉하지 않다.

그러므로
썩을놈을 어감 좋은 [윤성녈]로 절대로
쉴드치지 말아야 한다."
'들쭉날쭉' 여론조사…팩트체크로 정확한 민심 읽기,2021-03-08 20:52:00,Won-Seok Gi*,2021-03-10 17:36:47,"윤서결은 끝장난다.

앵커는 바른 국어 사용에 책임이 있다.
국어 발음규칙과 음운법칙을 공부하라.

이낙연은 [이나견]으로 읽으면서
윤석열은 왜 [윤서결]로 읽지 않나?

내가 여기서 누차 지적했지만,
윤석열의 한자 표기가 尹錫悅이다.
尹錫烈이 아니다.

尹錫悅의 한글 표기는 윤석열이고
尹錫烈의 한글 표기는 윤석렬이다.

윤석열의 맞는 발음은 [윤서결]이고
윤석렬의 맞는 발음은 [윤성녈]이다.

따라서
윤석열을 [윤성녈]로 발음하는 것은
명백히 틀린 발음이다.

윤석열을 윤성녈로 발음해야 한다면,
이낙연도 이낭년으로 발음해야 한다."
"'계획된 사표' 윤석열, 정치인 출사표는?",2021-03-05 20:07:00,이*,2021-03-24 10:56:17,도대체가 언행 불일치에 논리가 빈약하고 공감능력이 몹시취약...검찰의 수장까지 했더라도 능력이라기 보다는 검찰이라는 조직자체가 어이없게도 허술하고 취약함 ! 문대통령 인사책임도 한 몫
"'계획된 사표' 윤석열, 정치인 출사표는?",2021-03-05 20:07:00,너하나로 충분*,2021-03-07 09:29:59,개 쓰레기 만도 못한놈 지들만 살려고 수장하는거냐 진작 떠났어야지 나라 시끄럽게 만들어놓고 암튼 양아치가 따로없다
"'계획된 사표' 윤석열, 정치인 출사표는?",2021-03-05 20:07:00,너하나로 충분*,2021-03-07 09:22:41,박근혜처럼 되겠지 검찰개혁도 못한 놈 ㅜㅜ 안철수 겉으로는 ㅋㅋ 속은 위기감 ㅋㅋ 경쟁상대니깐
"'계획된 사표' 윤석열, 정치인 출사표는?",2021-03-05 20:07:00,고숙*,2021-03-06 13:43:16,"정치개검 개썩럴이 선배검사 여자를 낚아챈넘, 돈많은 이건이 돈으로 뱃대기 채우다 돼지새끼 돼버렸내."
"'계획된 사표' 윤석열, 정치인 출사표는?",2021-03-05 20:07:00,김태*,2021-03-06 11:40:15,"그래바야 일장춘몽이다
봄에꾸는꿈은 개꿈이대다수다"
"[정참시] '윤석열 대통령' 팻말까지...""국민 선동 자중하라""",2021-03-03 21:04:00,유광*,2021-03-05 10:16:49,국민선동? 자기네들이 선동했는거 아닌가? 대구 시민 자율로 했는데 그게 국민 선동이다? 개가 웃을 일아닌가? 와 시장선거 대선 땜시 많이 쫄리는가베 잘하는데 이런일이 벌어졌을가 똥@ 했는××못된 성잘낸다는것 이런걸두고 하는말인 갑다 동내 강아지들 왈왈 하둣 주자들 씨끄럽게 짓고 있네요.
"[정참시] '윤석열 대통령' 팻말까지...""국민 선동 자중하라""",2021-03-03 21:04:00,정동*,2021-03-04 19:30:55,자장 환대해줄 대구를 찾아 계산된 행보를하더니 대권 요심밖에 더없다.
"[정참시] '윤석열 대통령' 팻말까지...""국민 선동 자중하라""",2021-03-03 21:04:00,이창*,2021-03-04 17:50:54,총장하지말고연예인했으면대성했을듯ㅉㅉ
"[정참시] '윤석열 대통령' 팻말까지...""국민 선동 자중하라""",2021-03-03 21:04:00,Won-Seok Gi*,2021-03-04 00:56:49,"어림도 없다.
처와 장모 꼬라지, 의리 없는 인간 꼬라지가
이회창 시즌2가 될 것이 불을 보듯 뻔하다.

앵커와 기자의 틀린 발음을 거듭 지적한다.
앵커와 기자는 틀린 발음을 교정하길 바란다.

윤석열의 한자 표기가 尹錫悅이다.
윤석열의 한자 표기가 尹錫烈이 아니다.

尹錫悅의 한글 표기는 윤석열이고
尹錫烈의 한글 표기는 윤석렬이다.

따라서

표기 {윤석열}의 바른 발음은 [윤서결]이고
표기 {윤석렬}의 바른 발음은 [윤성녈]이다.

국어 발음법칙상 표기 {윤석열}이 [윤성녈]로
발음되는 형태음소론적 조건이 전혀 없기 때문이다."
"[정참시] '윤석열 대통령' 팻말까지...""국민 선동 자중하라""",2021-03-03 21:04:00,이택*,2021-03-04 00:42:54,장모랑 마누라가보면 대통령 안돼것는데
"이재명, 윤석열 견제 ""구태정치 말아야…지지율 언제 내려갈 지 몰라""",2021-03-09 11:37:00,이상*,2021-03-10 03:31:18,"그렇지 지지율 달라졌잖아
니가ㅣ위하다 열이가 1위된거야
앞으로 너 맹이 지지율 4위로 내려않는다에 천오백만표 건다"
"與 지도부, 윤석열에 십자포화…""권력욕 취한 정치 검찰""",2021-03-05 10:47:00,우강*,2021-03-06 01:54:46,"정치검찰은 지들이 만들어놓고 지금 와서는 한다는 소리가
가관"
"與 지도부, 윤석열에 십자포화…""권력욕 취한 정치 검찰""",2021-03-05 10:47:00,김진*,2021-03-06 00:08:04,"이낙연에게 ""鷄卵""이라는 雅號를 贈呈한다."
"與 지도부, 윤석열에 십자포화…""권력욕 취한 정치 검찰""",2021-03-05 10:47:00,6278641*,2021-03-05 21:48:24,"놀고들 있네 오즉하면 계란 세례를 받겠나 정신 차려라
법 만드는것 좋아 마라 공수처 만들때 개때처럼 하더니
너희들 마음에 안맞으면 또만들고 하냐
양심이 있어라 분명히 너희들은 국민의 심판을 받는다
귀신은 뭣하는지"
"與 지도부, 윤석열에 십자포화…""권력욕 취한 정치 검찰""",2021-03-05 10:47:00,8057048*,2021-03-06 21:50:53,나가 놀아라.
"與 지도부, 윤석열에 십자포화…""권력욕 취한 정치 검찰""",2021-03-05 10:47:00,박광*,2021-03-05 19:56:55,"에유 계솔희다. 윤총장이 정치할까봐 어지간히도 겁이 나나보다. 지은 죄들이 많으니 그럴테지. 어서 정권 바뀌어서 집값폭등에 대한 처벌도 받고, 검찰개악에 대한 사항도 철저히 조사 받아야 한다. 특히 집값폭등에 책임있는 자들은 전부 감옥에 쳐넣어야 한다."
"與 지도부, 윤석열에 십자포화…""권력욕 취한 정치 검찰""",2021-03-05 10:47:00,김길*,2021-03-05 19:24:53,"與一利不若除一害, 生一事不若滅一事 라."
