﻿제목,날짜,작성자,작성일,댓글
"[뉴스하이킥] 조경태 ""홍준표 복당 문제 없어, 문제를 만드는 게 문제""",2021-05-12 19:17:00,킹콩,2021-05-14 07:56:00,cbs인터뷰 듣다가 짜증나 죽는줄 알았네   사회자가 싨수한것을  가지고  신경질내고   자꾸 반복해서 얘가하네  어떻게 5선까지 했나 모르겠네.  지역구가 어디인가?
"[뉴스하이킥] 조경태 ""홍준표 복당 문제 없어, 문제를 만드는 게 문제""",2021-05-12 19:17:00,두목,2021-05-13 22:18:00,"홍준표의원 없는 국민의힘이 얼마나 견디어 낼까? 
국민의힘은 조건없이 먼저  홍준표의원 복당부터 시작이 되어야 한다.
지금 좌파를 흔들림 없이 견재할 사람이 국민의힘에 있다고 생각하지는 않겠지?"
"[뉴스하이킥] 조경태 ""홍준표 복당 문제 없어, 문제를 만드는 게 문제""",2021-05-12 19:17:00,흰돌귀동,2021-05-13 13:33:00,"큰 틀에서의 나라와 당을 생각 해야지요..
지금 정권 탈환을 위한 적임자 당대표 선거에 홍준표의원이   복당을 하든 안하든이 지금 시점엔 중요치 않습니다.
인기로 나라정치합니까?
말로 정권창출할 수있습니까?
후보난립으로 시끄럽지만 민심은 천시이라고  시대가 요구하는 진정한 인물이 누구이겠습니까?
조경태의원입니디ㅡ.
지지해주시고 성원을 부탁드립니다.
인천동구 이정옥당원입니다."
"[뉴스하이킥] 조경태 ""홍준표 복당 문제 없어, 문제를 만드는 게 문제""",2021-05-12 19:17:00,선자,2021-05-13 12:31:00,"아프리카랑 우리나라를 구분도 못하는 놈이 무슨 당대표?
하긴 저런 놈이 들어가면 좋기는 하지. 
1%대와 7%대를 구분 못하는 놈...ㅋㅋㅋㅋㅋ"
"[뉴스하이킥] 조경태 ""홍준표 복당 문제 없어, 문제를 만드는 게 문제""",2021-05-12 19:17:00,닉네임을 등록해 주세요,2021-05-13 09:04:00,좌파들의  이간계에 놀아나지 말자! !  지금은 대통합으로 정권창출이 우선이다
"[뉴스하이킥] 조경태 ""홍준표 복당 문제 없어, 문제를 만드는 게 문제""",2021-05-12 19:17:00,세계로맘,2021-05-13 08:52:00,"지금은 뭉쳐야할때.....힘을 길러야 합니다

그래야  정권도 찾아오죠

미래가 있는 대한민국에 살고싶습니다

조경태 당대표되어 확 바꿔주이소~~~%"
"[뉴스하이킥] 조경태 ""홍준표 복당 문제 없어, 문제를 만드는 게 문제""",2021-05-12 19:17:00,뉴클라,2021-05-13 08:33:00,"좌파놈들은  홍준표 복당 반대하겠지. 홍준표 나오면 게임 끝이거든. 
문재인,  덜덜 떨고 있니?"
"[뉴스하이킥] 조경태 ""홍준표 복당 문제 없어, 문제를 만드는 게 문제""",2021-05-12 19:17:00,뉴클라,2021-05-13 08:29:00,조경태 화이팅!  당대표 가자.~~~~~~~
"[뉴스하이킥] 조경태 ""홍준표 복당 문제 없어, 문제를 만드는 게 문제""",2021-05-12 19:17:00,미르,2021-05-13 07:14:00,"실용정치의 선두주자
 당대표조경태 가자~~~~~"
"[뉴스하이킥] 조경태 ""홍준표 복당 문제 없어, 문제를 만드는 게 문제""",2021-05-12 19:17:00,이지환,2021-05-13 05:27:00,"조경태  참신했는데 실망이네
세상을  보는 눈이 이래 가지고
무슨
말한마디 잘못하면 한방에 갈수 있다
급하다고   가리지   않고  다 데리고 오면
호미로  막을 것 가래로도  못막는다."
"[뉴스하이킥] 조경태 ""홍준표 복당 문제 없어, 문제를 만드는 게 문제""",2021-05-12 19:17:00,윤길중,2021-05-12 22:58:00,"쓰레기집단
이성윤검찰개혁이죄지
개탄스럽다"
"[뉴스하이킥] 조경태 ""홍준표 복당 문제 없어, 문제를 만드는 게 문제""",2021-05-12 19:17:00,옹달샘,2021-05-12 22:10:00,"KDI 코로나 이후 처음으로 ""경기회복""진단. 경기선행지수도 연속 상승"
"[뉴스하이킥] 조경태 ""홍준표 복당 문제 없어, 문제를 만드는 게 문제""",2021-05-12 19:17:00,어게인,2021-05-12 23:41:00,표창원ㆍ박근혜대통령ㆍ나체그림을ㆍ국회사무실에걸어둔것은ㆍ국민들은잊지못할겁니다ㅡ문재인은ㆍ박대통령을국회사무실에걸어둔것은ㆍ죄가않되고ㅡ문재인비난한청년은고소고발해야하는것은ㆍ어느것이죄가되는지ㅡ가족이라면ㅡ어떻게생각하십니까ㅡ참담합니디
"[뉴스하이킥] 조경태 ""홍준표 복당 문제 없어, 문제를 만드는 게 문제""",2021-05-12 19:17:00,짱야,2021-05-12 21:46:00,홍준표의원 복당하면 대선필패다. 나도 국민의힘지지자인데  홍의원이 입당하면 국민의힘은 구야말로 꼴통당이된다. 민주당의 실패의 반사이익으로 4.7보선 승리했는데 홍의원 복당하면 국힘은 망한다. 지지자로서 절대 반대한다.
"[뉴스하이킥] 조경태 ""홍준표 복당 문제 없어, 문제를 만드는 게 문제""",2021-05-12 19:17:00,kaswo,2021-05-12 20:59:00,"홍준표 입당에 문제 삼는자 아주 저질이다 야들때문에 또 놓친다 야 홍보다 머리 더좋다면 
입당후 대결해라 못하겠지 않자 용써지 말고 정치교체에 박치기 해야지 몬난놈 때문에 표
도망가는소리 들리냐 그르고도 국민 국민 생각하냐 몬난놈들"
"[뉴스하이킥] 조경태 ""홍준표 복당 문제 없어, 문제를 만드는 게 문제""",2021-05-12 19:17:00,이명박씨밥세끼,2021-05-12 19:50:00,"난 42세 이고 이미 20년 전부터 반 한나라당 외길입니다

와리가리 이 말 했다 저 말했다 홍준표 가증스럽고 졸라 패고 싶을 정도로 짜증나지만
솔직히 홍준표는 당 옮겨다니는 철새 짓은 안했어요

그에 반해 조경태 꼬라지 보세요
이게 인간이 할짓입니까?

조경태 보단 홍준표가 훨씬 더 의리가 있죠
정치도 결국 사람이 하는겁니다

똥인지 된장인지 구분 좀 해요
그래도 홍준표 보다 조경태가 좋다면 할말 없습니다
어차피 끼리끼리 노는거 아니겠어요?
쥐 새 끼에 환장하고 닭까지 몰빵하다 탄핵 당하니 안면몰수 하고 배신때리는 너같은 쓰레기"
"[뉴스하이킥] 조경태 ""홍준표 복당 문제 없어, 문제를 만드는 게 문제""",2021-05-12 19:17:00,제우스o0,2021-05-12 19:47:00,홍준표는 절대 복당시키면 안된다. 미꾸라지 1마리가 맑은물을 흑탕물로 오염시킨다.
"[뉴스하이킥] 조경태 ""홍준표 복당 문제 없어, 문제를 만드는 게 문제""",2021-05-12 19:17:00,hajima,2021-05-12 19:32:00,너도 나가라
"[뉴스하이킥] 조경태 ""홍준표 복당 문제 없어, 문제를 만드는 게 문제""",2021-05-12 19:17:00,상수리 나무,2021-05-12 19:25:00,나와서 헤처모이는것 아닌가?
"[시선집중] 원희룡 ""7월 사퇴는 오보, 대선 이제 개막전.. 결국 윤석열 제칠 것""",2021-05-04 09:42:00,mina,2021-05-04 11:16:00,꿈 깨세요ㆍ현실과. 민심을 정확히. 판단 하시기를ㆍ ㆍ
"[시선집중] 원희룡 ""7월 사퇴는 오보, 대선 이제 개막전.. 결국 윤석열 제칠 것""",2021-05-04 09:42:00,샤커,2021-05-04 12:20:00,정말꿈도   야무지다  꼴에 대통령~~ㅎ~ㅎ~ ㅎ
"[시선집중] 원희룡 ""7월 사퇴는 오보, 대선 이제 개막전.. 결국 윤석열 제칠 것""",2021-05-04 09:42:00,해피인밴,2021-05-04 10:55:00,허경영하고 붙어도 질걸.
"[시선집중] 원희룡 ""7월 사퇴는 오보, 대선 이제 개막전.. 결국 윤석열 제칠 것""",2021-05-04 09:42:00,Kil Sang Cho,2021-05-04 10:12:00,누구?
"[시선집중] 김웅 ""당대표 되면 제일 먼저 이스타항공 노조 찾아갈 것""",2021-05-13 09:48:00,김원오,2021-05-13 12:40:00,"그  이름도  거룩한    김      웅  의원   ㊗️   화이팅
대한민국   🇰🇷  만세  ~~~"
"[시선집중] 김웅 ""당대표 되면 제일 먼저 이스타항공 노조 찾아갈 것""",2021-05-13 09:48:00,잘돌아간다,2021-05-13 12:06:00,정의당은 모하냐?
"[시선집중] 김웅 ""당대표 되면 제일 먼저 이스타항공 노조 찾아갈 것""",2021-05-13 09:48:00,심가이버,2021-05-13 12:06:00,검사  ㅠㅠㅠ~~~
"[시선집중] 김웅 ""당대표 되면 제일 먼저 이스타항공 노조 찾아갈 것""",2021-05-13 09:48:00,어쭈구라,2021-05-13 12:01:00,어디 조선일보 같은 놈이네.
"[시선집중] 김웅 ""당대표 되면 제일 먼저 이스타항공 노조 찾아갈 것""",2021-05-13 09:48:00,정다운,2021-05-13 11:23:00,지금 가봐라
"[시선집중] 김웅 ""당대표 되면 제일 먼저 이스타항공 노조 찾아갈 것""",2021-05-13 09:48:00,나무,2021-05-13 11:19:00,김웅 씨가 되는 게 그나마 좀 희망이 있어보인다. 그렇게 되면 민주당도 긴장하고 정신차려야 할 듯...
"[시선집중] 김웅 ""당대표 되면 제일 먼저 이스타항공 노조 찾아갈 것""",2021-05-13 09:48:00,이재우,2021-05-13 11:16:00,"김웅은 절대
당대표않됨
그리고
아직은 능력부족"
"[시선집중] 김웅 ""당대표 되면 제일 먼저 이스타항공 노조 찾아갈 것""",2021-05-13 09:48:00,조택련,2021-05-13 11:11:00,생각이 이러니  ㅉ ㅉ --좀 대국적 소갠으로 큰정치를~~~~
"[시선집중] 김웅 ""당대표 되면 제일 먼저 이스타항공 노조 찾아갈 것""",2021-05-13 09:48:00,조성국,2021-05-13 11:03:00,당대표는 나경원 전대표님
"[시선집중] 김웅 ""당대표 되면 제일 먼저 이스타항공 노조 찾아갈 것""",2021-05-13 09:48:00,dmfalfeo,2021-05-13 11:01:00,"노동자를 위한다면
비정규직을 철폐해야지
검생 아저씨가
노동자에 대해 뭘 안다고
깝쭉되냐!!!"
"[시선집중] 김웅 ""당대표 되면 제일 먼저 이스타항공 노조 찾아갈 것""",2021-05-13 09:48:00,!,2021-05-13 10:59:00,이번에국민의힘에서초선이당대표되면지지율이민주당보다월등히올라가고내년대선에서도반드시이긴다
"[시선집중] 김웅 ""당대표 되면 제일 먼저 이스타항공 노조 찾아갈 것""",2021-05-13 09:48:00,닉네임을 등록해주세요,2021-05-13 10:56:00,국짐당이제는 김웅의원.이준석등이 뭘알아 대표된다고설치고.조금있으면 꽃제비와태영호도나올련지궁금하다
"[시선집중] 김웅 ""당대표 되면 제일 먼저 이스타항공 노조 찾아갈 것""",2021-05-13 09:48:00,情,2021-05-13 10:52:00,"이사람.
퇴출"
"[시선집중] 김웅 ""당대표 되면 제일 먼저 이스타항공 노조 찾아갈 것""",2021-05-13 09:48:00,future,2021-05-13 10:52:00,대표 후보가 없나
"[시선집중] 김웅 ""당대표 되면 제일 먼저 이스타항공 노조 찾아갈 것""",2021-05-13 09:48:00,라라,2021-05-13 10:45:00,"제대로 할려고 하네 
홍보단 훨 낫다고본다"
"[시선집중] 김웅 ""당대표 되면 제일 먼저 이스타항공 노조 찾아갈 것""",2021-05-13 09:48:00,길상,2021-05-13 10:38:00,"이넘 출당시켜라
싹이 노랗다
어느지역 출신인지 밝혀주기 바란다
다음 총선때  절대로 공천 주지마라"
"[시선집중] 김웅 ""당대표 되면 제일 먼저 이스타항공 노조 찾아갈 것""",2021-05-13 09:48:00,jslove,2021-05-13 10:30:00,"별 허접한 쓰레기들이 누릴 것 다 누리고 이젠 노동자 어쩌구 하며 또 위에서 굴림할려고 하네....
야 임마!
이제부터는 법때문에 울고있는 불우한 사람들을 찾아다니며 봉사해라 쓰레기야!
김웅 쓰레기  김웅 쓰레기  김웅 쓰레기  김웅 쓰레기  김웅 쓰레기  김웅 쓰레기  
김웅 쓰레기  김웅 쓰레기  김웅 쓰레기  김웅 쓰레기  김웅 쓰레기  김웅 쓰레기"
"[시선집중] 김웅 ""당대표 되면 제일 먼저 이스타항공 노조 찾아갈 것""",2021-05-13 09:48:00,잘살아보세,2021-05-13 10:20:00,존재 자체를 부정하는 당 출신.
"[시선집중] 김웅 ""당대표 되면 제일 먼저 이스타항공 노조 찾아갈 것""",2021-05-13 09:48:00,빈잔,2021-05-13 10:19:00,"넌 안된다   이준석이에게 털린다
힘내라 무너지고있는 힘당"
"[시선집중] 김웅 ""당대표 되면 제일 먼저 이스타항공 노조 찾아갈 것""",2021-05-13 09:48:00,핑크팬더,2021-05-13 10:16:00,"일단 식상한 사람이 아니어서 긍정적입니다.
국민의 힘의 변화를 기대합니다.

그러나 잊지 말아야 할 것 이 한가지 있습니다.
홍준표님도 처음에는 무척 신선한 모래시계 검사 이미지로 정치에 데뷔했다는 것을...

""메멘토 모리"""
"[시선집중] 김웅 ""당대표 되면 제일 먼저 이스타항공 노조 찾아갈 것""",2021-05-13 09:48:00,비밀서윤,2021-05-13 10:07:00,"바보야
귀족노조편들겠다이거냐."
"[시선집중] 김웅 ""당대표 되면 제일 먼저 이스타항공 노조 찾아갈 것""",2021-05-13 09:48:00,꼬내기,2021-05-13 09:59:00,"대깨들부터 찾아가라.
다음 공천때 자리 부탁하러."
"[시선집중] 김웅 ""당대표 되면 제일 먼저 이스타항공 노조 찾아갈 것""",2021-05-13 09:48:00,자유인,2021-05-13 09:58:00,"아이 쒸~~
순간 뿜었다.
정치를 개같이 배워서는...
니들이 언제 노조를 위했다고....척 하면서 정치적으로 이용하려고 잔머리 굴리네...  검찰출신 아니랄까봐"
"[시선집중] 성일종 ""문 대통령 현실과 괴리.. 문제된 장관들, 한번 임명해봐라""",2021-05-11 09:47:00,대니얼,2021-05-11 11:56:00,"현실이면
당신네
감옼이다"
"[시선집중] 성일종 ""문 대통령 현실과 괴리.. 문제된 장관들, 한번 임명해봐라""",2021-05-11 09:47:00,키싱구라미,2021-05-11 11:24:00,검사출신들이 흠집내기만하는 청문회!  자기들한테는 관대하다.
"[시선집중] 성일종 ""문 대통령 현실과 괴리.. 문제된 장관들, 한번 임명해봐라""",2021-05-11 09:47:00,사진가,2021-05-11 11:23:00,돈이라면 뭐든지 하는 당에서 할 소리는 아닌 듯.
"[시선집중] 성일종 ""문 대통령 현실과 괴리.. 문제된 장관들, 한번 임명해봐라""",2021-05-11 09:47:00,좋은일만,2021-05-11 11:13:00,"국개의원 해먹을려고
자기 형 성완종을 죽인 왜구당에 
기들어가서 수구 개노릇 하는 인간말종.?
저런 쓰레기 불러서 짖게하는 털보는 머냐?"
"[시선집중] 성일종 ""문 대통령 현실과 괴리.. 문제된 장관들, 한번 임명해봐라""",2021-05-11 09:47:00,GcTdiYCjZ0DrREz6cHZJ5FzYSsVSs4,2021-05-11 11:07:00,야당은 반대만 하라고 있는거지. 그러니 반대는 당연히 할테고. 따라서 반대는 하려면 하게 놨두고 가던 길 가면 되요. 반대가 하루이틀 일도 아니고. 걔들 반대는 그냥 개들 습관. 개가 똥 먹는 습관을 버리면 개가 아니지. 걔들은 똥을 못 끊는 개들이지.
"[시선집중] 성일종 ""문 대통령 현실과 괴리.. 문제된 장관들, 한번 임명해봐라""",2021-05-11 09:47:00,영마차,2021-05-11 10:38:00,야당반대가 저정도면 인사가 잘되었다는것인데~대통령께선  좌고우면하지 마시고 국민만 바라보십시요.
"[시선집중] 성일종 ""문 대통령 현실과 괴리.. 문제된 장관들, 한번 임명해봐라""",2021-05-11 09:47:00,권혁수,2021-05-11 10:54:00,대깨문이니??
"[시선집중] 성일종 ""문 대통령 현실과 괴리.. 문제된 장관들, 한번 임명해봐라""",2021-05-11 09:47:00,멸치아빠,2021-05-11 10:30:00,"이정도면 민주당은  그냥 모지리 정당이다 
여당이 야당이고 야당이 여당이네 
아이구 민주당아  아이고 모지리들아"
"[시선집중] 성일종 ""문 대통령 현실과 괴리.. 문제된 장관들, 한번 임명해봐라""",2021-05-11 09:47:00,해변길손,2021-05-11 10:14:00,"많은 국민들은

국짐들을 아예 신뢰하지 않는다.

고래고기 원내대표.23억 당대표ㅡ

콜라보가 멋진 부패당이잖아ㅡ"
"[시선집중] 성일종 ""문 대통령 현실과 괴리.. 문제된 장관들, 한번 임명해봐라""",2021-05-11 09:47:00,독립운동가가 지폐에 없는이유,2021-05-11 10:12:00,"성조기, 일장기부대 십알단이 국적당과 같은 이승만의 후예라는것에 늘 감사하다 ~"
"[시선집중] 성일종 ""문 대통령 현실과 괴리.. 문제된 장관들, 한번 임명해봐라""",2021-05-11 09:47:00,날센돌이,2021-05-11 10:11:00,29명을 했는데 못할끼 뭐 있소 옛날기록 보니 본인이 한 말도 까먹고 얘기 하던데 심각하요
"[시선집중] 성일종 ""문 대통령 현실과 괴리.. 문제된 장관들, 한번 임명해봐라""",2021-05-11 09:47:00,허성욱,2021-05-11 10:10:00,"초딩들

함해봐 해봐

저런 인사가 국회의원이니 ㅉㅉ"
"[시선집중] 성일종 ""문 대통령 현실과 괴리.. 문제된 장관들, 한번 임명해봐라""",2021-05-11 09:47:00,나랑해,2021-05-11 10:09:00,"높은 자리에 있는 자 중에 국민이 존경하고 신뢰할 만한 제대로 된 인물이 없다는 것이 문제임.
다 부도덕하고 뭘 해쳐먹어야 높은 자리로 갈 수 있어 그런가보다라는 생각이 듬."
"[시선집중] 성일종 ""문 대통령 현실과 괴리.. 문제된 장관들, 한번 임명해봐라""",2021-05-11 09:47:00,오솔길,2021-05-11 09:59:00,앞으론  국회의원후보자도 철저히  검정하라 살아남는 사람이있는지 보자
"[시선집중] 성일종 ""문 대통령 현실과 괴리.. 문제된 장관들, 한번 임명해봐라""",2021-05-11 09:47:00,수구리,2021-05-11 09:52:00,원칙??????기냥 말 작난인거지요....
"[시선집중] 조해진 ""김종인 어차피 같이할 분, 가시 돋친 말 서로 자제해야""",2021-04-28 09:39:00,백두대간,2021-04-28 12:29:00,태극기   앞세우고 .
"[시선집중] 조해진 ""김종인 어차피 같이할 분, 가시 돋친 말 서로 자제해야""",2021-04-28 09:39:00,sunkyung,2021-04-28 10:21:00,"조해진씨  당신 아웃이야
김종인같은 노회한정치꾼한테 기댈려는
당신한테 무슨 희망이 있겠나."
"[뉴스하이킥] 김재섭 ""현시점에서 사면요구 부적절, 탄핵 정당성 논의 또한 옳지않아""",2021-04-22 06:07:00,레인저,2021-04-22 11:43:00,"니놈 선배들이 사욕이 앞서
탄핵에 앞장섰지
정권 뺏기고 지금 정권 찾겠단다
개가 웃고 자빠졌다"
"[시선집중] 권성동 ""윤석열, 정당 들어와야 혜택 많아.. 정무감각 있다면 우리에게 합류할 것""",2021-04-22 09:43:00,무지개,2021-04-22 12:33:00,성동이 너는 아직도 살아있냐? 좀 없어줘 줄래?
"[시선집중] 권성동 ""윤석열, 정당 들어와야 혜택 많아.. 정무감각 있다면 우리에게 합류할 것""",2021-04-22 09:43:00,syjo,2021-04-22 11:48:00,"석열이,   사기꾼 모녀가 사기 불법 탈세로 모은 천억

재산 있는데 한나라당 간판이 왜 필요해.

."
"[시선집중] 권성동 ""윤석열, 정당 들어와야 혜택 많아.. 정무감각 있다면 우리에게 합류할 것""",2021-04-22 09:43:00,잔트가르,2021-04-22 11:45:00,응  너내에개 합류안할걸 해도 지몸값올리다가 하겟지 ㅋ ㅋ ㅋ ㅋ
"[시선집중] 권성동 ""윤석열, 정당 들어와야 혜택 많아.. 정무감각 있다면 우리에게 합류할 것""",2021-04-22 09:43:00,보스,2021-04-22 11:32:00,국짐당 니들 맘대로 해석하고 각본쓰고 어쩌구니없네 대통령감 하나없어서 그렇게까지 구걸해야될까 한심하다
"[시선집중] 권성동 ""윤석열, 정당 들어와야 혜택 많아.. 정무감각 있다면 우리에게 합류할 것""",2021-04-22 09:43:00,전형권,2021-04-22 11:12:00,배신자권선동 정치권에서퇴출시켜야한다
"[시선집중] 권성동 ""윤석열, 정당 들어와야 혜택 많아.. 정무감각 있다면 우리에게 합류할 것""",2021-04-22 09:43:00,김석동,2021-04-22 11:02:00,"지지도 1위였던 안철수를 끌어들려 오세훈이 당선에 이용하여 재미를 톡톡히 보더니
이제는 국짐당이 지지도 1위인 윤석열을 끌여들여 이용하여 
친일매국노 국짐당 후보를 당선시키려는 전략이구나. 결국 안철수와 윤석열은 이용만 당하구."
"[시선집중] 권성동 ""윤석열, 정당 들어와야 혜택 많아.. 정무감각 있다면 우리에게 합류할 것""",2021-04-22 09:43:00,나옹,2021-04-22 10:53:00,윤석열들어가서 경쟁해라
"[시선집중] 권성동 ""윤석열, 정당 들어와야 혜택 많아.. 정무감각 있다면 우리에게 합류할 것""",2021-04-22 09:43:00,하늘아래사랑이,2021-04-22 10:52:00,"윤석열 지지율 보면 그냥 국힘당 지지율인거 같은데...
거기에 중도쪽 표가 있는거 같고...
솔직히 윤석열 지지율이 왜 높은지는 이해가 되지는 않는데
글쎄 언제까지 이 지지율이 계속 갈까?? 정지인은 메세지가 너무 중요한데
주변에서 코칭을 한다고 해도.. 그 국민들읙 공감능력과 정무적 감각이 있을까?
정말 의구심만 든다."
"[시선집중] 권성동 ""윤석열, 정당 들어와야 혜택 많아.. 정무감각 있다면 우리에게 합류할 것""",2021-04-22 09:43:00,허그,2021-04-22 10:43:00,"부패한검사출신은 정치를 금지하는 법을 제정해라..

강원랜드 채용비리를 저질러놓고도 법사워원장이어서  봐주는 검찰에 학을 뗀다"
"[시선집중] 권성동 ""윤석열, 정당 들어와야 혜택 많아.. 정무감각 있다면 우리에게 합류할 것""",2021-04-22 09:43:00,원찬,2021-04-22 10:41:00,여기 문슬람들 많네. 알바중이니? ㅋㅋ
"[시선집중] 권성동 ""윤석열, 정당 들어와야 혜택 많아.. 정무감각 있다면 우리에게 합류할 것""",2021-04-22 09:43:00,gulei,2021-04-22 10:31:00,"우리가보기엔니부터국민을
기만한범법자로보인다
윤짜장은국민을더기만하고
검새의직분을자기사전정치
한자가국민을기만범죄자가
아니고무엇인가
그런데무슨정치를하니다고
대선지지1위라고땃따붓따
난리냐니부타정치계에서사
퇴하고나가라"
"[시선집중] 권성동 ""윤석열, 정당 들어와야 혜택 많아.. 정무감각 있다면 우리에게 합류할 것""",2021-04-22 09:43:00,친일파아웃,2021-04-22 10:29:00,"이제 다시 친일파 가 자기들 범죄잊고
이명박 박근혜  사면 이야기 하고

윤석열 끌어들여  아주 대한민국 썩게 만들고

나 해쳐 먹으려 하는구나 

이게 이번에 오세훈 박형준 뽑은 후유증이다 

좀 생긱하고 했어야 하는데 

국민들은 이자들의  이런 행태를  생각하고 
짧은 식견으로  판단하지말고

대오각성하고 멀리 깊게 내다봐야 한다

민주당은 검찰개혁 언론개혁에 주력해라

국민들  말만 잘 따르면 당장은 아니어도
앞으로 국민들 과 대한민국 민주당에 
공정한 기회가 많아질 것이다"
"[시선집중] 권성동 ""윤석열, 정당 들어와야 혜택 많아.. 정무감각 있다면 우리에게 합류할 것""",2021-04-22 09:43:00,김강산,2021-04-22 10:26:00,요즘은 다음이 네이버보다 더 적폐언론화 되어있다.  무조건 미디어 바우처제 실시하라...
"[시선집중] 권성동 ""윤석열, 정당 들어와야 혜택 많아.. 정무감각 있다면 우리에게 합류할 것""",2021-04-22 09:43:00,FadeOut,2021-04-22 10:06:00,"사면 운운하는 이상 국힘에 들어가면 안된다고 본다.

확실히 정리해야됨.

윤석열 정당에 맘이 맞는 의원들이 이동하는 식이 맞다고 봅니다."
"[시선집중] 권성동 ""윤석열, 정당 들어와야 혜택 많아.. 정무감각 있다면 우리에게 합류할 것""",2021-04-22 09:43:00,뚜벅이,2021-04-22 10:03:00,"속지말고
구정물에  맑은 물 타 봐야 구정물...
지네들  자리 지킬려고 지네들 동네오래."
"[시선집중] 권성동 ""윤석열, 정당 들어와야 혜택 많아.. 정무감각 있다면 우리에게 합류할 것""",2021-04-22 09:43:00,가을아이,2021-04-22 10:00:00,"씨레기 집합소 국민의적(당), 이제는 우리나라 최고의 씨레기를 받으려하네.."
"[시선집중] 권성동 ""윤석열, 정당 들어와야 혜택 많아.. 정무감각 있다면 우리에게 합류할 것""",2021-04-22 09:43:00,bulgogumi,2021-04-22 09:59:00,"그 밥에 그 나물 상부상조~
서로 덮어주고 보듬어주고
해로운 적은 서로 처리해주는 사이
훈훈하네요 ㅋㅋ"
"[시선집중] 권성동 ""윤석열, 정당 들어와야 혜택 많아.. 정무감각 있다면 우리에게 합류할 것""",2021-04-22 09:43:00,우일신,2021-04-22 09:57:00,"우리 춘장의 코붕스 ㅡ
발정준포, 황당교안, 원희롱이, 권생뚱이,
금태서비, 김도으비, 곽쌍또리, 정쩜시기,
유상버미, 의뭉기뭉 등등

무슨 정치검사당이가??? ㅉㅉ"
"[뉴스하이킥] ""국민의힘 비대위는 '봉숭아 학당'""",2021-04-12 19:30:00,용가리,2021-04-13 17:58:00,"민주당이나 국짐이나
검언개혁 안하는건 똑같드라"
"[뉴스하이킥] ""국민의힘 비대위는 '봉숭아 학당'""",2021-04-12 19:30:00,김은정,2021-04-13 08:28:00,내로남불   아직도  내로남불
"[뉴스하이킥] ""국민의힘 비대위는 '봉숭아 학당'""",2021-04-12 19:30:00,dfqvrh,2021-04-13 06:07:00,국민 눈귀를 막는   언론개혁을  해야 합니다 거대 언론들이 자기들 입맛에   맞게 하는 언론은 개혁을 해야  나라  정의가 바로 섭니다
"[뉴스하이킥] ""국민의힘 비대위는 '봉숭아 학당'""",2021-04-12 19:30:00,시골의사,2021-04-13 05:55:00,내로남불당많하겠니
"[뉴스하이킥] ""국민의힘 비대위는 '봉숭아 학당'""",2021-04-12 19:30:00,소통,2021-04-13 05:14:00,앞으로 나라국민위해 유승김무  가만있어주세요
"[뉴스하이킥] ""국민의힘 비대위는 '봉숭아 학당'""",2021-04-12 19:30:00,소통,2021-04-13 05:12:00,홍준표복당제발하라하세요   당간섭하지마라하세요
"[뉴스하이킥] ""국민의힘 비대위는 '봉숭아 학당'""",2021-04-12 19:30:00,King Choi,2021-04-13 00:45:00,국짐은 헛소리 잘하는넘이 당대표 아녀?
"[뉴스하이킥] ""국민의힘 비대위는 '봉숭아 학당'""",2021-04-12 19:30:00,jhc1012,2021-04-12 19:55:00,제목 꼬라지 하고는 MBC는 언론도 아닌듯..
"[시선집중] 홍문표 ""김종인 '아사리판', 정치적 망발.. 제3신당에 함께 한다면 부화뇌동""",2021-04-16 10:03:00,음냐리,2021-04-16 10:19:00,"난 김종인이 고만 은퇴했으면 
하고 바라는 사람인데
한데 맞자나 아사리판
니네 하는꼴이 아사리판이 아니면 뭐냐?"
"[시선집중] 홍문표 ""김종인 '아사리판', 정치적 망발.. 제3신당에 함께 한다면 부화뇌동""",2021-04-16 10:03:00,sjpark,2021-04-16 10:05:00,그럼 오세훈. 박형준 처럼 당내에서 찾아야 하는데 등잔밑이 어둡다라고 박근혜 전대통령 직무정지시 대통령권한대행 하여 무사히 국정을 마무리한 황규완 전총리도 있죠. 임진란 선조를 도와 난세를 이끈 영의정 류성룡. 위나라를 다시 세운 조조와 같죠
"[시선집중] 홍문표 ""김종인 '아사리판', 정치적 망발.. 제3신당에 함께 한다면 부화뇌동""",2021-04-16 10:03:00,음냐리,2021-04-16 10:20:00,"뭔 개똥같은 인물에 감투한번 
거창하게도 씌워준다 
유성용?조조?
지하에서 우시것다"
"[시선집중] 유승민 ""4.7 승리 확신. 안철수와 국민의힘 화합력 높을 것""",2021-03-25 10:14:00,김자,2021-03-25 11:25:00,"후후
희망사항임을 분명히한다
안철수는 국짐당 통채로 먹으려 안달이고
김종인은 안철수 아용해머꼬 토사구팽 시키려 기회볼것"
"[시선집중] 유승민 ""4.7 승리 확신. 안철수와 국민의힘 화합력 높을 것""",2021-03-25 10:14:00,거공,2021-03-25 10:25:00,"김영춘 박영선  두분 시장
확신 합니다"
"[시선집중] 유승민 ""4.7 승리 확신. 안철수와 국민의힘 화합력 높을 것""",2021-03-25 10:14:00,tjqwo,2021-03-25 10:28:00,국짐당은 없어져야할당  같은데~~
"[시선집중] 유승민 ""4.7 승리 확신. 안철수와 국민의힘 화합력 높을 것""",2021-03-25 10:14:00,박창규,2021-03-25 11:02:00,지지율  올라간다고  촐량대지  마라
"[시선집중] 유승민 ""4.7 승리 확신. 안철수와 국민의힘 화합력 높을 것""",2021-03-25 10:14:00,김자,2021-03-25 11:27:00,"안철수는 국짐당 통채로 먹으려 안달이고
김종인은 안철수 아용해머꼬 토사구팽 시키려 기회볼것
어느쪽이 이기든 대한민국 국민에겐 대 마왕 적패 하나가 키워진것
그 뒤치닥꺼리하느라 또 얼마나 힘들꼬"
"[시선집중] 유승민 ""4.7 승리 확신. 안철수와 국민의힘 화합력 높을 것""",2021-03-25 10:14:00,이도연,2021-03-25 10:54:00,"김무성 유승민은
국힘에 마이너스다"
"[시선집중] 유승민 ""4.7 승리 확신. 안철수와 국민의힘 화합력 높을 것""",2021-03-25 10:14:00,hope1,2021-03-25 10:42:00,아무리여당이 미워도 국짐당은 아니다.
"[시선집중] 유승민 ""4.7 승리 확신. 안철수와 국민의힘 화합력 높을 것""",2021-03-25 10:14:00,풍차,2021-03-25 10:52:00,박형준 의혹 기사는 하나도 안나오고 관심없는 유승민 기사만 나오네 포털 박형준 기사좀 내보내라
"[뉴스하이킥] ""단일화 여론조사 응답율, 이례적으로 높아.. 安의 입은 '악재'?""",2021-03-22 20:52:00,산골사람,2021-03-22 21:23:00,안철수 후보 태극기 부대의 지지를 업고 싶은 모양. 그러나 잘못하면 모두를 잃을 수도.
"[뉴스하이킥] ""단일화 여론조사 응답율, 이례적으로 높아.. 安의 입은 '악재'?""",2021-03-22 20:52:00,joohee lee,2021-03-22 21:20:00,안철수 궁지에  몰리니 네거티브만 잔뜩 나오네요.
"[뉴스하이킥] ""단일화 여론조사 응답율, 이례적으로 높아.. 安의 입은 '악재'?""",2021-03-22 20:52:00,열심히사는사람,2021-03-22 23:37:00,아줌마 이건 좀 선넘었다
"[뉴스하이킥] ""단일화 여론조사 응답율, 이례적으로 높아.. 安의 입은 '악재'?""",2021-03-22 20:52:00,드라이플라워,2021-03-23 00:29:00,세프보상이 네거티브? ㅋ  사실40 억 받았자나?
"[뉴스하이킥] ""단일화 여론조사 응답율, 이례적으로 높아.. 安의 입은 '악재'?""",2021-03-22 20:52:00,tktlfqkttn,2021-03-22 21:22:00,글쎄 단일화해도 끝내는 박영선한테 질것 같다.
"[뉴스하이킥] ""단일화 여론조사 응답율, 이례적으로 높아.. 安의 입은 '악재'?""",2021-03-22 20:52:00,알부자,2021-03-22 21:31:00,"공부를 좀 하면 뭐하고,돈이 많으면 뭐하니,철새는 주인이(국민)없으니  무리에 우두머리가 되면 안되고,  입만 열면 왈왈 짖고 똠을 찾아 헤메니 냄새만 풍기는   배신자여,ㅡㅡ"
"[뉴스하이킥] ""단일화 여론조사 응답율, 이례적으로 높아.. 安의 입은 '악재'?""",2021-03-22 20:52:00,ajskch,2021-03-23 05:37:00,나라 말아먹구 국민을 개 돼지루 보는 문재인 보다는 났다
"[뉴스하이킥] ""단일화 여론조사 응답율, 이례적으로 높아.. 安의 입은 '악재'?""",2021-03-22 20:52:00,나그네,2021-03-22 21:23:00,"아쉽다~~ 안철수
서로 덕담을 주고 받았으면 더 멋질텐데~~
너무 속보이는 행동을 하다니~~ 쩝쩝쩝~~"
"[뉴스하이킥] ""단일화 여론조사 응답율, 이례적으로 높아.. 安의 입은 '악재'?""",2021-03-22 20:52:00,드라이플라워,2021-03-23 00:32:00,셀프보상 잘하셨습니다 시장되면 더 해드십시요~~~  이게 덕담이지ㅋ
"[뉴스하이킥] ""단일화 여론조사 응답율, 이례적으로 높아.. 安의 입은 '악재'?""",2021-03-22 20:52:00,쟈스민,2021-03-23 00:39:00,안철수 잘하고있어  ㅋㅋㅋ
"[뉴스하이킥] ""단일화 여론조사 응답율, 이례적으로 높아.. 安의 입은 '악재'?""",2021-03-22 20:52:00,웅이love,2021-03-23 01:33:00,느그나 신경써~~라도야
"[뉴스하이킥] ""단일화 여론조사 응답율, 이례적으로 높아.. 安의 입은 '악재'?""",2021-03-22 20:52:00,산유화,2021-03-23 02:05:00,문만  아니면되
"[뉴스하이킥] ""단일화 여론조사 응답율, 이례적으로 높아.. 安의 입은 '악재'?""",2021-03-22 20:52:00,호이호이,2021-03-23 04:13:00,주고받을 덕담이 있냐? ㅋㅋㅋㅋ 종인이 할배 안철수한테 삐쳐서 계속 몽니 부리는거 못봤음???
"[뉴스하이킥] ""단일화 여론조사 응답율, 이례적으로 높아.. 安의 입은 '악재'?""",2021-03-22 20:52:00,ajskch,2021-03-23 05:39:00,문가네 시녀들만 아니면 누구라두 좋타
"[뉴스하이킥] ""단일화 여론조사 응답율, 이례적으로 높아.. 安의 입은 '악재'?""",2021-03-22 20:52:00,김민성,2021-03-22 21:29:00,"만년철수가  마음이  급해서  상대  후보  약점을  여론조사 중에  폭탄 발언  !!!  말 로는  야  통합을  주장  하면서  적도 아닌 댠일화  후뵤를  뒤통수를  치는것을 보니  !!!  
또  철수  하게  생겼다 !!!   만년철수  !!!"
"[뉴스하이킥] ""단일화 여론조사 응답율, 이례적으로 높아.. 安의 입은 '악재'?""",2021-03-22 20:52:00,참으세요,2021-03-23 00:50:00,안타깝소 대깨문님
"[뉴스하이킥] ""단일화 여론조사 응답율, 이례적으로 높아.. 安의 입은 '악재'?""",2021-03-22 20:52:00,SKLS,2021-03-22 21:27:00,간잽이  단일화인데 상대등에 칼꽂고  오늘 태극기부대  유투버찾아다니면서 읍소질  역겹지 않은가? 이인간 정체성이 뭐야   정치를 진짜 더럽게 한다 이희찬전대표가 한말 꽃은 꽃인데 조화  아무대나 꽂고  다니는  쓰레기 정치인
"[뉴스하이킥] ""단일화 여론조사 응답율, 이례적으로 높아.. 安의 입은 '악재'?""",2021-03-22 20:52:00,쟈스민,2021-03-23 00:35:00,"대영마린 그입닥치라
안철수가 되면  좋겠네 박영선이 쉽게 날려줄테니~"
"[뉴스하이킥] ""단일화 여론조사 응답율, 이례적으로 높아.. 安의 입은 '악재'?""",2021-03-22 20:52:00,autonomy,2021-03-22 21:32:00,"오세훈의 내곡통 땅투기 의혹과

박형준 씨와 일가와 친인척의
   4대강 사찰 원문 입수 ""홍보기획관 요청""
   국민의 짐 박형준 후보 친인척 특채 의혹
   민주당 ""박형준 엘시티에 가족명의 2채 보유
   박형준 딸, 홍대 입시 관련 비리 의혹

후안무치도 유뷴수지 손바닥으로 하늘을 못가린다."
"[뉴스하이킥] ""단일화 여론조사 응답율, 이례적으로 높아.. 安의 입은 '악재'?""",2021-03-22 20:52:00,고도의 저격수,2021-03-22 22:33:00,"이재명 추미애 박영선 유시민등 우리들이 지지하는 경상도친노들 대통령타령해가며 
미친듯이 칭찬 찬양질하는  대깨문 경상도노빠문빠넘들 그러면서 윤석열검찰총장등  우리들이 지지하는 경상도친노들 정치하는거에 방해 걸림돌되는 정치인들은
또 미친듯이 욕질하고다니애들이 더불어당의 당원이자 경상도친노들 지지하는 대깨문 경상도노빠문빠넘들이지 
그러면서 우리들이 지지하는 문재인및 경상도친노들에게 우리들이당원인 더불어당의 

충성딱가리하는 양향자이낙연박범계등 비경상도출신친노친문들에게는 이용해먹을려고 좋아하지도않으면서 

칭찬하는척하며 지지자행세하지"
"[뉴스하이킥] ""단일화 여론조사 응답율, 이례적으로 높아.. 安의 입은 '악재'?""",2021-03-22 20:52:00,고도의 저격수,2021-03-22 22:37:00,"카카오 4.7 보궐선거 관련기사마다 더불어당의 당원이자 추미애 이재명 박영선김경수조국등 
경상도친노들 지지하는 대깨문경상도노빠문빠것들출동해서 국민의힘당및오세훈등국민의힘당후보들 

욕질하며 온라인유세하던데 이기사에도 출동했구나"
"[뉴스하이킥] ""단일화 여론조사 응답율, 이례적으로 높아.. 安의 입은 '악재'?""",2021-03-22 20:52:00,봄,2021-03-22 22:47:00,제 2의  김대업사건
"[뉴스하이킥] ""단일화 여론조사 응답율, 이례적으로 높아.. 安의 입은 '악재'?""",2021-03-22 20:52:00,드라이플라워,2021-03-23 00:30:00,광후니 친구 투기꾼 세후니가 시장되면 광화문 난리나는건가?
"[뉴스하이킥] ""단일화 여론조사 응답율, 이례적으로 높아.. 安의 입은 '악재'?""",2021-03-22 20:52:00,아바스노트,2021-03-23 03:19:00,엠비씨 애쓰네!
"[뉴스하이킥] ""단일화 여론조사 응답율, 이례적으로 높아.. 安의 입은 '악재'?""",2021-03-22 20:52:00,Domo,2021-03-22 21:25:00,"재산이 몇천억원이면서  한다는 견소리가  난  집없는  아저씨,  아저씨  정치판에서  꺼지세요"
"[뉴스하이킥] ""단일화 여론조사 응답율, 이례적으로 높아.. 安의 입은 '악재'?""",2021-03-22 20:52:00,나는요,2021-03-23 00:51:00,안철수가 1500억 기부? 말만했지 실제론 안했슴 안랩 주식 직원들에 나눠 준다고 하고 안줬슴
"[뉴스하이킥] ""단일화 여론조사 응답율, 이례적으로 높아.. 安의 입은 '악재'?""",2021-03-22 20:52:00,나베 국짐 조중동 Da-um친일파놈,2021-03-22 21:28:00,"여기서 해보자,
박영선 올려, 국짐 내려"
"[뉴스하이킥] ""단일화 여론조사 응답율, 이례적으로 높아.. 安의 입은 '악재'?""",2021-03-22 20:52:00,써니9548,2021-03-22 21:36:00,ㅋㅋ진짜 대깨문들은 정말 노답이다 노답..이것들은 나라가 쳐 망해도 그분은 건들지마 이거지?? 이것들은 태극기부대보다도 더 한것들임ㅉㅉ
"[뉴스하이킥] ""단일화 여론조사 응답율, 이례적으로 높아.. 安의 입은 '악재'?""",2021-03-22 20:52:00,Azera,2021-03-22 21:43:00,전두환시절 체육관 선거 보는거 같네 ㅋㅋ
"[뉴스하이킥] ""단일화 여론조사 응답율, 이례적으로 높아.. 安의 입은 '악재'?""",2021-03-22 20:52:00,비타민 플러스,2021-03-22 21:45:00,"말많고
남비방만으로는
그누구든 살아남기
힘든법이지..."
"[뉴스하이킥] ""단일화 여론조사 응답율, 이례적으로 높아.. 安의 입은 '악재'?""",2021-03-22 20:52:00,무지개,2021-03-22 21:52:00,"나 올립니다
민주당 홧팅"
"[뉴스하이킥] ""단일화 여론조사 응답율, 이례적으로 높아.. 安의 입은 '악재'?""",2021-03-22 20:52:00,남동엽,2021-03-22 22:25:00,근데 성추행 때문에 자기가 책임 못지고 가족 다 내팽겨치고 자살한 무책임한 사람 때문에 이뤄지는 선거인데 그사람이랑 똑같은 진영 사람 뽑는게 맞나요..?
"[뉴스하이킥] ""단일화 여론조사 응답율, 이례적으로 높아.. 安의 입은 '악재'?""",2021-03-22 20:52:00,밤가이,2021-03-22 22:38:00,태극기 VS 대깨문 진정한 승자는?
"[뉴스하이킥] ""단일화 여론조사 응답율, 이례적으로 높아.. 安의 입은 '악재'?""",2021-03-22 20:52:00,즐거운아침,2021-03-22 23:31:00,"표씨 은근히 뒤로 호박씨까며
더듬이 쓰다듬던데
이런방송 왜하니?
담번 총선에 한자리 하겠구만"
"[뉴스하이킥] ""단일화 여론조사 응답율, 이례적으로 높아.. 安의 입은 '악재'?""",2021-03-22 20:52:00,하루하른,2021-03-23 00:32:00,"박원순의 서울시

철거비만 봐도 수천억원  역대 최고가 아닌가 싶다."
"[뉴스하이킥] ""단일화 여론조사 응답율, 이례적으로 높아.. 安의 입은 '악재'?""",2021-03-22 20:52:00,답답한사람들,2021-03-23 03:24:00,니네 집에서 해라 ㅋㅋㅋㅋ
"[뉴스하이킥] ""단일화 여론조사 응답율, 이례적으로 높아.. 安의 입은 '악재'?""",2021-03-22 20:52:00,미르,2021-03-23 04:16:00,"이번 사이클 부족함이 있어도 다른길을 달려온 이 정부와 함께 할것이다!!! 힘냅시다!!!
삼성여시재 중앙일보 홍석현회장은 안녕하신가 ㅎ"
"[뉴스하이킥] ""단일화 여론조사 응답율, 이례적으로 높아.. 安의 입은 '악재'?""",2021-03-22 20:52:00,이성훈,2021-03-23 05:34:00,"킹크랩을 직접 시연하냐?ㅋㅋㅋ 많이 해봐
누가 당선되는지 ㅋ"
"[뉴스하이킥] ""단일화 여론조사 응답율, 이례적으로 높아.. 安의 입은 '악재'?""",2021-03-22 20:52:00,짱개박멸,2021-03-23 06:12:00,여기 대깨들 놀이터인데 당연히 너네가 이기겠지.ㅋㅋ
"[뉴스하이킥] ""단일화 여론조사 응답율, 이례적으로 높아.. 安의 입은 '악재'?""",2021-03-22 20:52:00,미르,2021-03-23 06:19:00,"삼성논두렁 가동이 힘드니까 ㅎ 당연 이번 보궐선거도 소비주권자들이 이겨내야지!!!
삼성여시재 중앙일보 홍석현회장은 안녕하신가 ㅎ

그리고 드루킹 ㅎ 
삼성댓글부대들아 ㅎ 
특정단체들에게 전경련통해 돈 뿌려가며 대통령과 다수주권자들간 이이제이 자중지란을
통해 열일했는데 ㅎ
버닝썬도 마찬가지고 본좌 네이버 물어봐라 ㅎ
다음 아고라한테 물어보던지 ㅎ"
"[뉴스하이킥] ""단일화 여론조사 응답율, 이례적으로 높아.. 安의 입은 '악재'?""",2021-03-22 20:52:00,미르,2021-03-23 06:24:00,"대깨문타령하며 조막손 드루킹으로 설거지한 언론과 삼성댓글부대들아 ㅎ 물어보라고 ㅎㅎㅎㅎ
다음아고라가 남아있었으면 완전 특종 특검감인데 ㅎ
대박 증거들이 넘치는데 ㅎ
시장에 넘어간 권력이ㅎ 시장권력이 한짓들 말야 ㅎ

대통령과 소비주권자들 시장 빼았고 다 죽여버린 역사가 남아 있는데 ㅎ"
"[뉴스하이킥] ""단일화 여론조사 응답율, 이례적으로 높아.. 安의 입은 '악재'?""",2021-03-22 20:52:00,너무한다,2021-03-23 12:53:00,보궐선거가 박원순때문이라 민주당 뽑으면 안된다는데.  박정희 전두환 이명박 박근혜 독재 독재 범죄자 범죄자 를 만들어온 야당은 대선 후보 내면 안되겠다? 지금까지 밝혀진 비리 금액만 따져도 수십배는 될텐데. 지 처제 성폭행한놈도 뽑아주는 인간들이. 페미로 정부공격하던 인간들이 지금은  피해자의 눈물이 증거인가봐.
"[뉴스하이킥] ""단일화 여론조사 응답율, 이례적으로 높아.. 安의 입은 '악재'?""",2021-03-22 20:52:00,규민,2021-03-22 21:26:00,"서울 시민 여러분 제발 투표 잘 합시다.
이명박근혜 시대가 올까봐 두렵습니다. ㅜㅜ
노무현대통령님을 누가 죽었습니까??
잊지 맙시다!!!!!!!!!!!!"
"[뉴스하이킥] ""단일화 여론조사 응답율, 이례적으로 높아.. 安의 입은 '악재'?""",2021-03-22 20:52:00,deepheart,2021-03-22 21:27:00,미친. .종북좌파들의  내로남불을   보면서?
"[뉴스하이킥] ""단일화 여론조사 응답율, 이례적으로 높아.. 安의 입은 '악재'?""",2021-03-22 20:52:00,freelimja,2021-03-22 21:38:00,"잊지 않아요.
역사를 보고 배우지 않는 국민에게 미래는 없다고 했으니까요."
"[뉴스하이킥] ""단일화 여론조사 응답율, 이례적으로 높아.. 安의 입은 '악재'?""",2021-03-22 20:52:00,-,2021-03-22 21:43:00,돌아왔으면좋겠다ㅜㅜ
"[뉴스하이킥] ""단일화 여론조사 응답율, 이례적으로 높아.. 安의 입은 '악재'?""",2021-03-22 20:52:00,Jacky,2021-03-22 21:57:00,"이명박근혜 2탄 되면 
서울과 부산은 코로나 지옥됨."
"[뉴스하이킥] ""단일화 여론조사 응답율, 이례적으로 높아.. 安의 입은 '악재'?""",2021-03-22 20:52:00,oh바른길,2021-03-22 22:05:00,노무현은 자기가 바위에서 떨어져서 죽었다 누가 밀었다는 야기가 나왔냐
"[뉴스하이킥] ""단일화 여론조사 응답율, 이례적으로 높아.. 安의 입은 '악재'?""",2021-03-22 20:52:00,영순위,2021-03-22 22:21:00,노무현은   권양숙땜에 자살했어. 요즘왜이리 자살이 많어? 누구 때문이야?
"[뉴스하이킥] ""단일화 여론조사 응답율, 이례적으로 높아.. 安의 입은 '악재'?""",2021-03-22 20:52:00,parkys,2021-03-22 22:45:00,"이번엔, 제대로 선출합시다, 나라가 망하게 생겼어요....능력도 없는 X들이 백성들 고혈을 니노니가내도니가  써번지며 놀고 있습니다."
"[뉴스하이킥] ""단일화 여론조사 응답율, 이례적으로 높아.. 安의 입은 '악재'?""",2021-03-22 20:52:00,봄,2021-03-22 22:46:00,"살기싫으니  본인이  뛰어내렸지
참  다아는  사실을 가지고
누가  부엉이  바위에서  말었냐고"
"[뉴스하이킥] ""단일화 여론조사 응답율, 이례적으로 높아.. 安의 입은 '악재'?""",2021-03-22 20:52:00,함께잘살기,2021-03-22 23:04:00,"노무현 팔이 그만해라.
마이 묵었다 아이가."
"[뉴스하이킥] ""단일화 여론조사 응답율, 이례적으로 높아.. 安의 입은 '악재'?""",2021-03-22 20:52:00,깔끔이,2021-03-22 23:49:00,민주당이 되던 국힘이 되던 서민이 힘든건 다 똑같음~ 이번에 오만한 민주당 박살한번 나보시길
"[뉴스하이킥] ""단일화 여론조사 응답율, 이례적으로 높아.. 安의 입은 '악재'?""",2021-03-22 20:52:00,서산대사,2021-03-22 23:58:00,"현정부에서 근로자들한테 해준 것 있으면 발해보시라하세요.
박근혜정부는 임금피크제 조건이지만 근로자 정년 2년 연장했습니다. 
정부에서 노임단가 정하고 시청산하 도시공사에서 법을 안지키는데
왜 수정명령 지시를 못하는지 정부는 답변해야 합니다.
정부에서 근로자 임금착취를 눈감고 있는 이유가 뭔지 궁금하네요
누가 현정부를 탄생시킨 건지 한번쯤 생각해 볼 필요가 있습니다."
"[뉴스하이킥] ""단일화 여론조사 응답율, 이례적으로 높아.. 安의 입은 '악재'?""",2021-03-22 20:52:00,정휘명,2021-03-22 23:59:00,ㅋㅋ 자살인데  규민씨는  모르고 계셨소  부엉바위서 따이빙했잖소  ㅎㅎ   웃기셔  서울시민들은 이미 오후보로  결정된것갖소
"[뉴스하이킥] ""단일화 여론조사 응답율, 이례적으로 높아.. 安의 입은 '악재'?""",2021-03-22 20:52:00,Sun,2021-03-23 00:04:00,국짐당ㆍㆍ폭삭망할겁니다ㆍ
"[뉴스하이킥] ""단일화 여론조사 응답율, 이례적으로 높아.. 安의 입은 '악재'?""",2021-03-22 20:52:00,jaeyoung,2021-03-23 00:41:00,"민주당은  너무 막나갔는데
   진즉 자신들은 모른다 ㅋㅋ

바보들에다  지독한  보복 정치를 보았다  공공을 앞세운  합벅적인  보복정치 형태는 지금까지 봐왔던 어느정권보다 지독 하고  포악했다고 핀단되며 지금껏  늘 어난 나라빚은  젊은이들이 책임지는겨  ??????"
"[뉴스하이킥] ""단일화 여론조사 응답율, 이례적으로 높아.. 安의 입은 '악재'?""",2021-03-22 20:52:00,참으세요,2021-03-23 00:50:00,대깨문 노무현 말 꺼내는거보소   노통 10/1만 따라했어봐  나도 이렇게는 욕 안한다
"[뉴스하이킥] ""단일화 여론조사 응답율, 이례적으로 높아.. 安의 입은 '악재'?""",2021-03-22 20:52:00,주영경,2021-03-23 00:51:00,"돈주뇽돈대해/ 님! 권양숙(노무현마누라)땜에 서방이 자살한거 어찌 아세요? 이건 정말 아는 사람  몇 안되는데? 정확히 아시네요~ 맞아요~ 꼴통기질있고 말 뽄새가 심하게 험하긴 했지만 나름 청렴은 자신하던 노무현대통령! 임기끝나고 봉하내려 갔는데 뒤늦게 마눌이 뒤로 받아 먹은거 알게 되고는 자존심도 상하고 검찰에 불려 다니고, 야당시절 전직대통들 해 먹은거 까댔으니 할 말없게 생기니 마누라,새끼들 죽일순 없고 결국 본인이 자살한거죠~"
"[뉴스하이킥] ""단일화 여론조사 응답율, 이례적으로 높아.. 安의 입은 '악재'?""",2021-03-22 20:52:00,웅이love,2021-03-23 01:31:00,"그 더러운 입으로 노무현대통령을 입에 올리지 말거라
 하늘에서 노대통령이 느그들 하는 짓을 보고 통곡하고 계 
 신다 라도야~~"
"[뉴스하이킥] ""단일화 여론조사 응답율, 이례적으로 높아.. 安의 입은 '악재'?""",2021-03-22 20:52:00,도루코면도날,2021-03-23 01:35:00,"투표 잘해야지요!
서울시민 들이 우습게보이지않게!
지금이 행복한가요?"
"[뉴스하이킥] ""단일화 여론조사 응답율, 이례적으로 높아.. 安의 입은 '악재'?""",2021-03-22 20:52:00,GodBlessme,2021-03-23 01:54:00,난 노무현 인간적으로 좋아했다 ㅡ 근데   뭉가같은 인간하고  인연을 맺은것으로 인해  인생의 마지막이  그리된거라 확신한다
"[뉴스하이킥] ""단일화 여론조사 응답율, 이례적으로 높아.. 安의 입은 '악재'?""",2021-03-22 20:52:00,Dong-Ho Bang,2021-03-23 02:16:00,"노무현대통령이 되고나서 지지자들의 가장 큰 실수는 지지하지않고 평가한것.
주변모두가 죽이려고 달려드는데 거기서 평가를 했으니 국정운영의 동력이 떨어질수밖에...

거기서 학습한 사람들이 지금 하는게 연대와 지지.
비판은 이미 주변에서 차고 넘치게한다.
언론 검찰 야당.

원하는 세상에 가까워지려면...
적어도 이명박같은 대통령을 다시보지않으려면 끝까지 끈을 놓아서는 안된다.

정치를 외면하는순간 가장 형편없는 국민의짐같은 정치세력에 지배받기때문이다."
"[뉴스하이킥] ""단일화 여론조사 응답율, 이례적으로 높아.. 安의 입은 '악재'?""",2021-03-22 20:52:00,Victoria,2021-03-23 03:07:00,"서울시민의 판단력을 믿습니다
설마 더러운 국짐당 것을 뽑겠어요?
박 영선님은 반드시 서울시장님이 될것입니다
모자란 것들은 약이 많이 오르겠네요 ㅎㅎㅎ!"
"[뉴스하이킥] ""단일화 여론조사 응답율, 이례적으로 높아.. 安의 입은 '악재'?""",2021-03-22 20:52:00,백민정,2021-03-23 04:35:00,"미친인간이구먼   니생각에는   박근혜나 이명박이보다 문재인이  정치잘하는것으로 아냐 
이렇게 가난하게  만든대통령이다"
"[뉴스하이킥] ""단일화 여론조사 응답율, 이례적으로 높아.. 安의 입은 '악재'?""",2021-03-22 20:52:00,초코파이,2021-03-23 04:45:00,제발 정신차려라 지금 세상이 그리도 좋냐
"[뉴스하이킥] ""단일화 여론조사 응답율, 이례적으로 높아.. 安의 입은 '악재'?""",2021-03-22 20:52:00,밝은별,2021-03-23 05:58:00,"너도 부엉이 바위로가라.
그러면 마음이 편할것이다,"
"[뉴스하이킥] ""단일화 여론조사 응답율, 이례적으로 높아.. 安의 입은 '악재'?""",2021-03-22 20:52:00,무명씨 3,2021-03-23 07:25:00,친노들이  노무현  등에  칼 꽂은  것  같은데?   내가  막걸리잔을  같이  기울여  본  국회의원  노무현은  꽤  괜찮은  사람이었어  그런데  대통령 노무현은  참  아니었더라   오죽하면  친노들이  자신들을  원망했었을까?  폐족이라고
"[뉴스하이킥] ""단일화 여론조사 응답율, 이례적으로 높아.. 安의 입은 '악재'?""",2021-03-22 20:52:00,무명씨 3,2021-03-23 07:27:00,나는  토착왜구도  아닌   일본에  세금  내는  본토 왜구를  지지할  마음이  전혀  없네요   그리고  무상급식에  반대한 오세훈이도  지지하고픈  마음이  없어
"[뉴스하이킥] ""단일화 여론조사 응답율, 이례적으로 높아.. 安의 입은 '악재'?""",2021-03-22 20:52:00,엘샤다이,2021-03-23 08:25:00,그 놈의 종북좌파타령 ! ㅠㅠ
"[뉴스하이킥] ""단일화 여론조사 응답율, 이례적으로 높아.. 安의 입은 '악재'?""",2021-03-22 20:52:00,영원수,2021-03-23 08:25:00,노무현 그만 팔자
"[뉴스하이킥] ""윤석열, 노무현이 되느냐 반기문이 되느냐""",2021-03-09 21:31:00,탈퇴한 사용자,2021-03-09 22:52:00,비교할걸비교해라
"[뉴스하이킥] ""윤석열, 노무현이 되느냐 반기문이 되느냐""",2021-03-09 21:31:00,나,2021-03-09 21:55:00,별......퉷
"[뉴스하이킥] ""윤석열, 노무현이 되느냐 반기문이 되느냐""",2021-03-09 21:31:00,잠비,2021-03-10 07:34:00,추장관 부하 이상 이하도 아님 ㅋㅋㅋ
"[뉴스하이킥] ""윤석열, 노무현이 되느냐 반기문이 되느냐""",2021-03-09 21:31:00,후니,2021-03-09 21:44:00,"어~~이....선 넘었어. 

한참 넘었어...어디 노통의 이름을 들먹여?"
"[뉴스하이킥] ""윤석열, 노무현이 되느냐 반기문이 되느냐""",2021-03-09 21:31:00,푸른바다,2021-03-09 22:03:00,"윤은  절대로 대통령 안된다
국민을 섬기는게 아니라
검찰조직에만 충성하는 자이다"
"[뉴스하이킥] ""윤석열, 노무현이 되느냐 반기문이 되느냐""",2021-03-09 21:31:00,Trinity,2021-03-10 06:53:00,윤석렬은 자유민주주의와 헌법을 수호해서 국민을 지키는 일을 한 사람이죠.
"[뉴스하이킥] ""윤석열, 노무현이 되느냐 반기문이 되느냐""",2021-03-09 21:31:00,근혜남편_태민장인은남로당원,2021-03-10 07:49:00,"윤석열이 자유민주주의를?
마누라와 장모는 잘 지켰던 사람이죠"
"[뉴스하이킥] ""윤석열, 노무현이 되느냐 반기문이 되느냐""",2021-03-09 21:31:00,갸름한 사각,2021-03-09 21:39:00,본인이 직접하는 게 아니고 전부 언론이 만든 이미지. 하기야 언론이 만든 이미지에 넘어간 호국민님들이 이명박근혜를 대통령으로 뽑았지. 조중동이하 언론들이 또 그런 장난질을 시작하는데 이번에도 호국민이 될까???
"[뉴스하이킥] ""윤석열, 노무현이 되느냐 반기문이 되느냐""",2021-03-09 21:31:00,허브 향기,2021-03-10 07:32:00,언론이 만든 이미지 ㅎㅎ
"[뉴스하이킥] ""윤석열, 노무현이 되느냐 반기문이 되느냐""",2021-03-09 21:31:00,JBW,2021-03-09 21:52:00,"감히 노무현 대통령을 언급하지마시죠
비교할껄 해야자"
"[뉴스하이킥] ""윤석열, 노무현이 되느냐 반기문이 되느냐""",2021-03-09 21:31:00,굿맨,2021-03-10 07:40:00,나라  창피 한일 자살 ㅎ
"[뉴스하이킥] ""윤석열, 노무현이 되느냐 반기문이 되느냐""",2021-03-09 21:31:00,월하,2021-03-10 07:55:00,"이 기사 쓰레기다.
감히 노무현 대통령과 일개 윤가놈을 맞대다니..
예의가 없네.."
"[뉴스하이킥] ""윤석열, 노무현이 되느냐 반기문이 되느냐""",2021-03-09 21:31:00,여포,2021-03-09 21:41:00,언론 윤석열 그만 좀 말하시지.
"[뉴스하이킥] ""윤석열, 노무현이 되느냐 반기문이 되느냐""",2021-03-09 21:31:00,유목인 바람,2021-03-09 22:59:00,검찰 총장하면서 정치 했다.
"[뉴스하이킥] ""윤석열, 노무현이 되느냐 반기문이 되느냐""",2021-03-09 21:31:00,넓은 세상을 향해,2021-03-09 21:47:00,"노통을 어디다 갖다붙이노 감히
선배세컨을  데리고 사는  쓰 ㄹㅔ 기  를"
"[뉴스하이킥] ""윤석열, 노무현이 되느냐 반기문이 되느냐""",2021-03-09 21:31:00,김미연,2021-03-09 21:59:00,윤석열감히 노무현대통령님한테  비교해
"[뉴스하이킥] ""윤석열, 노무현이 되느냐 반기문이 되느냐""",2021-03-09 21:31:00,Ing123,2021-03-10 07:40:00,"그렇게들 비싼밥먹고 할일이 없냐
이러니 나라가  이꼬라지지
제발

국민을위해서 머리좀 쓰라
그저 땅투기권력맛에췻낙서 헤롱대니
나라가 국민이 살기 너무 힘들다"
"[뉴스하이킥] ""윤석열, 노무현이 되느냐 반기문이 되느냐""",2021-03-09 21:31:00,기사마,2021-03-10 07:13:00,"황교활 되는거지

몰라서 물어"
"[뉴스하이킥] ""윤석열, 노무현이 되느냐 반기문이 되느냐""",2021-03-09 21:31:00,말복이야,2021-03-10 02:30:00,정치 검새쓰레기를 어디다 갖다붙히냐!!
"[뉴스하이킥] ""윤석열, 노무현이 되느냐 반기문이 되느냐""",2021-03-09 21:31:00,Willard,2021-03-09 23:21:00,저런 어처구니 없는 짜장을 고노무현 대통령과 비교하다니...
"[뉴스하이킥] ""윤석열, 노무현이 되느냐 반기문이 되느냐""",2021-03-09 21:31:00,횡설수설,2021-03-09 21:47:00,"더러운 엿검 짜장을 
감히 누구에게 비교를~
윤가가 인권변호사를 했어 세계평화를 위해 헌신을 했어
갖다 붙일걸 갖다 붙여야지~

나라법 제것처럼 남용횡포 저지른 너ㅁ~
수구들이 바람 넣어주니 좋다하고 날뛰는 꼴이라니
505 청소해 뒀다
장모 모시고 기들어가라 해라"
"[뉴스하이킥] ""윤석열, 노무현이 되느냐 반기문이 되느냐""",2021-03-09 21:31:00,바람소년,2021-03-10 00:53:00,"말하는 꼬라지 봐라 
노무현이 될수 있냐
어디서 감히"
"[뉴스하이킥] ""윤석열, 노무현이 되느냐 반기문이 되느냐""",2021-03-09 21:31:00,AlexYoo,2021-03-09 21:42:00,"노통을 쓰레기와 비교하다니.....
세상 참 우습게 보네 이것들이."
"[뉴스하이킥] ""윤석열, 노무현이 되느냐 반기문이 되느냐""",2021-03-09 21:31:00,whgdmsclsrn,2021-03-10 07:43:00,"대통령은 하늘이 점지하는 것이다
왈가불가 하지마라
문화강국 경제강국 미래의 대한민국에
쌍욕이나하는 잡범읗 점지하겠냐?
굽신맨을 점지하겠냐?"
"[뉴스하이킥] ""김종인·윤석열 사전 교감 있었다, 선거 후 제3정당 꾸릴 듯""",2021-03-08 19:17:00,푸른진달래,2021-03-08 19:22:00,이러다가는 호텔 룸싸롱에서 접대나 하던 것이 영부인 되겠습니다
"[뉴스하이킥] ""김종인·윤석열 사전 교감 있었다, 선거 후 제3정당 꾸릴 듯""",2021-03-08 19:17:00,구김당 로고는 일장기,2021-03-08 19:25:00,나가요  영부인?
"[뉴스하이킥] ""김종인·윤석열 사전 교감 있었다, 선거 후 제3정당 꾸릴 듯""",2021-03-08 19:17:00,동동주,2021-03-08 19:28:00,"ㅋㅋㅋ
것이~"
"[뉴스하이킥] ""김종인·윤석열 사전 교감 있었다, 선거 후 제3정당 꾸릴 듯""",2021-03-08 19:17:00,인선,2021-03-08 19:38:00,"그럴리가요
국민이 ㄸㄹㅇ도 아닌데"
"[뉴스하이킥] ""김종인·윤석열 사전 교감 있었다, 선거 후 제3정당 꾸릴 듯""",2021-03-08 19:17:00,ahah,2021-03-08 19:40:00,오호통재라~~~
"[뉴스하이킥] ""김종인·윤석열 사전 교감 있었다, 선거 후 제3정당 꾸릴 듯""",2021-03-08 19:17:00,보헤미안,2021-03-08 19:46:00,쥴리  노ㆍ노
"[뉴스하이킥] ""김종인·윤석열 사전 교감 있었다, 선거 후 제3정당 꾸릴 듯""",2021-03-08 19:17:00,미나,2021-03-08 19:47:00,"쥴 리 
앙대여~~~~~"
"[뉴스하이킥] ""김종인·윤석열 사전 교감 있었다, 선거 후 제3정당 꾸릴 듯""",2021-03-08 19:17:00,이기사,2021-03-08 19:48:00,대박 이게 팩튼가?
"[뉴스하이킥] ""김종인·윤석열 사전 교감 있었다, 선거 후 제3정당 꾸릴 듯""",2021-03-08 19:17:00,팔공산,2021-03-08 20:03:00,? 나가요?
"[뉴스하이킥] ""김종인·윤석열 사전 교감 있었다, 선거 후 제3정당 꾸릴 듯""",2021-03-08 19:17:00,안졸리냐 쥴리,2021-03-08 20:03:00,저요?
"[뉴스하이킥] ""김종인·윤석열 사전 교감 있었다, 선거 후 제3정당 꾸릴 듯""",2021-03-08 19:17:00,허공같이_,2021-03-08 20:04:00,".

쥴 리 와     멧 돼 지 의

눈 물 겨 운     사 랑   ???

ㅎㅎㅎㅎ"
"[뉴스하이킥] ""김종인·윤석열 사전 교감 있었다, 선거 후 제3정당 꾸릴 듯""",2021-03-08 19:17:00,소보루,2021-03-08 20:04:00,그러게요쥴리
"[뉴스하이킥] ""김종인·윤석열 사전 교감 있었다, 선거 후 제3정당 꾸릴 듯""",2021-03-08 19:17:00,타나드,2021-03-08 20:06:00,"청와대가 사기꾼 소굴이 되어
막강 권력으로 국민을 사기로 발라 먹겠네
사기치지 못하고 정직, 근면으로 산 내인생이 억울하다
국민을 정신적으로 고문하고 피폐하게 만들고 
오로지 범죄만이 살길이기에 식칼들고 뛰쳐나가 이놈 푹 저놈 푹

에헤라 디요~@$#@"
"[뉴스하이킥] ""김종인·윤석열 사전 교감 있었다, 선거 후 제3정당 꾸릴 듯""",2021-03-08 19:17:00,열혈청년,2021-03-08 20:07:00,오~마~이~갓!!!
"[뉴스하이킥] ""김종인·윤석열 사전 교감 있었다, 선거 후 제3정당 꾸릴 듯""",2021-03-08 19:17:00,nitpicker,2021-03-08 20:07:00,아이들에게 꽃뱀의 희망을 가르치나
"[뉴스하이킥] ""김종인·윤석열 사전 교감 있었다, 선거 후 제3정당 꾸릴 듯""",2021-03-08 19:17:00,상상그이상,2021-03-08 20:11:00,이럴수가
"[뉴스하이킥] ""김종인·윤석열 사전 교감 있었다, 선거 후 제3정당 꾸릴 듯""",2021-03-08 19:17:00,무위,2021-03-08 20:18:00,32프로 지지율? 그거 야권 후보 몇명 뺀 조사자나 ㅋㅋ 멍청아 그런 훼이크에 속냐
"[뉴스하이킥] ""김종인·윤석열 사전 교감 있었다, 선거 후 제3정당 꾸릴 듯""",2021-03-08 19:17:00,tigoo,2021-03-08 20:34:00,"그럴리가요
돈 워리~~~"
"[뉴스하이킥] ""김종인·윤석열 사전 교감 있었다, 선거 후 제3정당 꾸릴 듯""",2021-03-08 19:17:00,앗싸리,2021-03-08 20:38:00,"대에에박~
동서식품인줄 알았는데
접속무비월드 였다니
짜장면이 돈이 궁해도 엄청 궁했나보네"
"[뉴스하이킥] ""김종인·윤석열 사전 교감 있었다, 선거 후 제3정당 꾸릴 듯""",2021-03-08 19:17:00,불비불명,2021-03-08 20:46:00,팩트~~!!!
"[뉴스하이킥] ""김종인·윤석열 사전 교감 있었다, 선거 후 제3정당 꾸릴 듯""",2021-03-08 19:17:00,용마루,2021-03-08 20:50:00,ㅋ 클날네.
"[뉴스하이킥] ""김종인·윤석열 사전 교감 있었다, 선거 후 제3정당 꾸릴 듯""",2021-03-08 19:17:00,Terra,2021-03-08 20:54:00,기나 고동이나.
"[뉴스하이킥] ""김종인·윤석열 사전 교감 있었다, 선거 후 제3정당 꾸릴 듯""",2021-03-08 19:17:00,라미라미야,2021-03-08 21:39:00,"상상만해도 끔찍
가능성은 백퍼제로 입니다"
"[뉴스하이킥] ""김종인·윤석열 사전 교감 있었다, 선거 후 제3정당 꾸릴 듯""",2021-03-08 19:17:00,박진희,2021-03-08 21:45:00,"ㅋㅋㅋ
청량리출신도 영부인 될수있다는 이야기?"
"[뉴스하이킥] ""김종인·윤석열 사전 교감 있었다, 선거 후 제3정당 꾸릴 듯""",2021-03-08 19:17:00,solsol,2021-03-08 22:03:00,ㅋㅋㅋㅋ 코미디?
"[뉴스하이킥] ""김종인·윤석열 사전 교감 있었다, 선거 후 제3정당 꾸릴 듯""",2021-03-08 19:17:00,아놀드,2021-03-08 22:32:00,"만약 이지만 , 그리되면 

우리나라 국격은 

룸사롱 국격~~~~~ㅎㅎㅎㅎㅎ"
"[뉴스하이킥] ""김종인·윤석열 사전 교감 있었다, 선거 후 제3정당 꾸릴 듯""",2021-03-08 19:17:00,아놀드,2021-03-08 22:33:00,복부인 이순자도 ~~영부인 노릇했는데~~~~~ㅎㅎㅎㅎㅎㅎ
"[뉴스하이킥] ""김종인·윤석열 사전 교감 있었다, 선거 후 제3정당 꾸릴 듯""",2021-03-08 19:17:00,골밑은전쟁터다,2021-03-08 22:36:00,ㅉㅉㅉ 접대하는 사람은 영부인 하면 안되는구나.. 웃긴다 진짜.. 차별도 하네 더듬이들.. 박원순이 성범죄자야.. 그런넘이 시장하는건 괜찮냐??
"[뉴스하이킥] ""김종인·윤석열 사전 교감 있었다, 선거 후 제3정당 꾸릴 듯""",2021-03-08 19:17:00,powerkim,2021-03-08 22:42:00,나라 꼴 좋겠구먼요... ㅋ
"[뉴스하이킥] ""김종인·윤석열 사전 교감 있었다, 선거 후 제3정당 꾸릴 듯""",2021-03-08 19:17:00,정의수호,2021-03-08 22:50:00,최순실이 영부인되는꼴~~
"[뉴스하이킥] ""김종인·윤석열 사전 교감 있었다, 선거 후 제3정당 꾸릴 듯""",2021-03-08 19:17:00,오뚜기,2021-03-08 22:53:00,아..이제사 쥴리를 알앗네 ㅋㅋㅋ 그런거였어요???
"[뉴스하이킥] ""김종인·윤석열 사전 교감 있었다, 선거 후 제3정당 꾸릴 듯""",2021-03-08 19:17:00,황테라,2021-03-08 23:14:00,"먹고 살려고 했겠지
불쌍한 홀어머니 부양하러 나오는 사람도 있더라구요"
"[뉴스하이킥] ""김종인·윤석열 사전 교감 있었다, 선거 후 제3정당 꾸릴 듯""",2021-03-08 19:17:00,황테라,2021-03-08 23:22:00,"영부인감도 걱정이지만
대통령 뽑는데
장모까지 신경쓰게 될 줄은 상상도 못했어요
이건 뭐 후진국도 아니고~"
"[뉴스하이킥] ""김종인·윤석열 사전 교감 있었다, 선거 후 제3정당 꾸릴 듯""",2021-03-08 19:17:00,백연옥,2021-03-08 23:37:00,"진짜요??
어휴 망측해라!"
"[뉴스하이킥] ""김종인·윤석열 사전 교감 있었다, 선거 후 제3정당 꾸릴 듯""",2021-03-08 19:17:00,VanDamme,2021-03-08 23:40:00,ㅎㅎㅎ... 대박이네요
"[뉴스하이킥] ""김종인·윤석열 사전 교감 있었다, 선거 후 제3정당 꾸릴 듯""",2021-03-08 19:17:00,땅따먹기,2021-03-08 23:56:00,접대나 하던것이라는 표현은 쫌....
"[뉴스하이킥] ""김종인·윤석열 사전 교감 있었다, 선거 후 제3정당 꾸릴 듯""",2021-03-08 19:17:00,봄날은온다,2021-03-09 00:17:00,쥴리?????
"[뉴스하이킥] ""김종인·윤석열 사전 교감 있었다, 선거 후 제3정당 꾸릴 듯""",2021-03-08 19:17:00,까비,2021-03-09 00:40:00,"믿고싶지  않은건지 모르는건지,  
아직도  사나이 윤이라고 칭송파들이 있네요"
"[뉴스하이킥] ""김종인·윤석열 사전 교감 있었다, 선거 후 제3정당 꾸릴 듯""",2021-03-08 19:17:00,삼각산,2021-03-09 01:14:00,쥴리  영부인이 나오십니다 ~!
"[뉴스하이킥] ""김종인·윤석열 사전 교감 있었다, 선거 후 제3정당 꾸릴 듯""",2021-03-08 19:17:00,MIRU,2021-03-09 01:14:00,쥴리인감??
"[뉴스하이킥] ""김종인·윤석열 사전 교감 있었다, 선거 후 제3정당 꾸릴 듯""",2021-03-08 19:17:00,이 진균,2021-03-09 01:27:00,아직도 이런 날파리가  세상을 어지럽히네  너의 말에 책임질날 있겠지
"[뉴스하이킥] ""김종인·윤석열 사전 교감 있었다, 선거 후 제3정당 꾸릴 듯""",2021-03-08 19:17:00,가을바람,2021-03-09 02:07:00,"이게 뭐냐면
석열이 여론조사에서 오세출 안철수 빠졌어요
왜냐?
석열이표 잡아 먹을사람 빼고 조사해서 착시로 올라갔음

다시 말하자면
이재명이 여론조사에서 이낙연아 빼고 조사하면
이재명이 약 48%정도 올라감

ㅎㅎㅎ"
"[뉴스하이킥] ""김종인·윤석열 사전 교감 있었다, 선거 후 제3정당 꾸릴 듯""",2021-03-08 19:17:00,준혁forever,2021-03-09 02:42:00,이댓을 본 줄리는 가슴이 설레입니당~
"[뉴스하이킥] ""김종인·윤석열 사전 교감 있었다, 선거 후 제3정당 꾸릴 듯""",2021-03-08 19:17:00,닉네임을 등록해 주세요,2021-03-09 03:11:00,유명한 줄리
"[뉴스하이킥] ""김종인·윤석열 사전 교감 있었다, 선거 후 제3정당 꾸릴 듯""",2021-03-08 19:17:00,여나,2021-03-09 03:49:00,"쥴리도 살아온 게 더럽지만
윤짜장은 더 더러워요"
"[뉴스하이킥] ""김종인·윤석열 사전 교감 있었다, 선거 후 제3정당 꾸릴 듯""",2021-03-08 19:17:00,고산을가다,2021-03-09 05:26:00,그렇게 쉽게? 택도 없습니다
"[뉴스하이킥] ""김종인·윤석열 사전 교감 있었다, 선거 후 제3정당 꾸릴 듯""",2021-03-08 19:17:00,오오둘둘,2021-03-08 19:25:00,"이게 사실이면  범법자 수사 처벌에
전력을기울려야 할 인긴이  어뚱한짓거리
하고 다넜네  참네   국민들을 억수로
화나게 하는인간이네"
"[뉴스하이킥] ""김종인·윤석열 사전 교감 있었다, 선거 후 제3정당 꾸릴 듯""",2021-03-08 19:17:00,Chimera,2021-03-09 06:30:00,"그냥~그러려니하고 생각
순간의 인기는 오래 가지를 못 하는법"
"[뉴스하이킥] ""김종인·윤석열 사전 교감 있었다, 선거 후 제3정당 꾸릴 듯""",2021-03-08 19:17:00,김상철,2021-03-08 19:25:00,수준미달 모자리들 끼리끼리 잘논다. 에레이
"[뉴스하이킥] ""김종인·윤석열 사전 교감 있었다, 선거 후 제3정당 꾸릴 듯""",2021-03-08 19:17:00,언덕배기,2021-03-08 20:23:00,mbc  mbc  mbc  mbc . mbc  죽이 합의  죽통
"[뉴스하이킥] ""김종인·윤석열 사전 교감 있었다, 선거 후 제3정당 꾸릴 듯""",2021-03-08 19:17:00,호우,2021-03-08 19:22:00,육갑들 떨고있네.
"[뉴스하이킥] ""김종인·윤석열 사전 교감 있었다, 선거 후 제3정당 꾸릴 듯""",2021-03-08 19:17:00,지킴이,2021-03-08 19:49:00,나라 물에 말아서 삼키실분들. 아닐까한다.
"[뉴스하이킥] ""김종인·윤석열 사전 교감 있었다, 선거 후 제3정당 꾸릴 듯""",2021-03-08 19:17:00,GrayH,2021-03-08 20:31:00,딱 적절한 표현 이시네요
"[뉴스하이킥] ""김종인·윤석열 사전 교감 있었다, 선거 후 제3정당 꾸릴 듯""",2021-03-08 19:17:00,선한사마리아인,2021-03-08 20:45:00,"ㅋ

추호께서 연세가 있으시니.

먼저 해 먹고, 차기는 춘장이 해먹고..

이렇게 합니까??"
"[뉴스하이킥] ""김종인·윤석열 사전 교감 있었다, 선거 후 제3정당 꾸릴 듯""",2021-03-08 19:17:00,자연산,2021-03-08 21:50:00,"육갑은 점잖은 말씀이네요
꼴깝 떨고 있네 이래야지요?"
"[뉴스하이킥] ""김종인·윤석열 사전 교감 있었다, 선거 후 제3정당 꾸릴 듯""",2021-03-08 19:17:00,WookyungHa,2021-03-08 19:23:00,부패 척결을 위해서는 수사청을 별도로 설립해서 중대범죄는 신속하고 철저히 수사 해야 합니다. 개검들이 지네들 무소불위 권력을 지킬려고 발광을하고 개혁을 저지 할려고 발악입니다.
"[뉴스하이킥] ""김종인·윤석열 사전 교감 있었다, 선거 후 제3정당 꾸릴 듯""",2021-03-08 19:17:00,윤이,2021-03-08 22:11:00,부패는 맨위에 있는데 우짜노...
"[뉴스하이킥] ""김종인·윤석열 사전 교감 있었다, 선거 후 제3정당 꾸릴 듯""",2021-03-08 19:17:00,까비,2021-03-09 00:38:00,"검찰이  검떡이라는것을 유감없이 입중한  윤사단,
이제 그들의  언어도단  철면피로 무장한   폭력을   막아야죠"
"[뉴스하이킥] ""김종인·윤석열 사전 교감 있었다, 선거 후 제3정당 꾸릴 듯""",2021-03-08 19:17:00,까비,2021-03-09 10:38:00,"그러게말입니다
민주시스템정부  검찰 독립시켰더니
지들이 왕노릇   칼춤에 자폭하며  미쳐가네요"
"[뉴스하이킥] ""김종인·윤석열 사전 교감 있었다, 선거 후 제3정당 꾸릴 듯""",2021-03-08 19:17:00,김 .,2021-03-08 19:24:00,지긋지긋 하다. 안되는걸 왜 그러는거냐.골빈보수들 한테20프로 받겠지.
"[뉴스하이킥] ""김종인·윤석열 사전 교감 있었다, 선거 후 제3정당 꾸릴 듯""",2021-03-08 19:17:00,기우는달,2021-03-08 21:23:00,대깨문이 까는거보니 백퍼 대선 이길듯ㅋㅋㅋㅋ
"[뉴스하이킥] ""김종인·윤석열 사전 교감 있었다, 선거 후 제3정당 꾸릴 듯""",2021-03-08 19:17:00,terranmania,2021-03-08 22:34:00,"골빈 문빠들~~
주제는 알고 살아라!"
"[뉴스하이킥] ""김종인·윤석열 사전 교감 있었다, 선거 후 제3정당 꾸릴 듯""",2021-03-08 19:17:00,PommeVerte,2021-03-08 23:53:00,윤석열 장모  마누라 비리가 있는데도  언론  보도 안한다  저렇게 띄워주니  국민  바보다
"[뉴스하이킥] ""김종인·윤석열 사전 교감 있었다, 선거 후 제3정당 꾸릴 듯""",2021-03-08 19:17:00,R2D2,2021-03-09 00:01:00,일베 토착왜구 닥치고 할복
"[뉴스하이킥] ""김종인·윤석열 사전 교감 있었다, 선거 후 제3정당 꾸릴 듯""",2021-03-08 19:17:00,udd,2021-03-08 19:20:00,"윤석렬이 국민의심당에 딱 맞는 대권후보긴하다ㅋㅋ

이넘들 이명박근혜를 왜 대통령 후보한줄아냐?

노무현이나 문제인처럼 신념있고 똑똑하면서 청렴해서 흠이 없으면 지들은 뒤에서 못해먹거던

이명박근혜처럼 욕심에 멍청하고 거짓말을 밥먹듯해야 지들도 그걸 약점잡아서 뒤로 해먹어도 안쫒겨나
뭣같아도 국민들에게 이미지만 좋으면 되거던ㅋ

결론은 국민의심당 넘들이 뒤로 해먹어도 모른척해주고 나눠먹을수 있는 더러운넘이 최고란거지ㅋ

윤석렬이 니들 후보론 딱이다ㅋ
근데 윤가넘은 호스티스출신 쥴리부터 장모까지 역길게 넘 많아서 힘들거같은데..ㅋㅋ"
"[뉴스하이킥] ""김종인·윤석열 사전 교감 있었다, 선거 후 제3정당 꾸릴 듯""",2021-03-08 19:17:00,지동,2021-03-08 19:23:00,추잡의극치같다
"[뉴스하이킥] ""김종인·윤석열 사전 교감 있었다, 선거 후 제3정당 꾸릴 듯""",2021-03-08 19:17:00,daebal221,2021-03-08 19:36:00,"결국  국짐당과 짜고
정권 수사 했다는  뜻이네"
"[뉴스하이킥] ""김종인·윤석열 사전 교감 있었다, 선거 후 제3정당 꾸릴 듯""",2021-03-08 19:17:00,인연,2021-03-08 19:42:00,역겹다...퉤이!
"[뉴스하이킥] ""김종인·윤석열 사전 교감 있었다, 선거 후 제3정당 꾸릴 듯""",2021-03-08 19:17:00,박 준,2021-03-08 19:45:00,"천인공노할 만행을 저지른 냉전극우
군사반란괴뢰군 집단서식지 당나라당과
 
70년간
朝鮮 朝氏 세뇌당한 냉동냉혈 동물흉악범 ㅡ
朝鮮大本營  朝氏16쌍둥이들

조중동 
조일베 
조개검 
朝석열 
조두순 
조주빈 
조국짐
朝교안
조광훈 
조희팔 
조현천 
조철수 
朝세훈 
조경영
조경원 
조경욱
조원진"
"[뉴스하이킥] ""김종인·윤석열 사전 교감 있었다, 선거 후 제3정당 꾸릴 듯""",2021-03-08 19:17:00,쥬디,2021-03-08 19:58:00,신천지에서~
"[뉴스하이킥] ""김종인·윤석열 사전 교감 있었다, 선거 후 제3정당 꾸릴 듯""",2021-03-08 19:17:00,그러므로,2021-03-08 20:00:00,시나리오 쓰고있네. 대선전까지 제3야당 꾸려서 중도층인척 표 모으다가 대선 직전에 단일화 발표. 너구리 김종인 멧돼지 윤석열 엑스트라 국짐당. 너무 철지난 저질 삼류 스토리네 우웩~
"[뉴스하이킥] ""김종인·윤석열 사전 교감 있었다, 선거 후 제3정당 꾸릴 듯""",2021-03-08 19:17:00,수,2021-03-08 20:03:00,그럴듯
"[뉴스하이킥] ""김종인·윤석열 사전 교감 있었다, 선거 후 제3정당 꾸릴 듯""",2021-03-08 19:17:00,hunha,2021-03-08 20:10:00,빨찌산들  열받것네
"[뉴스하이킥] ""김종인·윤석열 사전 교감 있었다, 선거 후 제3정당 꾸릴 듯""",2021-03-08 19:17:00,파이프라인,2021-03-08 20:21:00,혜안이  있으시네..  ㅋ ㅋ  만만해야   이용 해먹기  좋지..
"[뉴스하이킥] ""김종인·윤석열 사전 교감 있었다, 선거 후 제3정당 꾸릴 듯""",2021-03-08 19:17:00,2002노무현을 2022이재명으로,2021-03-08 20:28:00,"윤석열이 국짐당에 들어가는 순간 이용당하고 버려진다.
이건 팩트다.
김종인은 반드시 그렇게 할꺼야^^

안철수하고 손잡으면 어떨가 싶긴한데...
그럼 국민의 당같은 것과 손잡아서 뭐가 되기는 하겠어?^^
이것도 웃긴다구!!"
"[뉴스하이킥] ""김종인·윤석열 사전 교감 있었다, 선거 후 제3정당 꾸릴 듯""",2021-03-08 19:17:00,시냇물,2021-03-08 20:42:00,지난 4월 총선 결과 180석의 거대여당이 생겼다. 윤석렬이 7개월 동안 골통짓으로 정국을 주도하며 대권후보까지  바라보던 시기 진정한 국민의 민심이었다.
"[뉴스하이킥] ""김종인·윤석열 사전 교감 있었다, 선거 후 제3정당 꾸릴 듯""",2021-03-08 19:17:00,이안2,2021-03-08 21:09:00,반기문이나 황교안의 뒤를 밟지않을까?
"[뉴스하이킥] ""김종인·윤석열 사전 교감 있었다, 선거 후 제3정당 꾸릴 듯""",2021-03-08 19:17:00,정의수호,2021-03-08 21:09:00,공감
"[뉴스하이킥] ""김종인·윤석열 사전 교감 있었다, 선거 후 제3정당 꾸릴 듯""",2021-03-08 19:17:00,KOBE,2021-03-08 21:42:00,일베보수의 영웅!!!
"[뉴스하이킥] ""김종인·윤석열 사전 교감 있었다, 선거 후 제3정당 꾸릴 듯""",2021-03-08 19:17:00,티에스,2021-03-08 21:55:00,10000프로 동감
"[뉴스하이킥] ""김종인·윤석열 사전 교감 있었다, 선거 후 제3정당 꾸릴 듯""",2021-03-08 19:17:00,윤이,2021-03-08 22:12:00,도대체 문똘만이들 머리속에는 뭐가 있는걸까?
"[뉴스하이킥] ""김종인·윤석열 사전 교감 있었다, 선거 후 제3정당 꾸릴 듯""",2021-03-08 19:17:00,마리아치,2021-03-08 23:15:00,국짐당압잽이노릇
"[뉴스하이킥] ""김종인·윤석열 사전 교감 있었다, 선거 후 제3정당 꾸릴 듯""",2021-03-08 19:17:00,천사,2021-03-08 23:57:00,아이고. 참이늙은 나보다 더 못하네 이나라가  지금 제대로냐 ?똑똑 ㅋㅋ
"[뉴스하이킥] ""김종인·윤석열 사전 교감 있었다, 선거 후 제3정당 꾸릴 듯""",2021-03-08 19:17:00,지평등관,2021-03-09 00:31:00,빙고~~~~
"[뉴스하이킥] ""김종인·윤석열 사전 교감 있었다, 선거 후 제3정당 꾸릴 듯""",2021-03-08 19:17:00,여나,2021-03-09 03:50:00,"추잡한 인간들끼리
잘 만난 거지요
저런 것들한테 이 나라정치를 맡겨요?
노인네들 정말 답없다"
"[뉴스하이킥] ""김종인·윤석열 사전 교감 있었다, 선거 후 제3정당 꾸릴 듯""",2021-03-08 19:17:00,여나,2021-03-09 03:54:00,"김대중 닉네임 쓰는 애는 댓글알바 같아요.
한 기사에 똑같은 댓글을 두 개 이상 안 써서 스팸 신고 안받으려 애쓰고
욕설 없이 가짜뉴스 남발하고요.
그러면서 매번 댓글 끝에는 박근혜 때가 그립다는 말을 꼭 붙이더라고요. 알바의 전형이죠.
캡처해서 신고해 보려고요."
"[뉴스하이킥] ""김종인·윤석열 사전 교감 있었다, 선거 후 제3정당 꾸릴 듯""",2021-03-08 19:17:00,♧♤◇,2021-03-09 05:48:00,박정희.전두환.이명박의 안좋은것들만 모아서 만들면?
"[뉴스하이킥] ""김종인·윤석열 사전 교감 있었다, 선거 후 제3정당 꾸릴 듯""",2021-03-08 19:17:00,UKBLUE,2021-03-09 06:36:00,"윤석열처럼 정치하려고 검찰에 몸담고 있는 검사들이 꽤 있을 것으로 예상한다.
만약 자신들이 검찰에서 수사한 정치인들의 약점을 정치에 이용하는  쓰레기 같은 정치인이 나오지 않기를 바랍니다."
"[뉴스하이킥] ""김종인·윤석열 사전 교감 있었다, 선거 후 제3정당 꾸릴 듯""",2021-03-08 19:17:00,bluehero,2021-03-08 19:25:00,"떡열이 식구들은 처벌 안받나?

수백억대 사기건은 있는데.. 가해자는 어딨나?

."
"[뉴스하이킥] ""김종인·윤석열 사전 교감 있었다, 선거 후 제3정당 꾸릴 듯""",2021-03-08 19:17:00,화광동진,2021-03-08 22:09:00,"동화할아버지는 짜장면 좋아하지...
왜? 앞에서 끌어주고 뒤에서 밀어주니까"
"[뉴스하이킥] ""김종인·윤석열 사전 교감 있었다, 선거 후 제3정당 꾸릴 듯""",2021-03-08 19:17:00,황테라,2021-03-08 23:30:00,"떡렬이 딱 와닿네
춘장떡렬선생"
"[뉴스하이킥] ""김종인·윤석열 사전 교감 있었다, 선거 후 제3정당 꾸릴 듯""",2021-03-08 19:17:00,가인,2021-03-08 19:22:00,짜장 권력 이용해서  여당과 대통령 때리면서 자기정치 준비해왔구나 범죄인
"[뉴스하이킥] ""김종인·윤석열 사전 교감 있었다, 선거 후 제3정당 꾸릴 듯""",2021-03-08 19:17:00,어게인,2021-03-08 22:07:00,국민의힘ㆍ윤석열ㆍ오세훈ㆍ나경원ㆍ홍준표ㆍ주호영ㆍ국민의힘ㆍ국민들은지지합니다ㅡ
"[뉴스하이킥] ""김종인·윤석열 사전 교감 있었다, 선거 후 제3정당 꾸릴 듯""",2021-03-08 19:17:00,골밑은전쟁터다,2021-03-08 22:40:00,ㅋㅋ 박그네랑 이명박 때려 처넣을때랑 완전 평가가 다르구나.. ㅋㅋㅋ 니얼굴에 가래침을 콰악
"[뉴스하이킥] ""김종인·윤석열 사전 교감 있었다, 선거 후 제3정당 꾸릴 듯""",2021-03-08 19:17:00,햇살가득,2021-03-08 19:23:00,"모든 것을 짜고 쳤다고?

정치를 워한 술수를 부렸다고
석열이는 가능하지 간악한 놈.
조국은 이런 뻔뻔함이 없는 것이 문제지
국민들이 의를 알아 줘야하는데."
"[뉴스하이킥] ""김종인·윤석열 사전 교감 있었다, 선거 후 제3정당 꾸릴 듯""",2021-03-08 19:17:00,나눔,2021-03-08 19:37:00,"윤석열씨 나름 정당성이 있다고 지지했는데
뭐  꼰대 영감과 사전교감 제3지대?
그런사람과 같이 시작한다니 당신도 별볼일 없구려 ᆢ  수구보수  꼰대영감과  허  참 ᆢ"
"[뉴스하이킥] ""김종인·윤석열 사전 교감 있었다, 선거 후 제3정당 꾸릴 듯""",2021-03-08 19:17:00,happy,2021-03-08 20:29:00,그동안 국민의힘에서 코치를 했나 보네요.
"[뉴스하이킥] ""김종인·윤석열 사전 교감 있었다, 선거 후 제3정당 꾸릴 듯""",2021-03-08 19:17:00,정훈98615,2021-03-08 20:48:00,"김종인  헛다리짚엇군
   윤석열  마누라  김건희  비리드러나서  소환당할텐데  뭔대통?
   윤석열사퇴는  마누라비리 드러나서  사퇴한거임
  며칠전  소환한다는등  보도낫엇는데  놓친사람들  많나보군
   범죄입증됏데자나   3월달이 공소시효 만료니  조만간 소환하겟지"
"[뉴스하이킥] ""김종인·윤석열 사전 교감 있었다, 선거 후 제3정당 꾸릴 듯""",2021-03-08 19:17:00,멋져,2021-03-08 21:00:00,그래서 국민의힘당 윤 갑근이 죄을 감추다 개망신당하고 구속됏는데 사과도 없이 줄행랑
"[뉴스하이킥] ""김종인·윤석열 사전 교감 있었다, 선거 후 제3정당 꾸릴 듯""",2021-03-08 19:17:00,파도,2021-03-08 23:07:00,"공무원이 정치를 했다고?
범죄혐의 추가요."
"[뉴스하이킥] ""김종인·윤석열 사전 교감 있었다, 선거 후 제3정당 꾸릴 듯""",2021-03-08 19:17:00,빼앗긴들에봄이왔다,2021-03-09 02:15:00,간악하고도 무식한놈
"[뉴스하이킥] ""김종인·윤석열 사전 교감 있었다, 선거 후 제3정당 꾸릴 듯""",2021-03-08 19:17:00,궁예,2021-03-08 19:25:00,전두환 같은 놈에게 빌붇냐
"[뉴스하이킥] ""김종인·윤석열 사전 교감 있었다, 선거 후 제3정당 꾸릴 듯""",2021-03-08 19:17:00,잠비,2021-03-08 21:19:00,추장관 부하 ㅋㅋㅋ
"[뉴스하이킥] ""김종인·윤석열 사전 교감 있었다, 선거 후 제3정당 꾸릴 듯""",2021-03-08 19:17:00,바겐바,2021-03-08 22:31:00,"좌빨에
죽어가는  이나라  
바로 잡아 주길바래"
"[뉴스하이킥] ""김종인·윤석열 사전 교감 있었다, 선거 후 제3정당 꾸릴 듯""",2021-03-08 19:17:00,골밑은전쟁터다,2021-03-08 22:35:00,그럼 김정은 같은 놈한테 빌붇냐??
"[뉴스하이킥] ""김종인·윤석열 사전 교감 있었다, 선거 후 제3정당 꾸릴 듯""",2021-03-08 19:17:00,멀티비타민,2021-03-09 00:44:00,이때까지 정치한거 맞네  정치검챨
"[뉴스하이킥] ""김종인·윤석열 사전 교감 있었다, 선거 후 제3정당 꾸릴 듯""",2021-03-08 19:17:00,빼앗긴들에봄이왔다,2021-03-09 02:13:00,지 장모 마누라 측근들 감싸느라 저지를 죄값을 안받으려면 대권주자가 되어야 하니 여기 저기 간보기 이놈은 검찰주의자도 아니었음
"[뉴스하이킥] ""김종인·윤석열 사전 교감 있었다, 선거 후 제3정당 꾸릴 듯""",2021-03-08 19:17:00,Rocky Balboa,2021-03-08 19:23:00,검찰수장으로써 자신의 정치발판을 위해서 악의적인 정치수사를 했다는거잫아 처벌을 받아라
"[뉴스하이킥] ""김종인·윤석열 사전 교감 있었다, 선거 후 제3정당 꾸릴 듯""",2021-03-08 19:17:00,정의수호,2021-03-08 21:11:00,"표창장이  전정권부패보다 심한가요??
표창장이 장모 잔고증명서300억으로 사기치고.
동업자 감방보내고,돈뺏고,그것보더 나쁜건가요?
극우들 계산법 희안하넹?ㅋㅋㅋ"
"[뉴스하이킥] ""김종인·윤석열 사전 교감 있었다, 선거 후 제3정당 꾸릴 듯""",2021-03-08 19:17:00,내가제일자나가,2021-03-08 21:44:00,남 비방할시간  당신이나 돌아 보시면 어쩔지 그런다 문통 찌레기  라도 던져 줄까요?
"[뉴스하이킥] ""김종인·윤석열 사전 교감 있었다, 선거 후 제3정당 꾸릴 듯""",2021-03-08 19:17:00,바라보면,2021-03-08 22:03:00,역대 최악의 제왕적 정치검사
"[뉴스하이킥] ""김종인·윤석열 사전 교감 있었다, 선거 후 제3정당 꾸릴 듯""",2021-03-08 19:17:00,중도,2021-03-08 22:57:00,"증도다...뢍교안 대타냐? 나는 홍즌표가 좋아보이던대..
한우믈만 파잖아.....힘당의  영원하누대선주자감.."
"[뉴스하이킥] ""김종인·윤석열 사전 교감 있었다, 선거 후 제3정당 꾸릴 듯""",2021-03-08 19:17:00,강감찬,2021-03-09 03:25:00,박정희 살아난줄~~아마도 조심스럽게 예견하는데  니들 등에 칼꽂은 넘은 니들 주변일것 같다.
"[뉴스하이킥] ""김종인·윤석열 사전 교감 있었다, 선거 후 제3정당 꾸릴 듯""",2021-03-08 19:17:00,한울,2021-03-08 19:22:00,검찰개혁은 시대를 거스를 수 없는 과제입니다
"[뉴스하이킥] ""김종인·윤석열 사전 교감 있었다, 선거 후 제3정당 꾸릴 듯""",2021-03-08 19:17:00,enswjs,2021-03-08 19:54:00,"""김종인 윤석렬 사전 교감 있었다""
안봐도 비디오.

3당 꾸린다고?   바로 국민의짐에 들어가는  건  너무 속보일테니까.

결국 야권 단일 후보를 노리는 수순인 거
펼범한 일반 국민은  윤짜장의 속셈을
다 알고 있다."
"[뉴스하이킥] ""김종인·윤석열 사전 교감 있었다, 선거 후 제3정당 꾸릴 듯""",2021-03-08 19:17:00,jinsa,2021-03-08 20:09:00,도데체 검찰개혁 검찰개혁 거리는데 어떻게 하는게 검찰개혁이냐?  검찰을 없애면 개혁이냐?  검찰개혁의 실체를 말해봐라!
"[뉴스하이킥] ""김종인·윤석열 사전 교감 있었다, 선거 후 제3정당 꾸릴 듯""",2021-03-08 19:17:00,빛나라,2021-03-08 21:19:00,"말같지  않는 소리 작작해라
검찰개혁이 제대로 뭔지나 알고 지꺼려라
무지랭이..정신차려라"
"[뉴스하이킥] ""김종인·윤석열 사전 교감 있었다, 선거 후 제3정당 꾸릴 듯""",2021-03-08 19:17:00,골밑은전쟁터다,2021-03-08 22:35:00,180석 무소불위나 개혁하시지
"[뉴스하이킥] ""김종인·윤석열 사전 교감 있었다, 선거 후 제3정당 꾸릴 듯""",2021-03-08 19:17:00,카리스,2021-03-09 06:29:00,"본인이 말하는검찰개혁은 뭘까?
답변바람"
