﻿제목,날짜,작성자,작성일,댓글
"[시선집중] 성일종 ""대통령 꿈꾸는 김부겸이 대선 관리? 국민에 대한 예의 아냐""",2021-05-04 10:14:00,자연인,2021-05-04 16:39:00,네내 형의 죽음에 대해서 그렇게 관심을 가져봐라
"[시선집중] 성일종 ""대통령 꿈꾸는 김부겸이 대선 관리? 국민에 대한 예의 아냐""",2021-05-04 10:14:00,드래그짱,2021-05-04 15:30:00,"저건 또 먼 논리냐
본인이 안나가는 선거에 관리하면 뭐가 문제인데??
성일종은 형의 억울한 죽음에는 관심 없냐???"
"[시선집중] 성일종 ""대통령 꿈꾸는 김부겸이 대선 관리? 국민에 대한 예의 아냐""",2021-05-04 10:14:00,이정구,2021-05-04 13:00:00,"이 정권의  법무장관들
으째 하나같이  똑 같냐
제대로 된것이 하나도없네
전부 길들여진 짐승들이네
시키면 시키는대로~~"
"[시선집중] 성일종 ""대통령 꿈꾸는 김부겸이 대선 관리? 국민에 대한 예의 아냐""",2021-05-04 10:14:00,애비가일,2021-05-04 11:47:00,너는 니형이  국민짐한테 이용당하고 죽었는데  너는 출세할라고 한통속이되서  그러는거  예의냐??
"[시선집중] 성일종 ""대통령 꿈꾸는 김부겸이 대선 관리? 국민에 대한 예의 아냐""",2021-05-04 10:14:00,경일,2021-05-04 11:11:00,국짐 존재 자체가 국민에 대한 예의가 아니니 해산부터 하고 얘기합시다
"[시선집중] 성일종 ""대통령 꿈꾸는 김부겸이 대선 관리? 국민에 대한 예의 아냐""",2021-05-04 10:14:00,승,2021-05-04 11:10:00,이할배ㅋㅋ 언제적 예비고사 전국수석했으니 정치인 원희룡이 유능하다는 말도 안되는 논리는 뭐냐? 이런인간들이 국회를 채우고있으니 아직도 박정희 이승만을 못벗어나지. 한심하다.
"[시선집중] 성일종 ""대통령 꿈꾸는 김부겸이 대선 관리? 국민에 대한 예의 아냐""",2021-05-04 10:14:00,승,2021-05-04 11:07:00,최근인사중 김부겸이 제일 낫드만'  니네보단 훨 나은 인물인듯
"[시선집중] 성일종 ""대통령 꿈꾸는 김부겸이 대선 관리? 국민에 대한 예의 아냐""",2021-05-04 10:14:00,sang do kim,2021-05-04 11:04:00,"항교안 같은 검찰 출신을 총리로 세운

새누리당 보다 낫다

광교산 사우나 새누리 

국민의암 폭망해잖아"
"[시선집중] 성일종 ""대통령 꿈꾸는 김부겸이 대선 관리? 국민에 대한 예의 아냐""",2021-05-04 10:14:00,별명없음,2021-05-04 10:53:00,성일종이 말아야 막걸리야 너는 국회의원을 꿈꾸노 ? 국개는 왜 됐노 ?
"[시선집중] 성일종 ""대통령 꿈꾸는 김부겸이 대선 관리? 국민에 대한 예의 아냐""",2021-05-04 10:14:00,준이,2021-05-04 10:47:00,총리후보자를일개야당의원이지명하게돼있냐?
"[시선집중] 성일종 ""대통령 꿈꾸는 김부겸이 대선 관리? 국민에 대한 예의 아냐""",2021-05-04 10:14:00,청산에,2021-05-04 10:45:00,"간이 배 밖으로 튀어 나온,  아무 말이나 제 멋대로 씨부리는 적폐 종자들........."
"[시선집중] 성일종 ""대통령 꿈꾸는 김부겸이 대선 관리? 국민에 대한 예의 아냐""",2021-05-04 10:14:00,민봉근,2021-05-04 10:41:00,개소리하고자빠졌네
"[시선집중] 성일종 ""대통령 꿈꾸는 김부겸이 대선 관리? 국민에 대한 예의 아냐""",2021-05-04 10:14:00,아침안개,2021-05-04 10:29:00,니가 국짐에서 일하는건 형에 대한 예의가 아닌듯
"[시선집중] 성일종 ""대통령 꿈꾸는 김부겸이 대선 관리? 국민에 대한 예의 아냐""",2021-05-04 10:14:00,터프가이형,2021-05-04 10:18:00,성일종은 인간은  지네형 성완종이가 왜 죽은지 잘알고 지금 지가 몸담은 국민의 암당 애들때문에 자살을했는데 그곳에 몸담고 형의 죽음에 대해서 한마디 언급없이 그저 국회의원 자리에 욕심이 가득한 추악한 인간의 면모를 본다 니네 형을 생각을해서  니형을죽인 당에서 탈당을 했어야한다~
"[시선집중] 김영배 ""1명 낙마와 김부겸 임명 패키지? 野, 자리 볼모 발목잡기 그만해야""",2021-05-11 09:58:00,김선미,2021-05-11 21:38:00,야당의 무조건 반대 질에 질려 대통령 제대로 밀어달라 180석의 헌정사상 유래없는 의석 만들어 줬더니 이젠 합치에 법사위 내어  주자고요 ?!?!? 이러니 민주당 지지율이 자꾸 떨어지는 겁니다. 왜요 ?? 책임지는거 무서워서 야당탓 거하게 하려구요 ?? 집권4년차 대통령 의 지지율에도 못미치는 민주당의 오늘이 왜 ?? 인지 제발 ~~ 민주당은 제대로 성찰해야 합니다. 법사위를 내어주자니요 ????
"[시선집중] 김영배 ""1명 낙마와 김부겸 임명 패키지? 野, 자리 볼모 발목잡기 그만해야""",2021-05-11 09:58:00,제주하늘,2021-05-11 13:13:00,"혹시 검찰이 무서워서?
니들 개혁 안하면 민주당도 죽고 대한민국 역사는 거꾸로 가고 
아닌말로 서울이 아님 광주가 미얀마 되지말라는 법 있을까? 
개혁을 멈추는 미친짓 그만하자"
"[시선집중] 김영배 ""1명 낙마와 김부겸 임명 패키지? 野, 자리 볼모 발목잡기 그만해야""",2021-05-11 09:58:00,kwmin01,2021-05-11 13:02:00,"김영배👎👎👎
법사위는 무조건 민주당이 갖고
이낙연정부 까지 
개혁 드라이브 멈추면 않된다!!!
개혁=민생"
"[시선집중] 김영배 ""1명 낙마와 김부겸 임명 패키지? 野, 자리 볼모 발목잡기 그만해야""",2021-05-11 09:58:00,홍관식,2021-05-11 10:29:00,듣던 중 제일  바보 멍청이 같은 소리네
"[시선집중] 김영배 ""1명 낙마와 김부겸 임명 패키지? 野, 자리 볼모 발목잡기 그만해야""",2021-05-11 09:58:00,임승진,2021-05-11 10:23:00,주면 뭐가 달라지남?
"[시선집중] 김영배 ""1명 낙마와 김부겸 임명 패키지? 野, 자리 볼모 발목잡기 그만해야""",2021-05-11 09:58:00,바비킴,2021-05-11 10:18:00,제발뚱단지같은소리하지마라
"[시선집중] 김영배 ""1명 낙마와 김부겸 임명 패키지? 野, 자리 볼모 발목잡기 그만해야""",2021-05-11 09:58:00,김 .,2021-05-11 10:18:00,줘라 ...여상규 생각안나나?
"[시선집중] 김영배 ""1명 낙마와 김부겸 임명 패키지? 野, 자리 볼모 발목잡기 그만해야""",2021-05-11 09:58:00,녹송,2021-05-11 10:18:00,나쁜 자가 착한 자 되기를 바란다? 나쁜 자에게 칼을 쥐어주면서? 죄를 지은 사람이 교도소에 다녀온 뒤 착한 사람되었나? 더욱 악한 사람되어 돌아왔다. 참 얼 빠진 사람이다. 한심하다.
"[시선집중] 김영배 ""1명 낙마와 김부겸 임명 패키지? 野, 자리 볼모 발목잡기 그만해야""",2021-05-11 09:58:00,김종구,2021-05-11 10:17:00,"법시위원장 야당주면  발목잡기로
문정부는 정권1년  뇌두고 모든것이
수포로 돌아간다  국민은 더힘들어지고
경제는 더추락한다 
법위원장은  절대 줘서는 안된다"
"[시선집중] 김영배 ""1명 낙마와 김부겸 임명 패키지? 野, 자리 볼모 발목잡기 그만해야""",2021-05-11 09:58:00,김지호,2021-05-11 10:13:00,좋다 무조건 넘겨라 좌파독재를 중단하자
"[시선집중] 김영배 ""1명 낙마와 김부겸 임명 패키지? 野, 자리 볼모 발목잡기 그만해야""",2021-05-11 09:58:00,나폴레옹,2021-05-11 10:10:00,영배 여당.. 여상규  구먼~
"[시선집중] 김영배 ""1명 낙마와 김부겸 임명 패키지? 野, 자리 볼모 발목잡기 그만해야""",2021-05-11 09:58:00,"B, Hk",2021-05-11 10:09:00,법사위원장줄바에 당해체를권한다
"[시선집중] 김영배 ""1명 낙마와 김부겸 임명 패키지? 野, 자리 볼모 발목잡기 그만해야""",2021-05-11 09:58:00,나폴레옹,2021-05-11 10:08:00,김영배 이사람  갱상도 부산 이고향  이구먼 그래서  국짐   국암당을   챙기는 구먼 나쁜사람 .  빨리가거라~
"[시선집중] 김영배 ""1명 낙마와 김부겸 임명 패키지? 野, 자리 볼모 발목잡기 그만해야""",2021-05-11 09:58:00,!,2021-05-11 10:06:00,야당은버사위원장이든모든상임위원장자리를지금대로민주당에그대로유지하라저들은180개라는쪽수가지고또다시내로남불을할것이니관시리명분만들어주지말고지들꼴리는데로하돌하라
"[시선집중] 김영배 ""1명 낙마와 김부겸 임명 패키지? 野, 자리 볼모 발목잡기 그만해야""",2021-05-11 09:58:00,홍길동,2021-05-11 10:04:00,주라다른분과 위원장 다갖었잔아
"[시선집중] 김영배 ""1명 낙마와 김부겸 임명 패키지? 野, 자리 볼모 발목잡기 그만해야""",2021-05-11 09:58:00,gemma,2021-05-11 10:01:00,정신나갔네 정신 나갔어
"[시선집중] 김영배 ""1명 낙마와 김부겸 임명 패키지? 野, 자리 볼모 발목잡기 그만해야""",2021-05-11 09:58:00,겨울나무,2021-05-11 10:01:00,"아서라 말어라 여상규를 상기 합시다.
개혁입법들 물건너 갑니다.
개혁입법은 공수처 처럼 패스트 트랙 걸치다가 누더기 됩니다."
"[시선집중] 김영배 ""1명 낙마와 김부겸 임명 패키지? 野, 자리 볼모 발목잡기 그만해야""",2021-05-11 09:58:00,알파치노처럼,2021-05-11 10:01:00,지지자들은 피가 마르는데..  180석 줬더니만..진짜 한가한 소리 하고 있네..니네들 다음에 전부 낙선했으면 좋겠다
"[시선집중] 김영배 ""1명 낙마와 김부겸 임명 패키지? 野, 자리 볼모 발목잡기 그만해야""",2021-05-11 09:58:00,김지호,2021-05-11 10:12:00,너같은 대깨문만 피가 마르는거야ㅋㅋㅋㅋ
"[시선집중] 김영배 ""1명 낙마와 김부겸 임명 패키지? 野, 자리 볼모 발목잡기 그만해야""",2021-05-11 09:58:00,법경,2021-05-11 10:00:00,어리석은 이여~~~
"[시선집중] 윤건영 ""더민초 '최소 1명 낙마'? 숫자가 아니라 문제점 정확히 지적했어야""",2021-05-13 09:55:00,Bon and me,2021-05-14 08:34:00,"민물고기 바다????
미쳣냐? 기존 쓰레기 악취나는 너희와 놀게?
국민은  공정과 상식 바래 윤석열 원하는데...??"
"[시선집중] 윤건영 ""더민초 '최소 1명 낙마'? 숫자가 아니라 문제점 정확히 지적했어야""",2021-05-13 09:55:00,해피타임,2021-05-13 11:04:00,분란만 일으키는 초선의원들
"[시선집중] 윤건영 ""더민초 '최소 1명 낙마'? 숫자가 아니라 문제점 정확히 지적했어야""",2021-05-13 09:55:00,Sunni,2021-05-13 11:02:00,"초선 수준이 왜 초딩수준이냐.
ㅉㅉㅉ"
"[시선집중] 윤건영 ""더민초 '최소 1명 낙마'? 숫자가 아니라 문제점 정확히 지적했어야""",2021-05-13 09:55:00,주실인,2021-05-13 10:10:00,이런 강경파  때문에 민불당은 민심의 눈에서 멀어져 가는것이다. 대통령은 더얻을것이없겠지만 민불당은 정권심판의 외침에 직면하게 될것이다. 기울어진 민심에  결국은 패가망신으로 기기에 충분하다
"[시선집중] 윤건영 ""더민초 '최소 1명 낙마'? 숫자가 아니라 문제점 정확히 지적했어야""",2021-05-13 09:55:00,medic66,2021-05-13 10:03:00,"같은 의건 시장 흥정하냐 ? 같은 당에서..
차리리 3명다 무슨 무슨 결격 사유로 안됨 했으면 이해냐 간다...
니네가 신경 쓰는 그 민심은 니네당 안찍어 니네 당선 되는데 전혀 도움 안됨
안철수 똘마니들은 지금이라도 따라 가고"
"[시선집중] 윤건영 ""더민초 '최소 1명 낙마'? 숫자가 아니라 문제점 정확히 지적했어야""",2021-05-13 09:55:00,유지승,2021-05-13 10:00:00,"초선들이 당의 지지율이 하락하니까 뭐라도 해야겠다는 심정은 이해하나
너무 생각없이 여론에 휩쓸려서 걱정이네요...이런 초선들은 어차피 다음 선거때 투표로 
심판을 받겠지만 나름 엘리트들인데 그들의 머리에서 나왔다는게 고작 이정도라니 민망합니다"
"[시선집중] 윤건영 ""더민초 '최소 1명 낙마'? 숫자가 아니라 문제점 정확히 지적했어야""",2021-05-13 09:55:00,bulgogumi,2021-05-13 10:00:00,"더민주 경선은 예정대로
그리고 범민주 최종경선 진행~^^"
"[시선집중] 성일종 ""문 대통령 현실과 괴리.. 문제된 장관들, 한번 임명해봐라""",2021-05-11 09:47:00,대니얼,2021-05-11 11:56:00,"현실이면
당신네
감옼이다"
"[시선집중] 성일종 ""문 대통령 현실과 괴리.. 문제된 장관들, 한번 임명해봐라""",2021-05-11 09:47:00,키싱구라미,2021-05-11 11:24:00,검사출신들이 흠집내기만하는 청문회!  자기들한테는 관대하다.
"[시선집중] 성일종 ""문 대통령 현실과 괴리.. 문제된 장관들, 한번 임명해봐라""",2021-05-11 09:47:00,사진가,2021-05-11 11:23:00,돈이라면 뭐든지 하는 당에서 할 소리는 아닌 듯.
"[시선집중] 성일종 ""문 대통령 현실과 괴리.. 문제된 장관들, 한번 임명해봐라""",2021-05-11 09:47:00,좋은일만,2021-05-11 11:13:00,"국개의원 해먹을려고
자기 형 성완종을 죽인 왜구당에 
기들어가서 수구 개노릇 하는 인간말종.?
저런 쓰레기 불러서 짖게하는 털보는 머냐?"
"[시선집중] 성일종 ""문 대통령 현실과 괴리.. 문제된 장관들, 한번 임명해봐라""",2021-05-11 09:47:00,GcTdiYCjZ0DrREz6cHZJ5FzYSsVSs4,2021-05-11 11:07:00,야당은 반대만 하라고 있는거지. 그러니 반대는 당연히 할테고. 따라서 반대는 하려면 하게 놨두고 가던 길 가면 되요. 반대가 하루이틀 일도 아니고. 걔들 반대는 그냥 개들 습관. 개가 똥 먹는 습관을 버리면 개가 아니지. 걔들은 똥을 못 끊는 개들이지.
"[시선집중] 성일종 ""문 대통령 현실과 괴리.. 문제된 장관들, 한번 임명해봐라""",2021-05-11 09:47:00,영마차,2021-05-11 10:38:00,야당반대가 저정도면 인사가 잘되었다는것인데~대통령께선  좌고우면하지 마시고 국민만 바라보십시요.
"[시선집중] 성일종 ""문 대통령 현실과 괴리.. 문제된 장관들, 한번 임명해봐라""",2021-05-11 09:47:00,권혁수,2021-05-11 10:54:00,대깨문이니??
"[시선집중] 성일종 ""문 대통령 현실과 괴리.. 문제된 장관들, 한번 임명해봐라""",2021-05-11 09:47:00,멸치아빠,2021-05-11 10:30:00,"이정도면 민주당은  그냥 모지리 정당이다 
여당이 야당이고 야당이 여당이네 
아이구 민주당아  아이고 모지리들아"
"[시선집중] 성일종 ""문 대통령 현실과 괴리.. 문제된 장관들, 한번 임명해봐라""",2021-05-11 09:47:00,해변길손,2021-05-11 10:14:00,"많은 국민들은

국짐들을 아예 신뢰하지 않는다.

고래고기 원내대표.23억 당대표ㅡ

콜라보가 멋진 부패당이잖아ㅡ"
"[시선집중] 성일종 ""문 대통령 현실과 괴리.. 문제된 장관들, 한번 임명해봐라""",2021-05-11 09:47:00,독립운동가가 지폐에 없는이유,2021-05-11 10:12:00,"성조기, 일장기부대 십알단이 국적당과 같은 이승만의 후예라는것에 늘 감사하다 ~"
"[시선집중] 성일종 ""문 대통령 현실과 괴리.. 문제된 장관들, 한번 임명해봐라""",2021-05-11 09:47:00,날센돌이,2021-05-11 10:11:00,29명을 했는데 못할끼 뭐 있소 옛날기록 보니 본인이 한 말도 까먹고 얘기 하던데 심각하요
"[시선집중] 성일종 ""문 대통령 현실과 괴리.. 문제된 장관들, 한번 임명해봐라""",2021-05-11 09:47:00,허성욱,2021-05-11 10:10:00,"초딩들

함해봐 해봐

저런 인사가 국회의원이니 ㅉㅉ"
"[시선집중] 성일종 ""문 대통령 현실과 괴리.. 문제된 장관들, 한번 임명해봐라""",2021-05-11 09:47:00,나랑해,2021-05-11 10:09:00,"높은 자리에 있는 자 중에 국민이 존경하고 신뢰할 만한 제대로 된 인물이 없다는 것이 문제임.
다 부도덕하고 뭘 해쳐먹어야 높은 자리로 갈 수 있어 그런가보다라는 생각이 듬."
"[시선집중] 성일종 ""문 대통령 현실과 괴리.. 문제된 장관들, 한번 임명해봐라""",2021-05-11 09:47:00,오솔길,2021-05-11 09:59:00,앞으론  국회의원후보자도 철저히  검정하라 살아남는 사람이있는지 보자
"[시선집중] 성일종 ""문 대통령 현실과 괴리.. 문제된 장관들, 한번 임명해봐라""",2021-05-11 09:47:00,수구리,2021-05-11 09:52:00,원칙??????기냥 말 작난인거지요....
"[뉴스하이킥] 문 특별연설 ""솔직 담백 회견 vs 야당 향한 선전포고""",2021-05-10 19:32:00,이영애,2021-05-10 20:39:00,뭔선전포고?
