﻿제목,날짜,작성자,작성일,댓글
"[시선집중] 김웅 ""당대표 되면 제일 먼저 이스타항공 노조 찾아갈 것""",2021-05-13 09:48:00,김원오,2021-05-13 12:40:00,"그  이름도  거룩한    김      웅  의원   ㊗️   화이팅
대한민국   🇰🇷  만세  ~~~"
"[시선집중] 김웅 ""당대표 되면 제일 먼저 이스타항공 노조 찾아갈 것""",2021-05-13 09:48:00,잘돌아간다,2021-05-13 12:06:00,정의당은 모하냐?
"[시선집중] 김웅 ""당대표 되면 제일 먼저 이스타항공 노조 찾아갈 것""",2021-05-13 09:48:00,심가이버,2021-05-13 12:06:00,검사  ㅠㅠㅠ~~~
"[시선집중] 김웅 ""당대표 되면 제일 먼저 이스타항공 노조 찾아갈 것""",2021-05-13 09:48:00,어쭈구라,2021-05-13 12:01:00,어디 조선일보 같은 놈이네.
"[시선집중] 김웅 ""당대표 되면 제일 먼저 이스타항공 노조 찾아갈 것""",2021-05-13 09:48:00,정다운,2021-05-13 11:23:00,지금 가봐라
"[시선집중] 김웅 ""당대표 되면 제일 먼저 이스타항공 노조 찾아갈 것""",2021-05-13 09:48:00,나무,2021-05-13 11:19:00,김웅 씨가 되는 게 그나마 좀 희망이 있어보인다. 그렇게 되면 민주당도 긴장하고 정신차려야 할 듯...
"[시선집중] 김웅 ""당대표 되면 제일 먼저 이스타항공 노조 찾아갈 것""",2021-05-13 09:48:00,이재우,2021-05-13 11:16:00,"김웅은 절대
당대표않됨
그리고
아직은 능력부족"
"[시선집중] 김웅 ""당대표 되면 제일 먼저 이스타항공 노조 찾아갈 것""",2021-05-13 09:48:00,조택련,2021-05-13 11:11:00,생각이 이러니  ㅉ ㅉ --좀 대국적 소갠으로 큰정치를~~~~
"[시선집중] 김웅 ""당대표 되면 제일 먼저 이스타항공 노조 찾아갈 것""",2021-05-13 09:48:00,조성국,2021-05-13 11:03:00,당대표는 나경원 전대표님
"[시선집중] 김웅 ""당대표 되면 제일 먼저 이스타항공 노조 찾아갈 것""",2021-05-13 09:48:00,dmfalfeo,2021-05-13 11:01:00,"노동자를 위한다면
비정규직을 철폐해야지
검생 아저씨가
노동자에 대해 뭘 안다고
깝쭉되냐!!!"
"[시선집중] 김웅 ""당대표 되면 제일 먼저 이스타항공 노조 찾아갈 것""",2021-05-13 09:48:00,!,2021-05-13 10:59:00,이번에국민의힘에서초선이당대표되면지지율이민주당보다월등히올라가고내년대선에서도반드시이긴다
"[시선집중] 김웅 ""당대표 되면 제일 먼저 이스타항공 노조 찾아갈 것""",2021-05-13 09:48:00,닉네임을 등록해주세요,2021-05-13 10:56:00,국짐당이제는 김웅의원.이준석등이 뭘알아 대표된다고설치고.조금있으면 꽃제비와태영호도나올련지궁금하다
"[시선집중] 김웅 ""당대표 되면 제일 먼저 이스타항공 노조 찾아갈 것""",2021-05-13 09:48:00,情,2021-05-13 10:52:00,"이사람.
퇴출"
"[시선집중] 김웅 ""당대표 되면 제일 먼저 이스타항공 노조 찾아갈 것""",2021-05-13 09:48:00,future,2021-05-13 10:52:00,대표 후보가 없나
"[시선집중] 김웅 ""당대표 되면 제일 먼저 이스타항공 노조 찾아갈 것""",2021-05-13 09:48:00,라라,2021-05-13 10:45:00,"제대로 할려고 하네 
홍보단 훨 낫다고본다"
"[시선집중] 김웅 ""당대표 되면 제일 먼저 이스타항공 노조 찾아갈 것""",2021-05-13 09:48:00,길상,2021-05-13 10:38:00,"이넘 출당시켜라
싹이 노랗다
어느지역 출신인지 밝혀주기 바란다
다음 총선때  절대로 공천 주지마라"
"[시선집중] 김웅 ""당대표 되면 제일 먼저 이스타항공 노조 찾아갈 것""",2021-05-13 09:48:00,jslove,2021-05-13 10:30:00,"별 허접한 쓰레기들이 누릴 것 다 누리고 이젠 노동자 어쩌구 하며 또 위에서 굴림할려고 하네....
야 임마!
이제부터는 법때문에 울고있는 불우한 사람들을 찾아다니며 봉사해라 쓰레기야!
김웅 쓰레기  김웅 쓰레기  김웅 쓰레기  김웅 쓰레기  김웅 쓰레기  김웅 쓰레기  
김웅 쓰레기  김웅 쓰레기  김웅 쓰레기  김웅 쓰레기  김웅 쓰레기  김웅 쓰레기"
"[시선집중] 김웅 ""당대표 되면 제일 먼저 이스타항공 노조 찾아갈 것""",2021-05-13 09:48:00,잘살아보세,2021-05-13 10:20:00,존재 자체를 부정하는 당 출신.
"[시선집중] 김웅 ""당대표 되면 제일 먼저 이스타항공 노조 찾아갈 것""",2021-05-13 09:48:00,빈잔,2021-05-13 10:19:00,"넌 안된다   이준석이에게 털린다
힘내라 무너지고있는 힘당"
"[시선집중] 김웅 ""당대표 되면 제일 먼저 이스타항공 노조 찾아갈 것""",2021-05-13 09:48:00,핑크팬더,2021-05-13 10:16:00,"일단 식상한 사람이 아니어서 긍정적입니다.
국민의 힘의 변화를 기대합니다.

그러나 잊지 말아야 할 것 이 한가지 있습니다.
홍준표님도 처음에는 무척 신선한 모래시계 검사 이미지로 정치에 데뷔했다는 것을...

""메멘토 모리"""
"[시선집중] 김웅 ""당대표 되면 제일 먼저 이스타항공 노조 찾아갈 것""",2021-05-13 09:48:00,비밀서윤,2021-05-13 10:07:00,"바보야
귀족노조편들겠다이거냐."
"[시선집중] 김웅 ""당대표 되면 제일 먼저 이스타항공 노조 찾아갈 것""",2021-05-13 09:48:00,꼬내기,2021-05-13 09:59:00,"대깨들부터 찾아가라.
다음 공천때 자리 부탁하러."
"[시선집중] 김웅 ""당대표 되면 제일 먼저 이스타항공 노조 찾아갈 것""",2021-05-13 09:48:00,자유인,2021-05-13 09:58:00,"아이 쒸~~
순간 뿜었다.
정치를 개같이 배워서는...
니들이 언제 노조를 위했다고....척 하면서 정치적으로 이용하려고 잔머리 굴리네...  검찰출신 아니랄까봐"
"[시선집중] 원희룡 ""7월 사퇴는 오보, 대선 이제 개막전.. 결국 윤석열 제칠 것""",2021-05-04 09:42:00,mina,2021-05-04 11:16:00,꿈 깨세요ㆍ현실과. 민심을 정확히. 판단 하시기를ㆍ ㆍ
"[시선집중] 원희룡 ""7월 사퇴는 오보, 대선 이제 개막전.. 결국 윤석열 제칠 것""",2021-05-04 09:42:00,샤커,2021-05-04 12:20:00,정말꿈도   야무지다  꼴에 대통령~~ㅎ~ㅎ~ ㅎ
"[시선집중] 원희룡 ""7월 사퇴는 오보, 대선 이제 개막전.. 결국 윤석열 제칠 것""",2021-05-04 09:42:00,해피인밴,2021-05-04 10:55:00,허경영하고 붙어도 질걸.
"[시선집중] 원희룡 ""7월 사퇴는 오보, 대선 이제 개막전.. 결국 윤석열 제칠 것""",2021-05-04 09:42:00,Kil Sang Cho,2021-05-04 10:12:00,누구?
"[시선집중] 우석진 ""輿 현금정책이 퍼주기? 재원부터 따지면 시대적 과제 놓쳐""",2021-05-10 09:47:00,안성 천홍진,2021-05-10 14:24:00,양적완화하여 가계부채 청산하자..가정이  망하면 나라가  망한다.  18세부터 국민배당금 월150만원 이상을 지급 하자..  허경영
"[시선집중] 우석진 ""輿 현금정책이 퍼주기? 재원부터 따지면 시대적 과제 놓쳐""",2021-05-10 09:47:00,황혜령,2021-05-10 11:00:00,"허경영33정책. 17번 화폐혁명- 화폐의 디자인만 바꿔서 출처를 밝힐 수 없는 지하자금 900조원을 회수하여 대한민국 국민에게 국민배당금으로 돌려준다, 사랑해요, 허경영~"
"[시선집중] 우석진 ""輿 현금정책이 퍼주기? 재원부터 따지면 시대적 과제 놓쳐""",2021-05-10 09:47:00,도키도키,2021-05-10 10:52:00,허경영 보유국이라면 코로나따위 두렵지않다..  적어도 생활고에 시달리는 사람들은 없을테니까~
"[시선집중] 우석진 ""輿 현금정책이 퍼주기? 재원부터 따지면 시대적 과제 놓쳐""",2021-05-10 09:47:00,Love of my 라이프,2021-05-10 10:36:00,"윤희숙 의원이 뭘 잘한다구여 ???  ㅎㅎㅎㅎㅎㅎ 윤희숙 의원이  말을 잘하는게 아니더만 . 그정도 말은 누구나 하던데 언론 마사지가 심각하게 윤희숙 의원하테 몰리는 거던데 국힘당에서 시샘 좀 받겠드만 
 그리고 국민들 눈에도. 엉뚱한데  꼬집어서 비틀어서  왜곡하는 윤희숙 의원글로 보이는데 ???  고졸 청년정책 협약식에서 나온  해외여행 1000만원  한문장 가지고  핀트 어긋한 소리 작작 하던데 ???  ㅋ 자기 얼굴에 침밷는 글 아닌가 ? 명지대 교수 이분 윤의원  친분자랑하믄ㅅㅓ  일부러 윤의원 띄워주며 맥이는건가? ㅋㅋㅋ"
"[시선집중] 우석진 ""輿 현금정책이 퍼주기? 재원부터 따지면 시대적 과제 놓쳐""",2021-05-10 09:47:00,닉네임을 등록해 주세요,2021-05-10 09:51:00,허경영정책이  찐입니다 예산70%  아껴서 주잖아요 세금을 따로 걷어가는 타후보 정책은 답이될수 없지요 허경영은  18세부터 배당금 매월150~200만원씩 주고도 남습니다
"[뉴스하이킥] 김재섭 ""현시점에서 사면요구 부적절, 탄핵 정당성 논의 또한 옳지않아""",2021-04-22 06:07:00,레인저,2021-04-22 11:43:00,"니놈 선배들이 사욕이 앞서
탄핵에 앞장섰지
정권 뺏기고 지금 정권 찾겠단다
개가 웃고 자빠졌다"
"[시선집중] 유승민 ""4.7 승리 확신. 안철수와 국민의힘 화합력 높을 것""",2021-03-25 10:14:00,hope1,2021-03-25 10:42:00,아무리여당이 미워도 국짐당은 아니다.
"[시선집중] 유승민 ""4.7 승리 확신. 안철수와 국민의힘 화합력 높을 것""",2021-03-25 10:14:00,풍차,2021-03-25 10:52:00,박형준 의혹 기사는 하나도 안나오고 관심없는 유승민 기사만 나오네 포털 박형준 기사좀 내보내라
"[시선집중] 유승민 ""4.7 승리 확신. 안철수와 국민의힘 화합력 높을 것""",2021-03-25 10:14:00,tjqwo,2021-03-25 10:28:00,국짐당은 없어져야할당  같은데~~
"[시선집중] 유승민 ""4.7 승리 확신. 안철수와 국민의힘 화합력 높을 것""",2021-03-25 10:14:00,김자,2021-03-25 11:27:00,"안철수는 국짐당 통채로 먹으려 안달이고
김종인은 안철수 아용해머꼬 토사구팽 시키려 기회볼것
어느쪽이 이기든 대한민국 국민에겐 대 마왕 적패 하나가 키워진것
그 뒤치닥꺼리하느라 또 얼마나 힘들꼬"
"[시선집중] 유승민 ""4.7 승리 확신. 안철수와 국민의힘 화합력 높을 것""",2021-03-25 10:14:00,김자,2021-03-25 11:25:00,"후후
희망사항임을 분명히한다
안철수는 국짐당 통채로 먹으려 안달이고
김종인은 안철수 아용해머꼬 토사구팽 시키려 기회볼것"
"[시선집중] 유승민 ""4.7 승리 확신. 안철수와 국민의힘 화합력 높을 것""",2021-03-25 10:14:00,박창규,2021-03-25 11:02:00,지지율  올라간다고  촐량대지  마라
"[시선집중] 유승민 ""4.7 승리 확신. 안철수와 국민의힘 화합력 높을 것""",2021-03-25 10:14:00,이도연,2021-03-25 10:54:00,"김무성 유승민은
국힘에 마이너스다"
"[시선집중] 유승민 ""4.7 승리 확신. 안철수와 국민의힘 화합력 높을 것""",2021-03-25 10:14:00,거공,2021-03-25 10:25:00,"김영춘 박영선  두분 시장
확신 합니다"
"[뉴스하이킥] 신현영 ""국민의힘 가면 벗어?"" vs 허은아 ""與 부동산정책 철학 없다?""",2021-04-22 19:51:00,牛步千里,2021-04-22 23:51:00,"국민의 짐 네들음 철학이 있지
영원히 국민의 짐이 되어 
서민은 천민 취급하고
니들끼리 잘 먹고  잘 사는 것"
"[뉴스하이킥] 신현영 ""국민의힘 가면 벗어?"" vs 허은아 ""與 부동산정책 철학 없다?""",2021-04-22 19:51:00,MacGyver,2021-04-22 21:55:00,니는 삶의 철학이 없잖아
"[뉴스하이킥] 신현영 ""국민의힘 가면 벗어?"" vs 허은아 ""與 부동산정책 철학 없다?""",2021-04-22 19:51:00,정윤회,2021-04-22 20:58:00,"철학이 없는게 아니라 뇌가 없다.

경제원론 한학기 들어도 저 따위로 안하지.

주택공급을 줄이지만 가수요를 줄여서

가격을 내리겠다는  고졸 수준 정책."
"[뉴스하이킥] 신현영 ""국민의힘 가면 벗어?"" vs 허은아 ""與 부동산정책 철학 없다?""",2021-04-22 19:51:00,wemissyou,2021-04-22 20:02:00,"허은아, 전에 토론 나온 거 보니까 수준 한심하던데 웬 철학같은 소리ㅋ 
그나저나 음주운전 두 번 했던데 요즘은 안 하나?"
"[시선집중] 성일종 ""吳 재건축으로 집값 오르겠지만 두려워하면 안돼""",2021-04-13 09:46:00,아리,2021-04-13 09:53:00,일년동안얼마나많은일을만들어놓을지걱정됩니다다음시장이 또사년동안 그것만정리하다끝나는건아닌지 문정부오년도적페들이저질러놓은떵치우다끝날것같은데
"[시선집중] 성일종 ""吳 재건축으로 집값 오르겠지만 두려워하면 안돼""",2021-04-13 09:46:00,화광,2021-04-13 10:00:00,우선 재개발보다는 정부의 주택정책을 뒷받침해서 집값 하락이 우선  같아요. 재개발로 집값 또 들썩이는데 1년동안에는 몇몇  동네 위해서 전체 집값 올려 원성 사는 일이 없기 바랍니다.
"[시선집중] 성일종 ""吳 재건축으로 집값 오르겠지만 두려워하면 안돼""",2021-04-13 09:46:00,엘리트,2021-04-13 10:00:00,"국짐 것들 비호감 아닌것들이 없지만
그중 비호감 탑오브더탑  성일종"
"[시선집중] 성일종 ""吳 재건축으로 집값 오르겠지만 두려워하면 안돼""",2021-04-13 09:46:00,킹왕짱,2021-04-13 09:55:00,성일종이  내로남불  죽이내  ㅋㅋ
"[시선집중] 성일종 ""吳 재건축으로 집값 오르겠지만 두려워하면 안돼""",2021-04-13 09:46:00,Justist,2021-04-13 10:04:00,"국힘당 성일종의원이 솔직하네.
재건축 규제 완화하고
집 값은 시장에 맡겨라.
강남 부자들을 위해서
열심히 일하는 국힘당.
멋지다."
"[시선집중] 성일종 ""吳 재건축으로 집값 오르겠지만 두려워하면 안돼""",2021-04-13 09:46:00,justice,2021-04-13 10:13:00,"오로지 강남만을 위해

존재하는 정당, 국민의힘.

재건축 호재 띄워 집값 폭등한 사이,

자기들은 다팔고 차익실현 하겠지.

상투 잡은 사람들은 뭐가 되나?

재건축으로 공급 늘어 집값 안정될때까지

한시적으로 양도세 대폭 올리자고하면 

진정성 인정하마."
"[시선집중] 성일종 ""吳 재건축으로 집값 오르겠지만 두려워하면 안돼""",2021-04-13 09:46:00,오비,2021-04-13 09:58:00,국힘때문에 집값오르면되고  민주당 때문에 집값오르면 정책 실패냐~
"[시선집중] 성일종 ""吳 재건축으로 집값 오르겠지만 두려워하면 안돼""",2021-04-13 09:46:00,해변길손,2021-04-13 09:55:00,"ㅎㅎㅎ.

뭐야?

집값올라도 괜찮다고??

암튼 국짐당인간들은 답이없다ㅡ

정책부재ㅡ인물부재ㅡ대안부재ㅡ"
"[시선집중] 성일종 ""吳 재건축으로 집값 오르겠지만 두려워하면 안돼""",2021-04-13 09:46:00,아침녘,2021-04-13 10:03:00,".

  

집값 올리지 말라고 뽑아 줬는 데 당선되자 마

자 집값부터 올려

나라 꼴 잘 돌아간다

  

부동산 투기범이 시장된다고 나설때부터 이상

하다 했다

  

강남 집값은 벌써부터 몇억씩 뛰던데

고양이가 생선가게 맡았으니 이꼴이 나네

  

."
"[시선집중] 성일종 ""吳 재건축으로 집값 오르겠지만 두려워하면 안돼""",2021-04-13 09:46:00,qwertyuiop,2021-04-13 12:16:00,"계속 이런식으로 해~ㅎㅎ
내년 대선도 야당 편인가 했더니 
이런 식이면 여당 희망이 생기겠네ㅋ"
"[시선집중] 성일종 ""吳 재건축으로 집값 오르겠지만 두려워하면 안돼""",2021-04-13 09:46:00,지그프리트,2021-04-13 09:53:00,"재개발은?
부자동네만 손대냐"
"[시선집중] 성일종 ""吳 재건축으로 집값 오르겠지만 두려워하면 안돼""",2021-04-13 09:46:00,이구아나,2021-04-13 10:15:00,"이게 무슨 개소리 ?
민주당 정부가 부동산 값 올려놓았다고  개거품을  물더니"
"[시선집중] 성일종 ""吳 재건축으로 집값 오르겠지만 두려워하면 안돼""",2021-04-13 09:46:00,헤어몽,2021-04-13 10:08:00,"머 이런 개돼지같은 말있나. 성일종국민의힘 양a치역
니들이하는짖거리 국민들은 알고있다.  니들이 집값올리는 주범들인것을 그날 니들이 한짖을"
"[시선집중] 성일종 ""吳 재건축으로 집값 오르겠지만 두려워하면 안돼""",2021-04-13 09:46:00,박정희,2021-04-13 10:04:00,"문정부 때문에 집값 올랐다고 개거품 물더니
국짐은 집값 오르는거에 두려워 마라고?
앞뒤가 안 맞자너! 한심..."
"[시선집중] 성일종 ""吳 재건축으로 집값 오르겠지만 두려워하면 안돼""",2021-04-13 09:46:00,뱀꾹이,2021-04-13 12:35:00,"초졸인가
재건축 재개발은 공급을 위한 집값 상승인데
문정부의 집값 상승은 규제로 인해 남는게 없는 집값 상승인데 같냐"
"[시선집중] 성일종 ""吳 재건축으로 집값 오르겠지만 두려워하면 안돼""",2021-04-13 09:46:00,스카이필,2021-04-13 10:05:00,"고층 재건축을 하는데 어떻게 공급이 느니? 이번에 분양하는 래미안 원배일리도 고층재건축인데
전제 2,990세대중 일반분양은 244가구밖에 안된다... 오히려 재건축 과정중 멸실 때문에 발생하는
전세값 불안과 이로인한 집값 상승이 더 문제가 된다.
그래서 10층 이상 고층 재건축은 신중해야 하는거다."
"[시선집중] 성일종 ""吳 재건축으로 집값 오르겠지만 두려워하면 안돼""",2021-04-13 09:46:00,오석,2021-04-13 10:04:00,집값오른다고 정부를  그리  까대더니  너희들이 올리는것은  당연한것이냐?    시정잡배 아니라고 할까봐 ㅉ
"[시선집중] 성일종 ""吳 재건축으로 집값 오르겠지만 두려워하면 안돼""",2021-04-13 09:46:00,Buitwz,2021-04-13 10:08:00,"제목만 보자면 이건 무슨 똥물

퍼마시는 소리?

그동안 집값  올라너무 좋았는데

정권 욕심에  쑈하신거로 봐도 되것죠?

집값 인상을 두려워 하지 말라는 뜻은"
"[시선집중] 홍문표 ""김종인 '아사리판', 정치적 망발.. 제3신당에 함께 한다면 부화뇌동""",2021-04-16 10:03:00,음냐리,2021-04-16 10:19:00,"난 김종인이 고만 은퇴했으면 
하고 바라는 사람인데
한데 맞자나 아사리판
니네 하는꼴이 아사리판이 아니면 뭐냐?"
"[시선집중] 홍문표 ""김종인 '아사리판', 정치적 망발.. 제3신당에 함께 한다면 부화뇌동""",2021-04-16 10:03:00,sjpark,2021-04-16 10:05:00,그럼 오세훈. 박형준 처럼 당내에서 찾아야 하는데 등잔밑이 어둡다라고 박근혜 전대통령 직무정지시 대통령권한대행 하여 무사히 국정을 마무리한 황규완 전총리도 있죠. 임진란 선조를 도와 난세를 이끈 영의정 류성룡. 위나라를 다시 세운 조조와 같죠
"[시선집중] 홍문표 ""김종인 '아사리판', 정치적 망발.. 제3신당에 함께 한다면 부화뇌동""",2021-04-16 10:03:00,음냐리,2021-04-16 10:20:00,"뭔 개똥같은 인물에 감투한번 
거창하게도 씌워준다 
유성용?조조?
지하에서 우시것다"
"[시선집중] 이상돈 ""안철수 도움보다 피곤하게 할 거라는 걸 김종인도 아는 것""",2021-03-26 09:51:00,앤드,2021-03-26 10:01:00,안철수 결국 이용당하고 팽~
"[시선집중] 이상돈 ""안철수 도움보다 피곤하게 할 거라는 걸 김종인도 아는 것""",2021-03-26 09:51:00,소크라테스가 니친구냐,2021-03-26 10:09:00,김종인. 이상돈 이사람들은 안철수에게 감정이 많치...................................................감정이 안좋을수도 있지만 공식적으로 함부로 이렇게 지꺼리면 안되지................................
"[시선집중] 이상돈 ""안철수 도움보다 피곤하게 할 거라는 걸 김종인도 아는 것""",2021-03-26 09:51:00,나크미,2021-03-26 10:19:00,"배은망덕한 인간
뜻이 달라 헤어졌으면 
한 때의 인연으로 입은 덕을 생각하면
뒷담화는 하지 말아야지 인간아
이상돈아 부끄러운 줄 알아라"
"[시선집중] 이상돈 ""안철수 도움보다 피곤하게 할 거라는 걸 김종인도 아는 것""",2021-03-26 09:51:00,율리안,2021-03-26 10:13:00,"1년후 딱 그림 그려진다
국짐당은 윤씨를 밀어줄테고
삐진 철수는 또 탈당해서 대선 나오려 하겠지...."
"[시선집중] 이상돈 ""안철수 도움보다 피곤하게 할 거라는 걸 김종인도 아는 것""",2021-03-26 09:51:00,잎새,2021-03-26 10:58:00,"윤씨밀어줘도 못나올걸 많은 사람들이 벼르고있을걸......... 조국한테 한것처럼 똑같이 당할걸 각오하면 나오든지...
 안철수는 국민의 짐에 외면당하는거지!!!!!!"
"[시선집중] 이상돈 ""안철수 도움보다 피곤하게 할 거라는 걸 김종인도 아는 것""",2021-03-26 09:51:00,Impartiality,2021-03-26 10:36:00,"진정성이 필요하다.
철수에게는...

국민의힘에 들어가서,  헌신하고,  공헌하고, 책임실적도 올리고 ... 인정을 받고

내년대선이 아닌,  6년후 대선에 출마해라.

절대 늦는게 아니다."
"[시선집중] 이상돈 ""안철수 도움보다 피곤하게 할 거라는 걸 김종인도 아는 것""",2021-03-26 09:51:00,Outsider13,2021-03-26 10:06:00,"이상돈 당신이나 잘하시오...정치 떠났으면 닥치고 있지...
어디 한자리 차지 하려고 또 기웃기웃 거리네..."
"[시선집중] 이상돈 ""안철수 도움보다 피곤하게 할 거라는 걸 김종인도 아는 것""",2021-03-26 09:51:00,Joe,2021-03-26 10:44:00,그래도 이상돈씨는 양쪽도 정확하게 보는 것 같은데요..
"[시선집중] 이상돈 ""안철수 도움보다 피곤하게 할 거라는 걸 김종인도 아는 것""",2021-03-26 09:51:00,리시안,2021-03-26 10:20:00,부자에게 세금올리는정부는 실패라니  아직도 이런생각을 하고있네 이상돈 ㅉㅉ
"[시선집중] 이상돈 ""안철수 도움보다 피곤하게 할 거라는 걸 김종인도 아는 것""",2021-03-26 09:51:00,상어밥,2021-03-26 10:24:00,서민은 월소득 10프로 세금 대기업은 0.000000000000000000000000000000000000000001프로 정상이다
"[시선집중] 이상돈 ""안철수 도움보다 피곤하게 할 거라는 걸 김종인도 아는 것""",2021-03-26 09:51:00,Joe,2021-03-26 10:43:00,"프레임 전쟁이기 때문입니다.. 조중동, 한경, 문화, 세계,  (대구)매일 신문, 등등 적폐 언론의 세금 폭탄이라는 프레임 때문 입니다.. 98%의 국민들은 부동산/종부세와 아무 관계가 없는데도 선동에 넘어가는 겁니다.."
"[시선집중] 이상돈 ""안철수 도움보다 피곤하게 할 거라는 걸 김종인도 아는 것""",2021-03-26 09:51:00,장진주사,2021-03-26 10:33:00,"ㅋㅋ
각박하고 협량한 대한민국 정치판에서 이쪽 저쪽 다 대표해봤으니 
이미 능력은 입증 됐고, 차라리  이번 대선전에 정개 개편하고 
직접 후보로 나서서 대의를 망각하고  지들 가족들만 잘입고 잘먹는 정치 소인배들 쓸어버리자!!"
"[시선집중] 이상돈 ""안철수 도움보다 피곤하게 할 거라는 걸 김종인도 아는 것""",2021-03-26 09:51:00,송건섭,2021-03-26 10:31:00,이상돈 이자는 안철수 대표님 은혜로 국회의원 한 놈 이.헛소리 금그만해 라
"[시선집중] 이상돈 ""안철수 도움보다 피곤하게 할 거라는 걸 김종인도 아는 것""",2021-03-26 09:51:00,산하,2021-03-26 10:14:00,"세금을  올리든  어떻게  하든  부동산은 반드시  잡아야  한다  
수단과  방법을  가리지밀고  부동산  만큼은  꼭  잡아야 한다

서서히  나타날것이고  불로소득한  인간들 반드시 잡아   투기근절시키고  
정상적인   가격을  만드는것이  원칙이다...."
"[시선집중] 이상돈 ""안철수 도움보다 피곤하게 할 거라는 걸 김종인도 아는 것""",2021-03-26 09:51:00,김희진,2021-03-26 10:11:00,"이상돈
자력으로   국회의원도   못하는 주제에
ㅍㅎㅎ"
"[시선집중] 이상돈 ""안철수 도움보다 피곤하게 할 거라는 걸 김종인도 아는 것""",2021-03-26 09:51:00,곰팅이,2021-03-26 10:04:00,"쉿.
철수의 비밀을 너무 알리지 마세요.
국힘당도 찰스의 맛을 느껴봐야, '아~~~~ 내가 왜 그랬을까.'하고 땅을 치며 후회하겠죠."
"[시선집중] 이상돈 ""안철수 도움보다 피곤하게 할 거라는 걸 김종인도 아는 것""",2021-03-26 09:51:00,just,2021-03-26 10:51:00,"이상돈 이분은 정말 불쌍하고 안타깝다

뭐가 맘이 꼬였는지는 몰라도

그래도 한동안 한솥밥 먹었던 사람이 

사나이가 치졸하고 째재 한지 

생긴대로 노는 구마

ㅉㅉㅉ"
"[시선집중] 이상돈 ""안철수 도움보다 피곤하게 할 거라는 걸 김종인도 아는 것""",2021-03-26 09:51:00,jacob,2021-03-26 10:03:00,"이상돈이도 남 말할 자격되나?
여기 저기 기웃거리다가
이제는 안불러주니 험담이나 해서
존재감 구걸하려고...?"
"[시선집중] 이상돈 ""안철수 도움보다 피곤하게 할 거라는 걸 김종인도 아는 것""",2021-03-26 09:51:00,요산요수,2021-03-26 10:04:00,예리하십니디~~!!
"[시선집중] 이상돈 ""안철수 도움보다 피곤하게 할 거라는 걸 김종인도 아는 것""",2021-03-26 09:51:00,ryu1383,2021-03-26 10:10:00,안철수를 그만 흔들어라
"[시선집중] 이상돈 ""안철수 도움보다 피곤하게 할 거라는 걸 김종인도 아는 것""",2021-03-26 09:51:00,천장지구,2021-03-26 10:43:00,안철수는 흔들고 뭐고 할 재목이 아니잖나. 그저 오락가락 좌파에서 극우까지.. 정체성도 없고.
"[시선집중] 이상돈 ""안철수 도움보다 피곤하게 할 거라는 걸 김종인도 아는 것""",2021-03-26 09:51:00,잎새,2021-03-26 10:54:00,"누가 안철수 흔들었나??
혼자 흔들리고있는거지!!!!!!!!!!!!"
"[시선집중] 이상돈 ""안철수 도움보다 피곤하게 할 거라는 걸 김종인도 아는 것""",2021-03-26 09:51:00,sky2001,2021-03-26 10:43:00,"재산세, 종부세 올라서 기존보다 훨씬 더 많은 세금을 내는 국민의 비율은 10퍼센트도 안 된다.
부자들에게 거둘 세금을 올려서 문재인정부가 망할 거라고?
아주 틀린 말은 아니다.
대한민국은 조중동 손아귀에서 놀아나니까.
명칭도 무시무시한 세금폭탄이라는 말로 연신 공갈을 쳐대면, 대다수 서민들은 자신이 거기에 해당되는지를 따지지도않고 정부 욕부터 하니까.

세금 더 올려야 한다.
특히 부동산 관련 세금은 지금도 턱없이 낮다.
집값은 10억이 올랐는데 세금 천 만원 더 낸다고 폭탄?

손바닥으로 하늘을 가려라."
"[시선집중] 이상돈 ""안철수 도움보다 피곤하게 할 거라는 걸 김종인도 아는 것""",2021-03-26 09:51:00,아무튼 난,2021-03-26 10:31:00,얘는 맨날 나와서 안철수 까는 게 직업임???ㅋㅋㅋ 나이 먹고 부끄럽지도 않나??
"[시선집중] 이상돈 ""안철수 도움보다 피곤하게 할 거라는 걸 김종인도 아는 것""",2021-03-26 09:51:00,월남인형,2021-03-26 10:06:00,그래도 세금은 올려야 된다
"[시선집중] 이상돈 ""안철수 도움보다 피곤하게 할 거라는 걸 김종인도 아는 것""",2021-03-26 09:51:00,고운선생,2021-03-26 10:17:00,"기회주의자 이상돈의 예측은 지금까지 들어맞은 적이 한 번도 없다. 이회창 특보, 안철수 특보..."
"[시선집중] 이상돈 ""안철수 도움보다 피곤하게 할 거라는 걸 김종인도 아는 것""",2021-03-26 09:51:00,클라 드림,2021-03-26 10:44:00,이상돈 의안철수 그렇게 얘기하면 안 되지 네가 잘하는게 뭐 있다고 하여간지 잘난 척
"[시선집중] 홍익표 ""노점상 지원 세금과 상관없어, 포용적 자세로 피해 지원""",2021-03-01 10:09:00,처음처럼,2021-03-01 15:22:00,"노점상 구분은 어떻게 하는것인지 궁금하다...
사업자등록 있는 노점상을 지원한다는 얘기도 있던데, 사업자등록이 되어 있다면, 
이미 소상공인 버팀목지원 대상으로 기존 지원 받았을테고...
사업자 업종에 노점상이란 업종인 없다...
사업자없는 영세 노점상들이 휠씬 많을텐데, 그들을 어떤 방법으로 선별할지가 관건임
그래서 차선책으로 전국민 대상지원으로 보완 하는것이 필요하다"
"[시선집중] 홍익표 ""노점상 지원 세금과 상관없어, 포용적 자세로 피해 지원""",2021-03-01 10:09:00,태성이엔씨,2021-03-01 13:10:00,지금주던가아니면선거끝나고주어라돈주고표사기위한얄팍한수작부리지말고집권여당하는짓이정말로한심하다~~
"[시선집중] 홍익표 ""노점상 지원 세금과 상관없어, 포용적 자세로 피해 지원""",2021-03-01 10:09:00,몰라,2021-03-01 12:52:00,"이낙연 고집 부리지 말고
재난지원금 전국민에게 지급해라"
"[시선집중] 홍익표 ""노점상 지원 세금과 상관없어, 포용적 자세로 피해 지원""",2021-03-01 10:09:00,샤론송빵,2021-03-01 12:22:00,댓글신고해? 진짜 천박한  주둥아x도  듣기싫어? 그 정도도  듣기싫으면 정치하지말고 xx
"[시선집중] 홍익표 ""노점상 지원 세금과 상관없어, 포용적 자세로 피해 지원""",2021-03-01 10:09:00,송희신랑,2021-03-01 12:06:00,저인간 지돈이면 그럴까?
"[시선집중] 홍익표 ""노점상 지원 세금과 상관없어, 포용적 자세로 피해 지원""",2021-03-01 10:09:00,한국,2021-03-01 11:59:00,* 투표용지를 먼저 공개하는구나 ㅎ ㅎ
"[시선집중] 홍익표 ""노점상 지원 세금과 상관없어, 포용적 자세로 피해 지원""",2021-03-01 10:09:00,한마디1,2021-03-01 11:08:00,"민주당 서울, 부산 선거 집니다
ㅈ 잡고 반성하세요"
"[시선집중] 홍익표 ""노점상 지원 세금과 상관없어, 포용적 자세로 피해 지원""",2021-03-01 10:09:00,월정탑추,2021-03-01 11:07:00,그래서 소상공인 자영업자의 지원 목적이 임대료며 매상 하락 때문 아녀 세금 문제가 아님 그럼 어디에 해당되냐는 거야 그리구 온라인 쇼핑물이며 포장 주문배달이며 택배는 왜 손실이 나냐는 거야 도대체 뭔 소리하는 겨 살다가 별일을 다보네 유념하도록...
"[시선집중] 홍익표 ""노점상 지원 세금과 상관없어, 포용적 자세로 피해 지원""",2021-03-01 10:09:00,보소미,2021-03-01 11:05:00,"나두..소비활동 열심히 하고 있는 시민입니다.
똑같이 주시오.하."
"[시선집중] 홍익표 ""노점상 지원 세금과 상관없어, 포용적 자세로 피해 지원""",2021-03-01 10:09:00,글로리,2021-03-01 10:46:00,소비하면 세금 낸다는 얘기가아니라.  소득이   있어도 세금 안내는 걸 지적한건데 악의적이라니  ㅉ
"[시선집중] 홍익표 ""노점상 지원 세금과 상관없어, 포용적 자세로 피해 지원""",2021-03-01 10:09:00,YOO JW,2021-03-01 10:30:00,왜 국민세금 가지고 니들이 생색이냐
"[시선집중] 홍익표 ""노점상 지원 세금과 상관없어, 포용적 자세로 피해 지원""",2021-03-01 10:09:00,쿠라,2021-03-01 10:23:00,더불어 암당
"[시선집중] 홍익표 ""노점상 지원 세금과 상관없어, 포용적 자세로 피해 지원""",2021-03-01 10:09:00,만만만세2,2021-03-01 10:23:00,세금도 안내고 불법 장사하는 노점상을 왜 지원하나?
"[시선집중] 홍익표 ""노점상 지원 세금과 상관없어, 포용적 자세로 피해 지원""",2021-03-01 10:09:00,흰머리소녀,2021-03-01 10:21:00,노점상들은 불법 도시 파괴자들이라 감옥행이지.
"[시선집중] 홍익표 ""노점상 지원 세금과 상관없어, 포용적 자세로 피해 지원""",2021-03-01 10:09:00,Rich,2021-03-01 10:21:00,"열심히 세금내는 월급쟁이들은 지원 없음...
세금없이 노점하는 상인들은 지원...
 보편지급하라는 말은 귓등으로도 안 듣음..."
"[시선집중] 홍익표 ""노점상 지원 세금과 상관없어, 포용적 자세로 피해 지원""",2021-03-01 10:09:00,cu2021,2021-03-01 10:20:00,전국민은 모이지말랬는데 모이고 해서 너들말안들어서 안주는거야?그런거야?
"[시선집중] 홍익표 ""노점상 지원 세금과 상관없어, 포용적 자세로 피해 지원""",2021-03-01 10:09:00,김민석,2021-03-01 10:18:00,노점상들 표 돈주고 사는거야?
"[뉴스하이킥] ""文지지도 45%선이 서울시장 색깔 가른다""",2021-03-01 19:46:00,영원한 콧털,2021-03-01 19:50:00,"코리아 리서치 4개여론조사,
문대통령 46%
여권 시장후보도 46퍼정도"
"[뉴스하이킥] ""文지지도 45%선이 서울시장 색깔 가른다""",2021-03-01 19:46:00,ajskch,2021-03-01 20:12:00,"문가 지지 하는 인간들
왜구 씨받이 아니구서야"
"[뉴스하이킥] ""文지지도 45%선이 서울시장 색깔 가른다""",2021-03-01 19:46:00,쑥이,2021-03-01 22:03:00,국짐 지지자가 왜구  씨받이지
"[뉴스하이킥] ""文지지도 45%선이 서울시장 색깔 가른다""",2021-03-01 19:46:00,바이킹,2021-03-01 22:55:00,정신  ....
"[뉴스하이킥] ""文지지도 45%선이 서울시장 색깔 가른다""",2021-03-01 19:46:00,피아노,2021-03-01 19:49:00,국민의힘 한심하다 처음부터 야당이 유리한 선거 구도인데 국짐 전혀 그걸 못 살린다 그게 한계다 인물이 없다 나경원이나 안철수나 비호감도 1위2위 아니냐 권력욕만 있지 서울시장 후보로 적합한가 진정 묻고싶다 혁신한다 바꾼다 과거랑 작별한다면서 기껏 후보가 나경원 안철수냐 이게 혁신이냐 전광훈과 한패인 나경원이 시장되면 광화문 태극기 천국되고 방역 엉망진창 될거다 국짐 후보들 역대급 폭망한 총선 떨어진 탈락자들이라 서울시장 우루루 나온거지 경쟁력있나 공약도 급조한 티나고 극우 성향만 강조할뿐 처음부터 국짐은 출발선이 잘못된 선거다!
"[뉴스하이킥] ""文지지도 45%선이 서울시장 색깔 가른다""",2021-03-01 19:46:00,자연사랑,2021-03-01 20:00:00,댓글 전문꾼이네
"[뉴스하이킥] ""文지지도 45%선이 서울시장 색깔 가른다""",2021-03-01 19:46:00,주니,2021-03-01 20:13:00,국짐은 그냥 국짐이당
"[뉴스하이킥] ""文지지도 45%선이 서울시장 색깔 가른다""",2021-03-01 19:46:00,dh,2021-03-01 20:54:00,"안철수가 비호감 2위라는 건 더듬당 지지자들 한정 조사 아니냐?? 2-30대 대학생이나 젊은 직장인들이 전부 안티 민주당인건 아냐?? 그쪽 당 지지자들이야 젊은 사람들이 경험도 없고 무식해서 모르는 거라고 평가절하하고 싶겠지만, 2-30대는 대한민국 역사상 가장 고학력자들이고 또 촛불도 들었던 진짜 민주주의 세대들임"
"[뉴스하이킥] ""文지지도 45%선이 서울시장 색깔 가른다""",2021-03-01 19:46:00,황현석,2021-03-02 00:13:00,박영선도 인물이냐?
"[뉴스하이킥] ""文지지도 45%선이 서울시장 색깔 가른다""",2021-03-01 19:46:00,창동히틀러,2021-03-02 05:22:00,박영선에서 웃으면 돼나요
"[뉴스하이킥] ""文지지도 45%선이 서울시장 색깔 가른다""",2021-03-01 19:46:00,CS,2021-03-02 09:20:00,논리도 안되는 말을 저리 길게 썼엠?
"[뉴스하이킥] ""文지지도 45%선이 서울시장 색깔 가른다""",2021-03-01 19:46:00,풀꽃향기,2021-03-01 19:52:00,왜구를 시장에 앉히는 바보짓 하지 않기.
"[뉴스하이킥] ""文지지도 45%선이 서울시장 색깔 가른다""",2021-03-01 19:46:00,간첩문재앙4444,2021-03-01 20:00:00,그럼 친중종북 간첩을 대통령 앉히는 건 정상이냐?
"[뉴스하이킥] ""文지지도 45%선이 서울시장 색깔 가른다""",2021-03-01 19:46:00,안로사,2021-03-01 20:09:00,그렇다고 위선자인 민주당을 뽑을 수도 없는 노릇
"[뉴스하이킥] ""文지지도 45%선이 서울시장 색깔 가른다""",2021-03-01 19:46:00,회진,2021-03-01 20:30:00,도쿄 호화부동산 부자 박영선과 일본 자위대 기념식 참석 나경원을 둘 다 저격하는 댓글이군요
"[뉴스하이킥] ""文지지도 45%선이 서울시장 색깔 가른다""",2021-03-01 19:46:00,아름다운세상,2021-03-01 20:58:00,친일은 민주당이 👍
"[뉴스하이킥] ""文지지도 45%선이 서울시장 색깔 가른다""",2021-03-01 19:46:00,소나기,2021-03-02 00:07:00,그렇다고  성추행 전문당을 뽑을 수도  없지
"[뉴스하이킥] ""文지지도 45%선이 서울시장 색깔 가른다""",2021-03-01 19:46:00,희망의나라,2021-03-02 03:10:00,"왜구 왜구 하는것들이 
친일 후손들이 더 많다
아직도 왜구 타령이냐?"
"[뉴스하이킥] ""文지지도 45%선이 서울시장 색깔 가른다""",2021-03-01 19:46:00,탈퇴한 사용자,2021-03-02 11:05:00,중공넘 시다바리를 시장에 앉히는 바보짓 하지 않기. ㅋ
"[뉴스하이킥] ""文지지도 45%선이 서울시장 색깔 가른다""",2021-03-01 19:46:00,다물꾼,2021-03-01 19:50:00,"아무리 신랑이 미워져도
깡패하고 살 수는 없쟎아요."
"[뉴스하이킥] ""文지지도 45%선이 서울시장 색깔 가른다""",2021-03-01 19:46:00,dh,2021-03-01 20:55:00,깡패국가 북한을 사랑하는 그쪽 당 말씀하시는 거죠?? ^^
"[뉴스하이킥] ""文지지도 45%선이 서울시장 색깔 가른다""",2021-03-01 19:46:00,ㅅㅇ,2021-03-02 00:15:00,"북한 좋아하는 더불당, 대깨문은 북한가고 일본 좋아하는  국힘당은 일본가라... 그럼 대한민국은 100배는 살기 좋아질거다"
"[뉴스하이킥] ""文지지도 45%선이 서울시장 색깔 가른다""",2021-03-01 19:46:00,학생,2021-03-02 00:54:00,"중궈니 말 안들었냐, 종북, 북한 빼고 말하는 습관 좀 들여라.. 진심 머리 비어 보인다 ㅜㅜ"
"[뉴스하이킥] ""文지지도 45%선이 서울시장 색깔 가른다""",2021-03-01 19:46:00,콜롬보,2021-03-02 06:22:00,사기꾼보다 깡배가 낫다
"[뉴스하이킥] ""文지지도 45%선이 서울시장 색깔 가른다""",2021-03-01 19:46:00,CS,2021-03-02 09:18:00,깡패보다 심한 북한이랑 사세요
"[뉴스하이킥] ""文지지도 45%선이 서울시장 색깔 가른다""",2021-03-01 19:46:00,봄이온다,2021-03-01 19:56:00,"여론분석가들이 언제 제대로 맞춘적이 있나?

국짐당들 봐라, 상식있는 국민이라면 뽑고 싶겠냐?

애매한 안철수한테 서울시정을 맡길수가 있겠니? ㅉㅉ 

대통령 지지율과 상관없이, 박영선이 호불호가 좀 갈려도, 능력면에서 젤 나은 박영선을 뽑을거라 본다."
"[뉴스하이킥] ""文지지도 45%선이 서울시장 색깔 가른다""",2021-03-01 19:46:00,간첩문재앙4444,2021-03-01 19:59:00,상식있는 놈이 그럼 문재앙 뽑냐?ㅉㅉ
"[뉴스하이킥] ""文지지도 45%선이 서울시장 색깔 가른다""",2021-03-01 19:46:00,오메가,2021-03-01 21:20:00,상식없는 인간들이 문재앙과 박원숭 뽑아서 국민들 힘든 시국이다
"[뉴스하이킥] ""文지지도 45%선이 서울시장 색깔 가른다""",2021-03-01 19:46:00,.,2021-03-01 21:35:00,그래서민주다이야?ㅋ 하긴 민주당 지지자들제대로된이성있는자들없지 걍거의무슨 신앙이지 내로남불
"[뉴스하이킥] ""文지지도 45%선이 서울시장 색깔 가른다""",2021-03-01 19:46:00,황현석,2021-03-02 00:14:00,상식 잇으면 문재인 지지 왜해?
"[뉴스하이킥] ""文지지도 45%선이 서울시장 색깔 가른다""",2021-03-01 19:46:00,leebking,2021-03-01 19:56:00,"박영선, 안철수 싸움은 국민의 짐당 챙피.
박영선, 나경원 싸움은 나경원 패배.

나경원 딸 지도교수 이상한 교수야!
성적을 그렇게 수정할 수 있나?
교수의 특권인가?

고등학교 교사가 성적 수정했으면 
감방갔을 텐데?  나경원 딸이면 감방에 안갈까?"
"[뉴스하이킥] ""文지지도 45%선이 서울시장 색깔 가른다""",2021-03-01 19:46:00,바람같은사나이,2021-03-01 20:53:00,"꼴갑 떨고 있는거 아닌가
별볼일 없는 존재인것  같아
ㅋㅋㅋㅋㅋ"
"[뉴스하이킥] ""文지지도 45%선이 서울시장 색깔 가른다""",2021-03-01 19:46:00,산들바람,2021-03-01 21:29:00,반민족특위 땜에 국론이 분열 됐다고 주장하는 여자분이 이번에는 그쪽에 친일이 많다고 또 헛소리 하네
"[뉴스하이킥] ""文지지도 45%선이 서울시장 색깔 가른다""",2021-03-01 19:46:00,.,2021-03-01 21:34:00,너같은 가짜뉴스 자들도.처벌 받아야할텐데
"[뉴스하이킥] ""文지지도 45%선이 서울시장 색깔 가른다""",2021-03-01 19:46:00,국민의 흠,2021-03-01 19:51:00,"잘못된 분석입니다 
대부분의 유권자가 
국짐당이나 국민의당이 심판할 입장이 아닌거 잘알고있습니다
박영선 시장님 미리 축하드립니다"
"[뉴스하이킥] ""文지지도 45%선이 서울시장 색깔 가른다""",2021-03-01 19:46:00,ndw,2021-03-01 22:39:00,설레발...
"[뉴스하이킥] ""文지지도 45%선이 서울시장 색깔 가른다""",2021-03-01 19:46:00,.,2021-03-01 23:50:00,댖깨
"[뉴스하이킥] ""文지지도 45%선이 서울시장 색깔 가른다""",2021-03-01 19:46:00,찬ㅅㅏ랑,2021-03-02 00:36:00,뭐라는거 ㅎ
"[뉴스하이킥] ""文지지도 45%선이 서울시장 색깔 가른다""",2021-03-01 19:46:00,종달리,2021-03-01 21:40:00,"지지율이 45%라고. ?  뉴스하이끽.  사기치지말아. ?  문죄인 레임덕  대문앞에 있는데
내년 4월9일.날 문죄인 은 풍지 박산날. 것이다"
"[뉴스하이킥] ""文지지도 45%선이 서울시장 색깔 가른다""",2021-03-01 19:46:00,용,2021-03-01 19:52:00,41% 투표로 당선인데 임기4년동안 거의 다 암흑인데 45퍼가 지지한다.... 흐음
"[뉴스하이킥] ""文지지도 45%선이 서울시장 색깔 가른다""",2021-03-01 19:46:00,은어처럼,2021-03-01 21:58:00,더 이상 어떻게 잘하죠?
"[뉴스하이킥] ""文지지도 45%선이 서울시장 색깔 가른다""",2021-03-01 19:46:00,정훈McCallister98615,2021-03-01 22:21:00,"41프로  타령 어지간해라    분별없는 멍청한인간아
  문통  홍준표  안철수  유승민  심상정   5명이나와서  문통혼자 41프로획득  엄청난거지   모지란인간아
     홍준표  안철수 유승민  심상정  4사람이  59프로 받은격인데   문통홀로41프로  적은수치냐?
     생각좀하고사소"
"[뉴스하이킥] ""文지지도 45%선이 서울시장 색깔 가른다""",2021-03-01 19:46:00,자기몫을알면,2021-03-01 23:16:00,나도 잘.. 이해가
"[뉴스하이킥] ""文지지도 45%선이 서울시장 색깔 가른다""",2021-03-01 19:46:00,.,2021-03-02 00:09:00,진짜 이리도 멍청한 소리를 하네
"[뉴스하이킥] ""文지지도 45%선이 서울시장 색깔 가른다""",2021-03-01 19:46:00,독도는 우리땅,2021-03-02 01:19:00,우리는 암흑이라도 전세계는 2차대전 수준인걸 생각해야지 ㅋ 이정도면 정말 선방하고 있는거다 ㅉㅉ
"[뉴스하이킥] ""文지지도 45%선이 서울시장 색깔 가른다""",2021-03-01 19:46:00,국민의 흠,2021-03-01 19:50:00,"잘못된 분석입니다
대통령 지지여부와 상관없이 국짐당과 국민의당을 싫어하는 유권자도 많아요"
"[뉴스하이킥] ""文지지도 45%선이 서울시장 색깔 가른다""",2021-03-01 19:46:00,바람같은사나이,2021-03-01 20:52:00,"당신이나 싫어 하지
나는 좋은데
자기의 잣대에  맞추어  평을
하지마용
별볼일 없는 존재인것 같아
ㅋㅋㅋ"
"[뉴스하이킥] 박용진 ""LH 의혹, 변창흠 몰랐다면 무능.. 알았다면 큰일""",2021-03-04 19:44:00,새로마이,2021-03-04 20:06:00,"민주당 박용진의원
빨갱이라고 하던 사람들이나 민주당의 친일파 논리나 문제가 뭐냐 하면 생각이 다르고 의견이 틀리면 그냥 상대를 그렇게 규정해버리고 공격하는 건 저는 우리 사회에서 꼭 없어져야 될 태도 라고 보고요.
친일파도 프레임정치라는 박용진
정말 솔직하구나..
역시 금태섭과 함께 차기 민주주의 쌍두마차"
"[뉴스하이킥] 박용진 ""LH 의혹, 변창흠 몰랐다면 무능.. 알았다면 큰일""",2021-03-04 19:44:00,권연택,2021-03-05 06:17:00,"그리 보여요~~~?
조국 박원순 유시민에 또 백선엽에 저 사람이 솔직해 보인다~~?
무섭습니다"
"[뉴스하이킥] 박용진 ""LH 의혹, 변창흠 몰랐다면 무능.. 알았다면 큰일""",2021-03-04 19:44:00,흰구름,2021-03-05 06:54:00,금태섭 박용진  ???
"[뉴스하이킥] 박용진 ""LH 의혹, 변창흠 몰랐다면 무능.. 알았다면 큰일""",2021-03-04 19:44:00,고영준,2021-03-04 20:10:00,썩어문더러진똥갇은부동산정책
"[뉴스하이킥] 박용진 ""LH 의혹, 변창흠 몰랐다면 무능.. 알았다면 큰일""",2021-03-04 19:44:00,v웃으며살자v,2021-03-04 20:14:00,"이넘을 장관 시킬라고 할때
어디서 저런거를 찾아왔나???
아주 참 신통하든데..ㅠㅠ
이번 정부 부동산은 정말 최악!!!"
"[뉴스하이킥] 박용진 ""LH 의혹, 변창흠 몰랐다면 무능.. 알았다면 큰일""",2021-03-04 19:44:00,만시기,2021-03-05 05:10:00,부동산은? 부동산마저 또는 부동산도로 수정해주세요.
"[뉴스하이킥] 박용진 ""LH 의혹, 변창흠 몰랐다면 무능.. 알았다면 큰일""",2021-03-04 19:44:00,v웃으며살자v,2021-03-05 12:47:00,"이번 정부는 부동산빼고는 다 잘하고 있습니다!!!
이제 윤짜장도 정치한다고 나갔으니 검찰개혁에
힘써야합니다!!!"
"[뉴스하이킥] 박용진 ""LH 의혹, 변창흠 몰랐다면 무능.. 알았다면 큰일""",2021-03-04 19:44:00,울산노다지,2021-03-04 20:04:00,"문대통령 인사하나는 실패작이 너무많다ㅡ
변씨는 깜이 아니다ㅡ생긴것도 그렇고ㆍㅉㅉ

문빠지만ㅡ씁쓸하다ㅡ"
"[뉴스하이킥] 박용진 ""LH 의혹, 변창흠 몰랐다면 무능.. 알았다면 큰일""",2021-03-04 19:44:00,Hotshot,2021-03-04 20:24:00,"아재요. 문빠?
정신차리소."
"[뉴스하이킥] 박용진 ""LH 의혹, 변창흠 몰랐다면 무능.. 알았다면 큰일""",2021-03-04 19:44:00,둘리,2021-03-04 21:40:00,문통님은 인복이 없나봅니다..에휴
"[뉴스하이킥] 박용진 ""LH 의혹, 변창흠 몰랐다면 무능.. 알았다면 큰일""",2021-03-04 19:44:00,Moon곰치매,2021-03-04 22:58:00,"적보다 무서운게 무능한 장수요.
문재앙이 무능한 걸 알면서도 지지하는 건 이유가 뭐요?
이래서 선동이 참 무서운 질병이다."
"[뉴스하이킥] 박용진 ""LH 의혹, 변창흠 몰랐다면 무능.. 알았다면 큰일""",2021-03-04 19:44:00,초갼,2021-03-05 00:16:00,문빠.?아닐텐뎇  가장무도회
"[뉴스하이킥] 박용진 ""LH 의혹, 변창흠 몰랐다면 무능.. 알았다면 큰일""",2021-03-04 19:44:00,온유짱,2021-03-05 04:04:00,공감합니다
"[뉴스하이킥] 박용진 ""LH 의혹, 변창흠 몰랐다면 무능.. 알았다면 큰일""",2021-03-04 19:44:00,재원아빠,2021-03-05 04:57:00,"말씀 그렇게하시면 안돼요 !

2차대전 히틀러 나

일본 대동아전쟁 이나

다국민이 지지해주 정부입니다

국민이 무지몽매한것입니다

문재인 도 마찬가지 입니다

문재인대통령 취임식 기억하세요 ?

저는 한가지 그분이 광화문 대통령 됀다고 !

모두 모두 뻥 쳤습니다 왜 ?

국민이 무지몽매한 것입니다 ."
"[뉴스하이킥] 박용진 ""LH 의혹, 변창흠 몰랐다면 무능.. 알았다면 큰일""",2021-03-04 19:44:00,문탄핵 재앙 보유국,2021-03-05 06:14:00,청문회 하믄 뭐하냐?재앙이 패거리들 몽니로 밀어부쳐 장관질 시켜논거 거의 신기록............
"[뉴스하이킥] 박용진 ""LH 의혹, 변창흠 몰랐다면 무능.. 알았다면 큰일""",2021-03-04 19:44:00,백성현,2021-03-04 20:24:00,넌 뭐니
"[뉴스하이킥] 박용진 ""LH 의혹, 변창흠 몰랐다면 무능.. 알았다면 큰일""",2021-03-04 19:44:00,이블,2021-03-04 21:17:00,"LH라는  조직을 아직도 모르십니까

자재  납품하려면  돈 싸들고  가고

납품 시작하면  개때들이  덥벼들어
돈 빼으려고  해서

중소기업은  납품을  하지않는  회사도 많습니다

이런게 건설 업체에  정설인데

이런 걸 몰랐을까요

한심한 정권  ㅡ 세상공부 좀해라"
"[뉴스하이킥] 박용진 ""LH 의혹, 변창흠 몰랐다면 무능.. 알았다면 큰일""",2021-03-04 19:44:00,진공청소기,2021-03-05 06:30:00,이게 현정권에서 만든 기관인가?
"[뉴스하이킥] 박용진 ""LH 의혹, 변창흠 몰랐다면 무능.. 알았다면 큰일""",2021-03-04 19:44:00,최재수,2021-03-05 06:40:00,관리는 현정권에 있지요 아무리 쉴드를 치려거든 논리적으로 치세요
"[뉴스하이킥] 박용진 ""LH 의혹, 변창흠 몰랐다면 무능.. 알았다면 큰일""",2021-03-04 19:44:00,강종구,2021-03-04 20:54:00,"장관이  몰랐다면   무능한것이고
알았다면   직무유기~~~~
책임을   져야지요
오래전부터   해먹었다는   소문이
사실이였나   봅니다"
"[뉴스하이킥] 박용진 ""LH 의혹, 변창흠 몰랐다면 무능.. 알았다면 큰일""",2021-03-04 19:44:00,뺀질,2021-03-04 23:25:00,"혹시 사는데가 
강남은 아니겠죠?"
"[뉴스하이킥] 박용진 ""LH 의혹, 변창흠 몰랐다면 무능.. 알았다면 큰일""",2021-03-04 19:44:00,그냥그대로 2,2021-03-05 00:18:00,민주당내 훈수꾼 박용진이는  돈재이 껌태숩이 따라 탈당하고 안초딩 장모춘장 발정준뽀 나경영 다모아 신당 창당해라. 용진이 발딱한 추호영감을 비데원장 시키고.
"[뉴스하이킥] 박용진 ""LH 의혹, 변창흠 몰랐다면 무능.. 알았다면 큰일""",2021-03-04 19:44:00,온유짱,2021-03-05 04:03:00,공감합니다
"[뉴스하이킥] 박용진 ""LH 의혹, 변창흠 몰랐다면 무능.. 알았다면 큰일""",2021-03-04 19:44:00,토끼와여우,2021-03-05 06:06:00,변창흠.방배동 삽니다.
"[뉴스하이킥] 박용진 ""LH 의혹, 변창흠 몰랐다면 무능.. 알았다면 큰일""",2021-03-04 19:44:00,모산자,2021-03-04 20:54:00,"저런 쥐 ㅅ,ㄲ 같은 사람이 장관 이라고....
그렇게 반대했었는데 장관 못시켜서 ㅈ,ㄹ을 떨더니만
정말 잘 하고 있다,
쪽팔린다 정말..."
"[뉴스하이킥] 박용진 ""LH 의혹, 변창흠 몰랐다면 무능.. 알았다면 큰일""",2021-03-04 19:44:00,온유짱,2021-03-05 04:02:00,공감합니다
"[뉴스하이킥] 박용진 ""LH 의혹, 변창흠 몰랐다면 무능.. 알았다면 큰일""",2021-03-04 19:44:00,tooni,2021-03-04 19:49:00,문재인도  공범이다
"[뉴스하이킥] 박용진 ""LH 의혹, 변창흠 몰랐다면 무능.. 알았다면 큰일""",2021-03-04 19:44:00,박정훈,2021-03-04 23:39:00,"미운건 알겠어.... 그래도 그럴듯하게 역어라~쫌! 막 가져다 붙이는구나....ㅋㅋ
예전에 모든건 노무현때문이다~이러고 놀던
그때 그 수준에서 한발도 나아가지 못했네
자칭보수들은.....
안심된다 이런사람들보면....
우리나라를 아직도 8~90년대의 상황으로 매번 깔보고 씹는 쪽본인간들을 보는것 같아서 마음이 편하다.... 개들 정신병적으로 갈라파고스화 되서 점점  한심하고  불쌍해 보이잖아
요즘 자칭 보수들이 그렇다
발전이 없다... 어떤 면에서도..."
"[뉴스하이킥] 박용진 ""LH 의혹, 변창흠 몰랐다면 무능.. 알았다면 큰일""",2021-03-04 19:44:00,큐티맘,2021-03-04 20:44:00,변창흠도 한통속아닐까
"[뉴스하이킥] 박용진 ""LH 의혹, 변창흠 몰랐다면 무능.. 알았다면 큰일""",2021-03-04 19:44:00,유진탈출,2021-03-05 06:33:00,"한통속이니까 덮을려고 총리실에 조사하라고 했지.
아니면 왜 조사권 있는 기관에 안맞겨?"
"[뉴스하이킥] 박용진 ""LH 의혹, 변창흠 몰랐다면 무능.. 알았다면 큰일""",2021-03-04 19:44:00,humanist,2021-03-04 19:54:00,"박용진이 왠일이냐?
변창흠을 까고?
이재명 줄서기 문재인 손절 시작이냐?"
"[뉴스하이킥] 박용진 ""LH 의혹, 변창흠 몰랐다면 무능.. 알았다면 큰일""",2021-03-04 19:44:00,박영식,2021-03-04 22:04:00,용진아 넌 빠져
"[뉴스하이킥] 박용진 ""LH 의혹, 변창흠 몰랐다면 무능.. 알았다면 큰일""",2021-03-04 19:44:00,CARPE DIEM,2021-03-04 20:24:00,"역시 박용진의원은 국민의 가려운 데를 
긁어주며 여야를 가리지 않고 정직하게 
지적하는걸 보니 참정치인, 맞습니다~!."
"[뉴스하이킥] 박용진 ""LH 의혹, 변창흠 몰랐다면 무능.. 알았다면 큰일""",2021-03-04 19:44:00,Eaude Black,2021-03-04 21:52:00,"뭔 소리여~  꼬리자르기 하는건데

무슨 여야를 가리지 않아~  
죽어깨나 모가지에 칼 들어와도 
민주당골수 전통 대깨문 쉴드파인데.

꼬리자르기 전문이지 참정치인은 아니다."
