﻿제목,날짜,작성자,작성일,댓글
"이태규 ""안철수, 야권 대선후보 경선에서 빠지면 흥행 안 될 것""",2021-04-19 10:36:00,Justso*,2021-04-19 12:08:00,"이태규,

정치의 첫발을 민주당에서 시작한 이후에
수 많은 정당을 네 입맛에 따라 갈아타며, 결국
안철수의 충실한 내시로 안착하더니, 부끄럼을
모르고 아부로 안달이 났구나.

골이 없는 무뇌충인 건 짐작햇지만, 꼴에 상전을
모시는 자세는 길거리 똥개가 부러워할 만하다.

혹시,
집구석에 들어가면, 여편네외 새끼들이 네 쌍판을
유심히 보지 않던......??

그 많은 인재를 서슴없이 내치던 안철수가 왜 너깉은
무노충을 옆에 끼고 잇는 지, 이제야 감이 온다.

ㅋㅋㅋㅋ"
[정참시] 대선주자도 한다는 눈썹 문신…그런데 불법이라고?,2021-05-06 21:05:00,이병*,2021-05-08 00:39:00,"여기서 궁금한건 시술 잘 하지도 안는 의사들이 왜 반대했을까??
정말 국민의 건강이 염려되서??"
[정참시] 대선주자도 한다는 눈썹 문신…그런데 불법이라고?,2021-05-06 21:05:00,석윤*,2021-05-07 09:47:08,"많은 사람들이 한국인의 특성을 이렇게 말한다
성질이 급하고 남이 잘되는 것에 질투 시기심이 많고 지역이기심이 강하다
사회적 약자에게 배려심이 적고 권력자와 부자들이 욕심이 많다
타투불법은 전 세계 단 하나뿐인 우리나라만 있는 기이한 현상으로 한국인의 특성을 잘 보여주고 있다
타투는 "" 의료계의 욕심만 있을뿐 사회적 약자와 국민에 대한 배려심이 전혀 없다"""
[정참시] 대선주자도 한다는 눈썹 문신…그런데 불법이라고?,2021-05-06 21:05:00,이은*,2021-05-07 08:16:16,하루빨리 제도가 마련 되어야 서로 보호를 받을수 있겠네요
"[한국갤럽] ""대선주자 선호도 이재명 25%, 윤석열 22%""",2021-05-07 11:17:00,3495780*,2021-05-07 19:32:50,"윤석열·김정숙·문재인이 박원순 살해 혐의로 입건돼 범죄 피의자가 됐다

박원순 사인은 전신이 허공에 매달린 질식사(목 졸림)다 이때 심장 박동이 정지되면 중력 작용으로 혈액이 몸 아래쪽 모세혈관 내로 침강하면서 자줏빛 반점이 시체의 손끝 발끝 다리 아래쪽에 생긴다 그러나 시신에는 반점이 뒷덜미 허리 등 허벅지에 나타나 있다 즉 타살된 뒤 옮겨진 것이다
https://blog.naver.com/cnamsung/222170443857"
"[한국갤럽] ""대선주자 선호도 이재명 25%, 윤석열 22%""",2021-05-07 11:17:00,최재*,2021-05-07 12:14:51,영부인 후보 선호도는 없나? 쥴리가 몇 등인고?
"원희룡 ""중도 지지 얻을 수 있는 후보는 바로 나""",2021-05-12 13:22:00,hongs*,2021-05-12 14:40:54,"신라젠으로드러난, 윤석열 의 정체; 사기탄핵의 주범 이고, 문정권 의 똘만이 충견 !.
이재명 킬러 윤희숙 이 대권 잡는다 ! *윤희숙; 대한민국 대통령 후보 추천 ,　국민의힘당 대표로추천, 대한민국 보수 우파 여러분 ! *윤희숙 -vs- 최재형-vs-윤석열 , 누구를 대통령 으로 원하십니까 ? *윤희숙; 대한민국 대통령 후보 추천 ,　국민의힘당 대표로추천합니다 ! 　*윤희숙 은 , 세계 정치 경제의중심지 뉴-욕의, 세계명문대학 컬럼비아 대학교 경제학 박사 , * 한국최고 엘리트들의 집산지KDI 국제정책대학원 교수 출신 , 　　　* 제21대 국회의원(서울 서초구 갑) 　서울대학교 경제학 학사, 석사, * 여 야 막논하고 대한민국의 호프 윤희숙　, 거물출현 ! *참신한 윤희숙 의원 , 국민의힘 당대표에 출마하는 패기 와 자신감 능력 ! *박근혜탄핵 과 무관한 신세대 인물입니다 . *윤석열 은 박근혜 엉터리 탄핵의 핵심수사요원이엇다!. 즉 2016년 12월 ~ 2017년 5월, 박근혜 정부의 국정농단을위한, 박영수 특별검사팀장밑에서 국정농단 박근혜 의 탄핵 핵심을 찾아내는 수사팀장 , 박근혜 엉터리탄핵으로 수사한 핵심수사요원 이다. *손석희는 JTBC 사장으로 고영태와함께 국정농단을 조작, 엉터리기사 기사공장역활 의 핵심인물이다. *Charles Kim、4월 27일 오전 7:16 •공유 게시의요지, (글 : 강석두 / 포항공대 교수) (사진 : 역사에 기록 될 두 남자 /법조대표 윤석열 전검찰총장 과 엉터리언론대표 손석희 JTBC 사장)

https://www.*****be.com/watch?v=GnzIYT66vV4&t=1s"
"안철수 ""이번 재보선은 교두보…대선·지방선거도 야권이 승리해야""",2021-04-08 10:22:00,양동*,2021-04-09 11:24:53,안철수야 정치꾼에서 그냥 찌그러지고 학교로 돌아가서 후진양성에 매진해라. 그것이 너의 가치성이다.
[정참시] '흘러간 물' 팔공산만 올라 VS '철부지들' 뒷산만 다녀,2021-05-13 21:01:00,이상*,2021-05-14 11:27:25,"이준석이 처음엔 신선했는데 박근혜대통령 탄핵때 찬성하고 탈당한거보고 아니라고 느꼈다.
리더는 미래에 대한 희망도 있어야지만 하늘이 무너져도 듬직한 냉정함도 있어야한다.
너무 젊어서 그런가 가볍게 느껴진다."
[정참시] '미미한' 이재명?…'우려봇' 이낙연?,2021-05-11 21:01:00,김명*,2021-05-12 14:29:07,"차기대통령은 이낙연이다. 오직 이낙연
품격의정치! 어떠한 경우라도 막말하는 대통령은 원하지도 바라지도 않는다.
오직 이낙연만을 적극 지지하고 응원합니다."
[정참시] '미미한' 이재명?…'우려봇' 이낙연?,2021-05-11 21:01:00,김*,2021-05-12 14:14:09,"우리의 선택은 이낙연뿐*
이재명지사와 비교불가~
내삶을 지켜주는 나라
이낙연이 함께합니다"
주호영·안철수 회동…야권 대통합 시동?,2021-04-10 07:11:00,고숙*,2021-04-11 01:28:03,"깜도 못된것들이 , 주제좀 알고 살거라, 잡탕이 돼는순간 풍지박산난다."
"""차기 대선 후보 적합도 윤석열 31.2%, 이재명 24.1%"" [KSOI]",2021-04-26 10:33:00,프라*,2021-04-28 07:49:55,"대깨문들 대갈이좀 깨져보니 이제는 이재명이냐?
모르면 좀 처물고 살어
니네들 땜에 나라 말아 처먹기 일보직전이야"
"""차기 대선 후보 적합도 윤석열 31.2%, 이재명 24.1%"" [KSOI]",2021-04-26 10:33:00,명기.*,2021-04-26 16:02:45,이재명이답이다~~문재앙은각성해라~~
"""차기 대선 후보 적합도 윤석열 31.2%, 이재명 24.1%"" [KSOI]",2021-04-26 10:33:00,명기.*,2021-04-26 15:58:11,윤석렬???말도않되는걸 언론플레이나하고 이재명이답이다~~문재앙정신차려라~~
"""차기 대선 후보 적합도 윤석열 31.2%, 이재명 24.1%"" [KSOI]",2021-04-26 10:33:00,서정*,2021-04-26 15:17:15,"야당 자투래기 다 합치면 46%

여당 합치면 40%가 안되네..

설마 했는데, 짜장이 왕이될 상인가?

짜장 대통령되면... 이민가야지... 병신들이 득세하는 나라.."
"""차기 대선 후보 적합도 윤석열 31.2%, 이재명 24.1%"" [KSOI]",2021-04-26 10:33:00,김병*,2021-04-26 13:40:32,"ㅋㅋ 놀고들 있네.. 이노무 언론.. 빨리 잡아야 하는데..
윤석열이 대권을 잡으면 박,전.. 전혀 뒤지지않는 탄압 거시기가 될거다..
절대 안된다.. 장난치지마라"
차기 대선주자 선호도 윤석열 32%·이재명 23.8%·이낙연 9.0%,2021-05-03 09:46:00,박현*,2021-05-10 19:55:20,윤석렬은 굴곡이 심하네... 그에 비해 이재명은 꾸준히 상위권이고. 2500명 조사는 어느 지역에 치중하느냐에 따라 많은 차이를 보일 텐데. 그리고 여론조사라며 전화 오는데 그게 받아주는 사람 이제 거의 없다. 40대인 나도 그냥 끊는다. 그거 받아서 조사 참여하는 연령층 알만 하지? 정작 투표하면 저건 무조건 이재명 당선이야...
차기 대선주자 선호도 윤석열 32%·이재명 23.8%·이낙연 9.0%,2021-05-03 09:46:00,강영*,2021-05-04 16:55:08,윤석렬이는 장모 마누라 사기사건 무마로 감빵가야 할것 같은데..
차기 대선주자 선호도 윤석열 32%·이재명 23.8%·이낙연 9.0%,2021-05-03 09:46:00,이현*,2021-05-04 11:53:52,"윤석렬 대선판에서 처가 가족들 비리 까발려지겠구나

의혹이네 수사중이네 무혐의네 그런건 의미없다

검찰때 니들이 하던 언플로 한번 당해봐라

대선 끝까지 완주하길 간절히 소망한다"
차기 대선주자 선호도 윤석열 32%·이재명 23.8%·이낙연 9.0%,2021-05-03 09:46:00,3495780*,2021-05-03 18:36:22,"윤석열·김정숙·문재인이 박원순 살해 혐의로 입건돼 범죄 피의자가 됐다

박원순 사인은 전신이 허공에 매달린 질식사(목 졸림)다 이때 심장 박동이 정지되면 중력 작용으로 혈액이 몸 아래쪽 모세혈관 내로 침강하면서 자줏빛 반점이 시체의 손끝 발끝 다리 아래쪽에 생긴다 그러나 시신에는 반점이 뒷덜미 허리 등 허벅지에 나타나 있다 즉 타살된 뒤 옮겨진 것이다
https://blog.naver.com/cnamsung/222170443857"
차기 대선주자 선호도 윤석열 32%·이재명 23.8%·이낙연 9.0%,2021-05-03 09:46:00,박현*,2021-05-10 19:56:25,멍멍?
차기 대선주자 선호도 윤석열 32%·이재명 23.8%·이낙연 9.0%,2021-05-03 09:46:00,한은*,2021-05-11 01:30:31,"태극기 부대 대원이신거 같은데 선은 지키세요.
너무 흉합니다. 부끄러운줄 아세요."
차기 대선주자 선호도 윤석열 32%·이재명 23.8%·이낙연 9.0%,2021-05-03 09:46:00,전경*,2021-05-03 15:34:01,결혼전이라고 치자 공모를 같이 했다고 트집잡는것도 아니고 제대로 수사를 해달라는 얘기 그럼 떳떳하잖아
"안철수 비서실장 김도식, 서울시 정무부시장에 내정",2021-04-15 20:27:00,마하트마간디의명언�*,2021-04-16 07:44:53,오세훈시장님과 김도식 부시장님의 멋진 활약 기대합니다 서민복지와 노인복지와 전 시민들의복지 우선 힘써주시길 #개식용금지 서울시민들과 친근한 서울시장님 부시장님 되시길 화이팅입니다
"이태규 ""김종인, 윤석열 통한 집권기획 잘 안 되니 짜증""",2021-04-23 11:06:00,Justso*,2021-04-23 23:08:06,"이태규 씨,
안철수 개인 따까리질을 온전히 하고 싶다면,
세비 받아 처먹는 의원질은 포기하는 게 도리
아닌가."
11개월 남은 대선시계…대선주자 손익계산서는?,2021-04-08 20:06:00,이연*,2021-04-09 14:16:15,이낙연 ....아~두통이야
11개월 남은 대선시계…대선주자 손익계산서는?,2021-04-08 20:06:00,4886280*,2021-04-08 21:44:35,"박근혜 이명박 사면론으로 집토끼도 다 놓치고 징벌적 손해배상은 흐지부지, 언론개혁은 손도 안 대, 검찰 개혁은 우물쭈물 어영부영 당하기만 하니 민주당 지지하던 사람들도 돌아서기 십상이다. 조국 추미애 방어는 하나도 하지 않고 다들 제몸 사리거나 살짝 배반한 놈들까지 생겨나고 있으니 이런 당을 어떻게 믿고 지지하겠는가! 그런 사이에 진짜 사깃꾼들은 상처를 이용하여 암덩이처럼 한 자리씩 꿰어차고 있으니... 다시 고질병이 재발한 것 같다. 한국사회 아직 멀었다."
"안철수 ""청와대 인적 쇄신 단행해야…필요하다면 '내각 총사퇴'라도""",2021-04-12 09:24:00,3495780*,2021-04-12 10:45:59,"박원순 살해범을 찾아냈다 -청와대 행정관이다
박 시장의 사인은 전신이 허공에 매달린 질식사(목 졸림)다. 이때 심장 박동이 정지되면 중력 작용으로 혈액이 몸 아래쪽 모세혈관 내로 침강하면서 자줏빛 반점(시반)이 시체의 손끝, 발끝, 다리 아래쪽에 생긴다. 그러나 박 시장의 시신에는 시반이 뒷덜미, 허리, 등, 허벅지에 나타나 있다. 즉 타살된 뒤 옮겨진 것이다. https://blog.naver.com/cnamsung/222170443857"
[정참시] 이재명의 작심 반성문…'민생개혁'으로 차별화?,2021-04-20 21:04:00,7491951*,2021-04-25 09:23:02,"이재명지사는 더검증이 필요하지 않을까
그리고 문재인통령은 보다적극적으로 국정현안들에 입장 표명을
해야하지 않을까 큰기대를 하지는 않지만 왜내가 이렇게 문통에게
등을 돌리려고하는지...
그리고 김종인노인네 말대로 국민의힘은 속이텅빈당이다 국민의 눈을 가리는 옛 새누리당 일수박에 저들의 한계가 아닐까
윤석열 지금움직일때가 아니라고본다"
[정참시] 이재명의 작심 반성문…'민생개혁'으로 차별화?,2021-04-20 21:04:00,황성*,2021-04-24 22:11:53,"국민의 짐은 나쁜 것들 집합소
더불어 찌질당은 등시니들 집합소"
[정참시] 이재명의 작심 반성문…'민생개혁'으로 차별화?,2021-04-20 21:04:00,황성*,2021-04-24 22:16:39,"찌질한 놈들이 집권하면 찌질한 놈들도 해 처먹고 나쁜 놈들은 더 해처먹는다.

결론 :
국민들 입장에서는 차라리 한 조직한테 당하는 것이 낫다.
40년 민주당 지지를 접고 싶다.ㅠㅠ

이재명이 열린 민주당과 신당창설하면 좋겠다."
[정참시] 이재명의 작심 반성문…'민생개혁'으로 차별화?,2021-04-20 21:04:00,Jay Ki*,2021-04-23 13:58:33,"""문재인 대통령님께서 말씀하신 것에 답이 있습니다. *부동산으로 돈을 벌 수 없게 하겠다*라고 하는 데에 모든 답이 들어 있습니다. 실주거용이 아닌 돈을 벌기 위한 수단이라면 이건 투자 또는 투기수단이기 때문에 사회적 부작용에 상응하는 제재를 가하는 게 맞습니다."" 이 말씀 참 마음에 듭니다 (문재인 부분만 빼면)"". 이렇게만 생각하고 행동 했으면 참 쉬운 일을 약속 못 지키는 것은 그렇다 치고 어쩌다 누구도 원하지 않는 누더기 부동산 법을 만들었을까요? 거기다 뻑하면 이랬다 저랬다..."
[정참시] 이재명의 작심 반성문…'민생개혁'으로 차별화?,2021-04-20 21:04:00,김홍*,2021-04-21 14:59:38,역시 이재명지사님 최고다... 정말 대통령이 되어야 합니다.
"김종인 ""안철수 '별의 순간' 지나가…윤석열은 '별의 순간' 포착""",2021-03-26 09:26:00,강효*,2021-03-27 17:07:56,니는 광화문 광장에 돗자리깔고 지나가는 시민들 운수나 봐주라 그게 딱이다
"김종인 ""안철수 '별의 순간' 지나가…윤석열은 '별의 순간' 포착""",2021-03-26 09:26:00,김중*,2021-03-26 16:22:19,"ㅋㅋ
웃겨..
얀초딩은 맞는데
떡껌패거리 얘긴 꽝..

니도 사라지는게.."
"김종인 ""안철수 '별의 순간' 지나가…윤석열은 '별의 순간' 포착""",2021-03-26 09:26:00,4861922*,2021-03-26 15:48:41,이렇게 오래 정치한 사람이 윤석열이를 대통령감으로 본다는 것이 매우 매우 우려스럽구나. 검찰 조직 하나도 제데로 건사하지 못하고 비뚤게 운영하는 공직자가 어찌 이 나라를 바르게 이끌겠소... 또다른 MB가 나오지 말아야 하오.
"김종인 ""안철수 '별의 순간' 지나가…윤석열은 '별의 순간' 포착""",2021-03-26 09:26:00,조칠*,2021-03-26 11:13:09,에라이 개 똘
[정참시] 이해찬 등판에 野후보 우측으로…대선구도 염두?,2021-03-22 21:03:00,정태*,2021-03-23 01:57:38,오세훈이 미쳤구나. 윤짜장이 짬뽕이라는 것은 지나가는 개도 다 아는데. 윤짜장에 대해서 대통령이 지명해서 적폐청산 특수수사에 나서고 검찰이 못할테니 당연히 특검으로 해야할 터인데 그런 윤짜장을 써먹겠다고? 국민의힘은 적폐의힘이라는 것을 스스로 증명하는구나. ㅉㅉㅉ.
"유승민 ""윤석열·안철수 모두 국민의힘 들어와 힘 합쳐야""",2021-03-30 10:54:00,소병*,2021-03-30 16:14:42,김종인 할배가 말한 파리구만!
"유승민 ""윤석열·안철수 모두 국민의힘 들어와 힘 합쳐야""",2021-03-30 10:54:00,김중*,2021-03-30 15:24:23,"ㅋㅋ
유가야!
넌 아직도 정치판에 얼쩡거리냐..
정신차리고 사라지는게..

얀초딩과 함께 사라져라."
"유승민 ""윤석열·안철수 모두 국민의힘 들어와 힘 합쳐야""",2021-03-30 10:54:00,1573454*,2021-03-30 14:18:02,"니들이 차라리 국민의당으로 가라~~!!!
덜떨어진 국민의짐에 있지말고~~ 윤석열이 미쳤다고 국민의힘으로 가냐!!!!
아직도 정신을 못차렸네......."
"유승민 ""윤석열·안철수 모두 국민의힘 들어와 힘 합쳐야""",2021-03-30 10:54:00,4886280*,2021-03-30 13:55:42,주호빵이랑 같은 처지면서 ... 조합주택인가? ... 해명은 불요. 사실이 말해 줄 테니까.
"유승민 ""윤석열·안철수 모두 국민의힘 들어와 힘 합쳐야""",2021-03-30 10:54:00,허승*,2021-03-30 13:52:41,유승민이 젤 멋짐. 솔찍히 대통령감으로 가장 적당한데 견제세력이 너무 많아서..
"안철수 ""내곡동 불안"" 오세훈 ""신기루 불안""…신경전 팽팽",2021-03-22 10:35:00,이길*,2021-03-22 19:09:35,"오세훈

https://n.news.naver.com/article/469/0000590311
내곡지구, 盧정부 허가였음 보여주는 문건

이번에 뜬 속보 입니다."
"안철수 ""내곡동 불안"" 오세훈 ""신기루 불안""…신경전 팽팽",2021-03-22 10:35:00,한상*,2021-03-22 14:26:17,서울시민이 봉인가요? 급식반대로 서울시장을 그만 둔 사람. ....서울시민이 뽑아 주었는데 제 맘대로 그만 두고 ... 잠시 서울시민 이용하고 그만 둘 생각으로 서울시장하겠다고 목을 메는 지금의 상황은 참 서울시민을 아주 우습게 보네요. 서울발전에 대한 비젼도 없고..... 복지비젼도 없고...... 단지 욕심만 눈에 보이네요....... 이제는 서울시장 후보자리도 판돈으로 거네요. 도박판도 아니고 아니면 말고네요....... 차라리 세곡동으로 챙긴 돈을 판돈으로 걸지 말로만 손해보지 않는 것들을 걸지 말고요. ....
"안철수 ""내곡동 불안"" 오세훈 ""신기루 불안""…신경전 팽팽",2021-03-22 10:35:00,유지*,2021-03-22 14:01:20,*안녕하십니까. 이땅에 조류정치 *새정치*를 안철수 입니다. 에휴~요즘 오세훈 후보가 저에게 자꾸 뭘 양보를 안한다. 이렇게 말을해서... 에휴~모든 방안을 수용하고 단일화에 합의 했습니다. 그런데 또 뭔 말이 많습니다. 저는 *안초딩*이고 오세훈 후보는 *5세훈*아닙니까? 에휴~ 초등학생이 유치원생에게 양보를 하면 얼마나 합니까. 여론조사 그거 다 사기 아닙니까...어차피 모두 제가 가져가게 되어있는데...제가 누굽니까? 문재인 대통령도 오세훈 후보도 제말 무슨말인지 모르시겠습니까?*
"안철수 ""내곡동 불안"" 오세훈 ""신기루 불안""…신경전 팽팽",2021-03-22 10:35:00,김중*,2021-03-22 13:49:36,"ㅋㅋ
두이다 바부..
나 ㄱ바 ㅇ거사들..
잘가"
"안철수 ""내곡동 불안"" 오세훈 ""신기루 불안""…신경전 팽팽",2021-03-22 10:35:00,이상*,2021-03-22 13:35:54,"오세훈은* 정확한 본질 밝혀야 한다.
LH사건 연계 투기로 물타기 맥끈어야."
"[정참시] ""조국 공방 부끄럽다"" 이철희 청와대 입성?",2021-04-12 21:03:00,이제*,2021-04-15 23:16:32,이철희 의원님 초심을 잃지마시고 정도를 가시길 기원합니다.
"[정참시] ""조국 공방 부끄럽다"" 이철희 청와대 입성?",2021-04-12 21:03:00,조대*,2021-04-13 01:55:33,"5연승 하고 1패했는데 마치 꼴짜라도 한 것처럼 난리네...전승우승하면 좋죠....근데 그건 영화,드라마에서나 나오는 거고 현실은 이기고 지는 게 실제입니다. 한 번 졌다고 너무 패배감에 쩔지 말고 패배의 원인을 잘 분석해서 다시 연승가면 됩니다...제발 내부 총질이나 분열 좀 하지 맙시다..."
"윤여준 ""윤석열, 안철수와 달라…국민의힘 영입하면 당선 가능성 높아""",2021-03-17 10:34:00,황금*,2021-03-18 00:04:42,이놈이 모사꾼. 챌수 인생을 권력 탐욕자로 망쳐 놓고 썩열이도 망칠 준비 하는군 . 여튼 그점은 감사혀유.
"윤여준 ""윤석열, 안철수와 달라…국민의힘 영입하면 당선 가능성 높아""",2021-03-17 10:34:00,김태*,2021-03-17 19:40:01,"거건 윤여준이 생각이고
찍고 안찍는 국민들이한다
옛날 6ㅡ70년대생각하모 안된다
보수는 줄고 진보는널어나는대
아직 고무신 선거 생각인갑다"
"윤여준 ""윤석열, 안철수와 달라…국민의힘 영입하면 당선 가능성 높아""",2021-03-17 10:34:00,김천*,2021-03-17 11:41:40,"이런 늙다리 들이 대한민국을 말아먹는 주범들이다.
어른 대우를 받으려면 나이먹으면 먹을수록 주댕이는 닫고 주머니는 열어야한다.
아무때나 분별없이 기어나와 개소리 해대는 인간들을 이땅에서 아웃 시켜야 한다.
대한민국의 건강한 발전을 위한 조언은 용서 받을수 있다.
국민들 편가르기나 영양가 전혀 없는 개주절담은 이사회의 악이다."
"김종인, 당원들에 '오세훈 지지' 문자…'안철수 이겨도 승복?' 질문엔 답변 거부",2021-03-22 11:22:00,박종*,2021-03-22 20:33:12,누가돼도 상관없는데 영원한 안바타만아니면됨 재산이 일천오백억이 넘는사람이 집없는 아저씨란다
"김종인, 당원들에 '오세훈 지지' 문자…'안철수 이겨도 승복?' 질문엔 답변 거부",2021-03-22 11:22:00,김현*,2021-03-22 17:54:02,안철수는 또 이용만 당하고 팽 당하는거냐? ㅎㅎㅎㅎㅎㅎ
"김종인, 당원들에 '오세훈 지지' 문자…'안철수 이겨도 승복?' 질문엔 답변 거부",2021-03-22 11:22:00,팩트리*,2021-03-22 17:48:34,오세훈이 최고지~ 안그래?
"김종인, 당원들에 '오세훈 지지' 문자…'안철수 이겨도 승복?' 질문엔 답변 거부",2021-03-22 11:22:00,native2 grea*,2021-03-22 16:29:32,"김종인 이아저씨 정말 말이 안되는 사람이구만,,,어찌 이런말을 공공연하게 하니,,,
그러면 두사람이 단일화 합의는 뻘로 했나? 잉? 지키지도 않을 것을 왜 하나?
나이먹은 사람으로서 창피하네,,,
김씨 이젠 집에가서 손주나 봐주구려,,,"
"김종인, 당원들에 '오세훈 지지' 문자…'안철수 이겨도 승복?' 질문엔 답변 거부",2021-03-22 11:22:00,옥경*,2021-03-22 16:26:38,왜 고양이(MBC)가 쥐 걱정 ?
[국회M부스] '내가 MB아바타냐'던 안철수의 국민의힘 합당 선언…'새정치'는?,2021-03-17 09:24:00,이병*,2021-04-05 11:57:55,허접쓰레기들의 하치장
[국회M부스] '내가 MB아바타냐'던 안철수의 국민의힘 합당 선언…'새정치'는?,2021-03-17 09:24:00,김영*,2021-03-18 11:22:38,"철새 안철수 그만 철수하고
본업으로 가시오"
[국회M부스] '내가 MB아바타냐'던 안철수의 국민의힘 합당 선언…'새정치'는?,2021-03-17 09:24:00,최오*,2021-03-18 05:46:38,에라 그것은 안뗘줄거지?
[국회M부스] '내가 MB아바타냐'던 안철수의 국민의힘 합당 선언…'새정치'는?,2021-03-17 09:24:00,이창*,2021-03-18 01:15:55,권력에 눈먼 MB아바타 맞고요.당신을 철새라말합니당
[국회M부스] '내가 MB아바타냐'던 안철수의 국민의힘 합당 선언…'새정치'는?,2021-03-17 09:24:00,황금*,2021-03-18 00:13:04,한마디로 권력 욕심에 미쳐버린 챌수가 지 럴 발광해 보는 견 수작. 이런 놈이 정치하니... 미개 조선이라고 하지.
"[정참시] 김종인 '독설'의 끝은 신당?…""언론의 작문"" / 위기의 민주당…누가 이끄나?",2021-04-15 21:01:00,구경*,2021-04-21 13:25:51,꺼져 라 ㄱ 1 8 ㅈㅋㅇ ㅋㅅㅋ
"[정참시] 김종인 '독설'의 끝은 신당?…""언론의 작문"" / 위기의 민주당…누가 이끄나?",2021-04-15 21:01:00,고숙*,2021-04-16 01:07:13,언론개혁은 필수다.
"[정참시] 김종인 '독설'의 끝은 신당?…""언론의 작문"" / 위기의 민주당…누가 이끄나?",2021-04-15 21:01:00,16974339*,2021-04-22 20:27:12,아따 우덜식 언론개혁은 우덜을 위한 우덜의 언론이랑께요ㅋㅋ
"[정참시] 김종인 '독설'의 끝은 신당?…""언론의 작문"" / 위기의 민주당…누가 이끄나?",2021-04-15 21:01:00,hongs*,2021-04-16 00:07:30,"김종인 황교안 오세훈 김무성 유승민 홍준피　심재철 주호영 나경원, 이들은 보수 우파가 아니고 , 중도혁신을 주장하는 종북좌파의 하수인역활 ;
* 황교안 김종인 의 음모 ; 동조자 오세훈　、 김무성 유승민 홍징표　심재철 주호영 나경원,탄핵주동자들 ,
* 1, 김종인 은 좌익 전라도당세력의 핵심인물 , 전라남도 광주시 광주서석초등학교 졸업 , 광주서중학교 졸업 , 광주제일고등학교출신 으로 , 국회의원 5기 5번 모두 민주당소속이엇다. 이러한전라도당 핵심 인물 김종인에게,국민의힘 당권을 넘겨준 황교안,
*2, 보수정당 전국민의51%이상 지지하는 박근혜 대통령 (새누리당 자유한국당 미레통 국민의힘)을 말살하려는가 !?
*3, 황교안은 죄없는 박근혜 대통렴 님이 부당하게탄핵된후 , 보수당의대표등, 보수계 당을장악한다음에 60명의 탄핵반대 국회의원들은 외면하고 , 탄핵주도 핵심뱀버 심재철 주호영 나경원 유승민 등을 당요직에등용한 황교안 , 배신자 2중인격 황교안 , 0.下의 저질,
* 황교안 걈종인 김무성 유승민 홍준피　오세훈 심재철 주호영 나경원의 간교하고 배신적인 야합을 전국민의 51%보수파가 용서할수가 없다 ! 황교안 이 김종인까지 합세, 그들은 보수 우파가 아니고 , 황당한 중도혁신을 가칭하는 종북좌파의 하수인역활；…
**당 창당 , 전국 보수우파의 지지를 모을수있는 우익 보수 의 핵심 , 최경환 等 탄핵반대 새누리당 60명 이넘는 국회의원들 ,민경욱 조원진 윤석열 황우여 우병우 이인제 서청원 홍문종 김문수 전광훈 김창중 이정현 박찬주 등等이 힘을합하여 , 진정한 국민이 원하는 전국민의 51%넘는 선명한 보수우파의 세력을 결집할수가있다 !.

https://www.facebook.com/photo?fbid=511033789879867&set=gm.4958778717525561"
"[정참시] 김종인 '독설'의 끝은 신당?…""언론의 작문"" / 위기의 민주당…누가 이끄나?",2021-04-15 21:01:00,고숙*,2021-04-16 01:05:59,그래도 니애ㅁ넌은 미역국 먹었을거나.
"'침통' 민주, 쇄신책 고심…'환호' 국민의힘, 새판 짜기",2021-04-08 06:11:00,이창*,2021-04-08 16:06:37,"민주당침통해할것없다
더욱분발하고180석으로
국민위한정책많이만들고
열심히국민만보고가자
대선필승할것"
"'침통' 민주, 쇄신책 고심…'환호' 국민의힘, 새판 짜기",2021-04-08 06:11:00,남인*,2021-04-08 10:48:35,"언론 개혁이 필요하다고 생각하는건 국민들만 그런건가? 아니면 그들의 세력이 너무 커 건드리지 못하는 것인가? 우리나라 언론, 종교, 기득권이 썩을대로 썩어서 냄새가 진동하는데 도대체 뭘 하는 것인가?"
"'침통' 민주, 쇄신책 고심…'환호' 국민의힘, 새판 짜기",2021-04-08 06:11:00,8378412*,2021-04-08 09:09:47,"현정권의 패착은
1. 적폐근절못함
2. 기레기척결 못함
3. 야당협의하지말고
주관적으로 정치하란국민의 소리 실천못함
4. 윤석렬한테 끌려다님
5. 결단력없는 정치전략"
"'침통' 민주, 쇄신책 고심…'환호' 국민의힘, 새판 짜기",2021-04-08 06:11:00,우익*,2021-04-08 09:02:49,"멍청한 민주당 의원들아.
돈퍼주고빰맞는 어리석은자들아.
보편적지급하랬지.
뭘 암것도 모르는것틀이 정치는 생물이네,공학이네 하면서 헛소리말고,
패배의가장큰원인은 선별지급때문이다.
계속그딴식으로 해봐라.
대선때도 국물도없다.
그리고언론계혁좀해라.180석을줘도못하고질질끌려다니는것을 보면서 당신들은 무능하다는생각외에는 없었음.
맑은물에미꾸리지한마리가 이물은 더럽다더럽다하고다닐때,가만있지말고미꾸라지한마리잡아라.그미꾸리지가계속휘젓고다니면 물이흐려지고.흐려지면 미꾸리지들이한마리두마리 동조한다그러면 진짜더러워진다.
나중엔온통흙탕물이된다.
잡아라"
"'침통' 민주, 쇄신책 고심…'환호' 국민의힘, 새판 짜기",2021-04-08 06:11:00,2492462*,2021-04-08 08:50:53,"여당도 집권당이라고 너무 헐렁했지...정신바짝 차리고 열심히 하세요...
대충대충...최전선에서 뛰는사람은 몇 없고...뒷짐지고 수수방관....
이러다가 다 뒤집어 집니다..."
"안철수, 국민청원 ""윤석열의 마음으로…LH 검찰수사 촉구""",2021-03-13 16:14:00,박광*,2021-03-15 00:15:16,조만간 당이름을 *석열의당*으로 바꿀 듯.
"안철수, 국민청원 ""윤석열의 마음으로…LH 검찰수사 촉구""",2021-03-13 16:14:00,조동*,2021-03-14 10:33:36,MB 아바타 놈 !!!
"안철수, 국민청원 ""윤석열의 마음으로…LH 검찰수사 촉구""",2021-03-13 16:14:00,Justso*,2021-03-13 23:58:07,"윤씨가 정치를 시작하겟다면,
피해야 할 첫번째 인물이 ""안철수""다

왜, 무엇 때문에 ""동지""라는 수 많은 사람들이
안철수 곁을 떠낫을까.

안철수로부터 구애받고 ""팽당한 인물들""을
생각하면 많은 설명이 필요 없다.
최근의 손학규와 안철수의 시작과 끝을 봐라.
안철수는 ""야비한 인간"", 그 이상도 그 아하도 아니다.
절대 그에게 정치할 여건을 줘선 안된다."
"안철수, 국민청원 ""윤석열의 마음으로…LH 검찰수사 촉구""",2021-03-13 16:14:00,이창*,2021-03-13 20:26:12,"창피하다.정말!
나 보다 돈 많고 더 공부하고 그런사람인건 알겠는데
어떻게 생각은 개 되지만도 못한지"
"안철수, 국민청원 ""윤석열의 마음으로…LH 검찰수사 촉구""",2021-03-13 16:14:00,냥*,2021-03-13 20:16:15,"ㅋㅋㅋㅋㅋㅋㅋㅋㅋㅋ

와 ㅋㅋ

범이 내려온다 이후로 또 빵터졌다 ㅋㅋㅋㅋ

아 어캐.

나 철수씨한테 빠질거같아 ㅋㅋㅋㅋㅋ"
"국민의당 구혁모 최고위원 ""김종인, 애초에 범죄자 신분…구태 정치인의 표본""",2021-04-12 10:22:00,윤성*,2021-04-13 23:15:14,"국짐당답구나
지덜이 잘해서 이간것도 아닌데
벌써 오만함이 하늘을 찌르는구나"
"오세훈, 국민의당은 '안철수 사당'…'김종인 상왕론'은 이간질",2021-03-18 17:20:00,김영*,2021-03-19 09:56:25,이번엔 내기 안하냐? ㅋㅋㅋㅋㅋㅋㅋㅋㅋㅋㅋㅋ
"김종인 ""국민의힘에 절대 안 가…윤석열도 국민의힘 안 갈 것""",2021-04-13 19:17:00,윤성*,2021-04-13 23:10:49,안초딩입니꽉
"장제원 ""김종인, 당이 안붙잡아 삐쳤나?…나가자마자 당 흔들어""",2021-04-12 10:45:00,김효*,2021-04-12 15:20:28,김종인같은 정치꾼은 정당에 유리하고 국가에 해롭다.
"""사사건건 감놔라 배놔라""…""기고만장"" 국민의힘 중진들 김종인 비판",2021-04-12 16:11:00,Justso*,2021-04-13 01:19:42,"국민으로부터 ""애비와 새끼""가 어쩜 저리
기고만장하냐고 질타를 받는 장제원 짜리에게
기고만장을 다시 배우고,
손녀딸년 같은 정치판 애송이에게 멱살 잡혀
나잇값하라는 핀잔과 충고를 듣는 김종인 옹은,
.
.
뭣이 민주당과 국짐이 다른 지 느꼇을까.
.
.
어느 극단이 연출한 ""머주고 뺨 맞다""의 주연이
된 김 옹과 저애들..
.
."
"""사사건건 감놔라 배놔라""…""기고만장"" 국민의힘 중진들 김종인 비판",2021-04-12 16:11:00,박현*,2021-04-12 20:41:10,이긴놈도 싸우고... 진놈들도 싸우고 ... 이놈의 정치
"""사사건건 감놔라 배놔라""…""기고만장"" 국민의힘 중진들 김종인 비판",2021-04-12 16:11:00,민순*,2021-04-12 19:43:51,"홍문표가 아니라 홍준표 겠지요.
다른기사에도 같은내용 많더만 제대로 표기하셔야할듯~"
"""사사건건 감놔라 배놔라""…""기고만장"" 국민의힘 중진들 김종인 비판",2021-04-12 16:11:00,이찬*,2021-04-12 19:20:09,"물에 빠진놈들 건져 줬더니 .... 그 할배 아니었음 당신들 전멸했어.... 역시 반성이 없군, 지들이 잘 해서 이번 선거 이긴줄 아나보네.
대선에서 철퇴 맞기 전에 잘 해라 국힘아.
니들 좋아서 찍어 준거 아니다.
보수라고 니들 좋아 할 줄 아나? 썩은 보수를 누가 좋아 하누..."
[국회M부스] 대선 D-1년②: 정권 교체의 방정식은?,2021-03-14 09:42:00,박기*,2021-04-04 11:38:24,"억압이냐 탄압이냐
대화냐 갈림길에서
우리는 과연 어떤선택권이 있는가
역사의 흐름은 대화와타협을 이르며
공생관계를 유지하는것이다"
[국회M부스] 대선 D-1년②: 정권 교체의 방정식은?,2021-03-14 09:42:00,박선*,2021-03-14 17:38:14,"유튜브에서 131270thebest를 검색시청하시면 신의 존재증명, 악의 존재이유, 이긴자와 144000, 천국 과 지옥, 축복 과 저주, 요한계시록, 최후의 심판, 양심과 **, 유일신, 정의, ** 받는법, 기도하는법, 성령 받는법 등등 설명을 들을 수 있습니다."
[국회M부스] 대선 D-1년②: 정권 교체의 방정식은?,2021-03-14 09:42:00,김태*,2021-03-14 14:56:25,언론이 너무 석열이를 뛰우내
[국회M부스] 대선 D-1년②: 정권 교체의 방정식은?,2021-03-14 09:42:00,고숙*,2021-03-14 14:26:31,"앞으로 국민의적 친일역적 들에게 정권 넘어갈일은 없다, 지난날에는 토착왜구들에 게 속아서 그래지만, 친일역적들에게 쇄뇌교육 받았던 늙은이들 죽으면 속아넘어갈 국민들은 없다."
[국회M부스] 대선 D-1년②: 정권 교체의 방정식은?,2021-03-14 09:42:00,최재*,2021-03-14 11:51:09,"""우리는 댓통선거하기 위한 역사적 사명을 띠고 이 땅에 태어 났다!"" 레알?"
"김종인 ""국민의힘, 무슨 대통합 타령…바깥 기웃거리지 말라""",2021-04-11 09:16:00,12651373*,2021-04-11 12:10:14,"( 외톨이참새)
넝감태기.... 세상 헛살지는 않았군....
세상보는 눈이 정확한걸보니....
난 이 넝감태기가 대권욕이 있나했더니 아닌것같군.
세상보는 눈이 있는 사람은 큰것을 버릴줄도 아는 법이지.
난 문통이 대선직전에 윗니를 드러내고 웃는 사진이 언론마다 나오는것을 보고는, 탄핵이라는 엄중한 시기에 대통령이 될것같으니 저리도 좋은가 하는 의문에 철수를 찍었었지...
아니나 다를까 능력도 자질도 부족한 자가 촛불국민의 여망을 저버렸으니...
만약, 넝감태기가 젊은후보를 추천한다면 여의도연**장이었던 그런사람을 추천했으면 좋겠다."
"김종인 ""국민의힘, 무슨 대통합 타령…바깥 기웃거리지 말라""",2021-04-11 09:16:00,Ck yooncki*,2021-04-11 22:19:21,계속 외톨이 해라. 지지하는 후보 이름도 못 밝히는 위인이 무슨....아무 것도 못한다. 국짐은 피가 더러워
"김종인 ""국민의힘, 무슨 대통합 타령…바깥 기웃거리지 말라""",2021-04-11 09:16:00,한슬마*,2021-04-11 11:55:29,"** 김 종인 이 분은 현 정치의 스승이시다.
정치 지도자들은 이 분을 보고 배워야한다.

** 대통령 임기를 고정하지 말고 홀수 해에 종합 평가해서 미달이면 그 해로 끝내고,
평가가 높으면 9년까지 연장 할 수 있게 제도를 만들어야 한다."
"김종인 ""국민의힘, 무슨 대통합 타령…바깥 기웃거리지 말라""",2021-04-11 09:16:00,별당머*,2021-04-18 12:19:47,초등학교반장선거인가
"김종인 ""국민의힘, 무슨 대통합 타령…바깥 기웃거리지 말라""",2021-04-11 09:16:00,김상*,2021-04-11 11:47:17,"김종인 전위원장의 말이 백번 지당하네요
응원합니다
진정한 보수는 깔끔한 노선을 갖고 있어야 합니다"
"김종인 ""국민의힘, 무슨 대통합 타령…바깥 기웃거리지 말라""",2021-04-11 09:16:00,"OH, DONGHYU*",2021-04-11 11:57:55,"국짐당은 그냥 정치 협잡꾼 집단이지 보수가 아니지요.
민주당이 이미 기득권층이 되어버려 보수로 변질되었고요."
"김종인 ""국민의힘, 무슨 대통합 타령…바깥 기웃거리지 말라""",2021-04-11 09:16:00,558264*,2021-04-11 11:37:18,간만에 옳은 말씀을 하시네
"[국회M부스] ""재질문 효과 톡톡히 본 오세훈""…안철수에도 승리할까",2021-03-05 11:36:00,강창*,2021-03-08 22:06:22,야당대권 후보가 서울시장후보에 나선격이네!
"[국회M부스] ""재질문 효과 톡톡히 본 오세훈""…안철수에도 승리할까",2021-03-05 11:36:00,김철*,2021-03-07 20:54:54,"아. 진짜 인물이 없나. 권력이 그렇게 탐나나.
막장이군"
"[국회M부스] ""재질문 효과 톡톡히 본 오세훈""…안철수에도 승리할까",2021-03-05 11:36:00,신동*,2021-03-05 13:40:07,"이제 국힘당 대표로 복귀하셔야지요.
어차피 국민 밉상이 청와대 가기엔 역부족이니, 당 간판으로 나서서 다음 대권 후보를 좌지 우지 하시고
또 한번 민주당에게 청와대를 선물로 상납해야지요."
"[국회M부스] ""재질문 효과 톡톡히 본 오세훈""…안철수에도 승리할까",2021-03-05 11:36:00,박준*,2021-03-05 12:35:56,"어차피 안 될 애들끼리 대가리 들이미는 건데,
좋~댄다."
부동산 민심 격돌…'달래기' vs '파고들기',2021-03-27 19:59:00,신명*,2021-03-28 07:08:02,"더불어만진당 때뭉에 보궐선거
후보내지 않겠다던 당론 바꾸고 나온사람
원칙, 기준, 논리도 없는 당

기회는 평등
과정은 공정
결과는 정의
진보를 가장한 좌파들이 선전선동 하던 말
언론계 출신들 말로하는정치는 명품 현실정치는 함량미달도 안되는 저질
스스로 목숨을 끊고 명예를 지켜야 한다"
부동산 민심 격돌…'달래기' vs '파고들기',2021-03-27 19:59:00,김진*,2021-03-28 07:04:08,놀랍군요. 여긴 아직도 정신 못차리고 민주당 지지하시는 분들이 이렇게나 많은지? 진짜 알바가 아니라면 정말 큰일이네요. 피같은 우리 세금으로 왜 보궐선거를 하는지. 얼마나 양심없는 내로남불당인지 다시한번 생각이란걸 해보시길요
부동산 민심 격돌…'달래기' vs '파고들기',2021-03-27 19:59:00,임홍*,2021-03-28 06:59:47,우리는 과거에 국힘당과 오세훈이 한 짓을 알고 있습니다. 뿌리깊게 자리잡고 있는 기득권의 방패 노릇을 하는 국힘당에 지지를 보낸다면 우리는 또 그들에게 놀아나는 꼴이 될뿐입니다.
부동산 민심 격돌…'달래기' vs '파고들기',2021-03-27 19:59:00,김영*,2021-03-28 05:58:23,"박영선 은 선명하다
박영선 은 똑똑하다
박영선 은 공정하다
박영선 은 확실하다
박영선 은 미래가밝다
서울시장 은 박영선 뿐이다"
부동산 민심 격돌…'달래기' vs '파고들기',2021-03-27 19:59:00,최훈*,2021-03-28 04:09:02,재건축 재개발을 전부 허용하면 물론 일시적으로 투기판되겟지 하지만 장기적관점으로 보면 시세안정에 유익하다는건 이미 지난 10년 증명됬지.. 땅투기가 가장많은시기는 엄연히 이명박근혜때 라는것을 누구나 다아는 사실 하지만 현실은 폭등 폭락을 반복하며 박스권 이었지.. 거래량도 매우 활발했고.. 그러나 박원순 당선되고 공급자체를 부정해버리고 문재인 정부들어서면서 온갓 규제와 투기세력잡는다면서 각종 세금 폭등시키고 거래량은 소멸되어버리고 신규공급도없으니 기존건축물들은 저절로 우상향하며 패닉바잉을 부추겻지..
이재명 대선주자 선호도 23.6%로 1위 유지…이낙연·윤석열 2위,2021-03-01 10:07:00,hongs*,2021-03-01 12:56:17,"지금 한국에서 여론조사믿는사람 있을까!?

참고 : 윤석열 은 박근혜 탄핵을 합법화하는 핵심수사요원이엇다!. 즉 2016년 12월 ~ 2017년 5월박근혜 정부의 국정농단 의혹 규명을위한, 박영수 특별검사팀장밑에서 국정농단핵심을 밣이는 수사팀장 으로 수사한 인물이다.
박근혜 엉터리탄핵은, 2016년12월~2017년5월까지박영수 특별검사팀의 수사도끝나기전에 , 2016년 12월 9일 오후 4시 10분에 탄핵소추안이 국회에서 가결, 2017년 3월 10일, 헌법재판소 가결하여, 박근혜는 대통령직에서 파면되었다.

박근혜 탄핵의 주모자 핵심수사요원 윤석열을, 보수계의 대통령후보로 추천하는이유는, 현실적으로 문재인 대통령 과 추미에 법무장관의 압력에 잘 버텨내는 능력자 이기때문이다.
1, 문재인 대통령의 최측근?의 조국부부의 부조리를 파혜처서 올바로처리했다는것
2, 청와대의 직권남용을 파혜치기위해서 청와대의 울산시장 선거 개입 의혹과 유재수 감찰 무마 사건등 청와대를 수사했다는것.
3, 권력수사 차단을위해서, 윤석열 참모진을 완전 해체’하는 검찰인사는, 추미애 법무장관이 문재인 대통령의 재가를 받아 단행했다?. 이같은 수사방해이자 직권남용에의해서, 윤석열 검찰총장의 참모들이 단 한 명 예외 없이 좌천됐다. 심각한 것은 수사 대상자들이 앞장서서 수사팀을 해체한 점이다. 인사를 주도한 추미애 법무장관과 청와대 민정수석실 비서관들은 검찰 수사 대상이다. 추 장관은 사건당시 민주당 대표였다. 그후 최후까지 윤석열은 문재인대통령과 추미에 법무장관의 압력에 잘 버텨낸 능력자 이기때문이다. 현재 비정상적인 국정을 바로잡을것을 기대하여, 걸어보자는 것이다 !."
이재명 대선주자 선호도 23.6%로 1위 유지…이낙연·윤석열 2위,2021-03-01 10:07:00,이현*,2021-03-03 08:13:11,틀니딱딱 사회의암
이재명 대선주자 선호도 23.6%로 1위 유지…이낙연·윤석열 2위,2021-03-01 10:07:00,hongs*,2021-03-01 12:43:26,"한국사람중에 여론조사믿는사람 몇이나될까!?

국민의51%가넘는보수계(保守界) 의 차기 대통령후보를 누구를 추천하시겠읍니까 !?
다음은 필자 본인 의 추천인물 : *반기문 *조원진 *윤석열 *김관진 *김진태 *김문수 *이정현 *우병우 . 추천된 후보자들이 공평하게경쟁하여, 보수계내 와 국민전체 의 지지자들을 합게해 최종적으로, 보수계단일(單一)대통령 후보자로 추대한다 !.

참고 : *반기문은 대한민국의 제7대 외교통상부 장관을 역임한 외교관이자 제8대 유엔 사무총장이다, 충청북도 음성군 원남면 출신이다.
출생: 1944년 6월 13일 (76세),
*조원진은 대한민국의 정치인이다. 우리공화당의 홍문종 의원과 공동 당대표로서의 3선 국회의원이었다. 2016.08~2016.12 새누리당 최고위원
출생: 1959년 1월 7일 (62세), 대한민국 대구광역시 성당동
* 윤석열은 대한민국의 제43대 검찰총장이다.
출생: 1960년 12월 18일 (60세), 서울특별시 서대문구 연희동에서 태어났다.
*김관진, (71세) 육군대장 예편, 이명박 박근혜 정부 제43대 국방부 장관,
박근혜 정부, 국가안보실장 역임
* 김진태는 대한민국의 검사 출신 법조인이자 제19•20대 국회의원인 정치인이다.
출생: 1964년 10월 13일 (56세), 대한민국 춘천시
* 김문수는 대한민국의 노동운동가 출신의 정치인이다. 제15•16•17대 국회의원과 제32•33대 경기도지사를 지냈다.
출생: 1951년 8월 27일 (69세), 대한민국 영천시
* 이정현　：동국대학교 정치외교학과 겸임교수、　청와대 정무수석
새누리당 최고위원 새누리당 대표 역임
출생　: 　1958년 10월 13일 (62세) 대한민국 전라남도 곡성군 목사동면
*우병우는 대한민국의 검사 출신 법조인　신념 과 불굴의 투지의사나이,
박근혜 정부 제4대 민정수석비서관을 지냈다.
출생: 1967년 1월 28일 (54세), 대한민국 봉화군

https://www.*****be.com/watch?v=x9tIs41iJnI&t=20s"
이재명 대선주자 선호도 23.6%로 1위 유지…이낙연·윤석열 2위,2021-03-01 10:07:00,????최재*,2021-03-01 19:19:25,쓰레기들을 정리해 놓으셨네??
이재명 대선주자 선호도 23.6%로 1위 유지…이낙연·윤석열 2위,2021-03-01 10:07:00,이현*,2021-03-03 08:11:58,틀니딱딱 사회의암 계층
이재명 대선주자 선호도 23.6%로 1위 유지…이낙연·윤석열 2위,2021-03-01 10:07:00,12402555*,2021-03-01 11:12:31,윤씨가 15%? 잘하면 호스티스 출신 영부인 나오겠다. 당신이 윤씨를 지지한다면 당신은 대한민국에서 15% 안에 드는 무식한 사람임을 인정하고 싶진 않겠지만 인정해야 한다.
이재명 대선주자 선호도 23.6%로 1위 유지…이낙연·윤석열 2위,2021-03-01 10:07:00,1962906*,2021-03-01 10:48:07,나라가 망해도 나만 대통령하면 그만
이재명 대선주자 선호도 23.6%로 1위 유지…이낙연·윤석열 2위,2021-03-01 10:07:00,고숙*,2021-03-01 11:55:19,개
이재명 대선주자 선호도 23.6%로 1위 유지…이낙연·윤석열 2위,2021-03-01 10:07:00,임종*,2021-03-01 10:39:08,ㅋㅋ 짜장 홍표 새대 칠푼이 넘웃김
"야권은 '도쿄 아파트' 쟁점화…""MB 사찰에 쫓겨가""",2021-03-22 20:18:00,조지*,2021-03-23 23:38:53,도쿄에 아파트가지고 있으면 안되나? 그게 죄냐? 불법적으로 부당하게 도쿄에 아파트를 산거면 뚜드려 맞아야지... 근데 자기가 자기돈으로 부동산투자한게 먼잘못이지? 심지어 저게 우리나라도 아니고 일본인데? 일본에 부동산투자해서 이득봣으면 애국한거 아니냐? 왜 진보만 티끌한점없이 깨끗해야되고 거지여야되지? 존나웃기네 ㅋㅋ
"야권은 '도쿄 아파트' 쟁점화…""MB 사찰에 쫓겨가""",2021-03-22 20:18:00,고숙*,2021-03-23 03:53:55,원 죄는 국민의적 친일역적 들에게 있었다.
"야권은 '도쿄 아파트' 쟁점화…""MB 사찰에 쫓겨가""",2021-03-22 20:18:00,윤수*,2021-03-23 00:40:01,"성일종! 이런게 국회의원이라니 도쿄에 집 있다고. 토착왜구에 도쿄 시장이나 하라니 그럼 해외에서 집 있고 거주까지 하는 사람들은 뭐냐?
난 독일 사는데 그럼 친독 매국노고 일본 사는 사람은 다 친일 매국노겠다.
그러니 국민의짐 이라고 하고 친일당이라하지...."
"야권은 '도쿄 아파트' 쟁점화…""MB 사찰에 쫓겨가""",2021-03-22 20:18:00,이창*,2021-03-23 12:25:17,"씨레기들이국개를해서그래요
사람이이해를합시다
반려견으로생각해야"
"야권은 '도쿄 아파트' 쟁점화…""MB 사찰에 쫓겨가""",2021-03-22 20:18:00,이동*,2021-03-22 22:34:36,파면 팔수록 mb정권 비리가 나올것 같은데? 쿠킴당 비리도 같이?
[국회M부스] 정당보조금 연간 9백억 시대…감사도 안 받는데 세금을?,2021-03-25 14:46:00,Sunhaeng Par*,2021-03-25 16:32:42,"유튜브에서 131270thebest를 검색시청하시면 신의 존재증명, 천국 과 지옥, ** 받는법, 기도하는법, 축복과 전주, 악의 존재이유, 요한계시록, 이긴자와 144000, 유일신, 최후의 심판, 정의, 양심으로 ** 되는지, 성령 받는법, 등등 설명을 들을 수 있습니다."
[국회M부스] 정당보조금 연간 9백억 시대…감사도 안 받는데 세금을?,2021-03-25 14:46:00,무심이 최고*,2021-03-25 16:11:39,이런 세금 지급은 지금 미얀마 군부가 기업을 사유화하고 있는것이나 전혀 다를바가 없는 짓이다.. 왜 이런 세금을 지급해야하나? 그리고 국회의원숫자가 적은 구김당이 더많이 받는 이유는 또 뭐냐? 민생당은 국회의원도 없는데 왜 지급하고 있나
[국회M부스] 정당보조금 연간 9백억 시대…감사도 안 받는데 세금을?,2021-03-25 14:46:00,김영*,2021-03-25 16:04:51,국힘당이 수십년간 엄청난 국고를 해쳐먹었다.ㅠㅠㅠㅠㅠ
"박영선 ""검찰 정치화 의도""…야권, 단일화 '설전'",2021-03-15 06:19:00,3495780*,2021-03-15 11:00:27,"박 시장의 사인은 전신이 허공에 매달린 질식사(목 졸림)다. 이때 심장 박동이 정지되면 중력 작용으로 혈액이 몸 아래쪽 모세혈관 내로 침강하면서 자줏빛 반점(시반)이 시체의 손끝, 발끝, 다리 아래쪽에 생긴다. 그러나 박 시장의 시신에는 시반이 뒷덜미, 허리, 등, 허벅지에 나타나 있다. 즉 타살된 뒤 옮겨진 것이다(주범 김정숙). https://blog.naver.com/cnamsung/222170443857"
'들쭉날쭉' 여론조사…팩트체크로 정확한 민심 읽기,2021-03-08 20:52:00,Won-Seok Gi*,2021-03-10 19:23:07,"국어 발음규칙과 음운법칙상 상호동화 현상은
/ㄱㄹ/ 음소환경에서만 일어난다.

/ㄱㄹ/이 [ㅇㄴ]으로 발음되는 현상이
국어 음운법칙에서 상호동화 현상이다.

그래서 {독립}이 [동닙]으로 발음되고
{백로}가 [뱅노]로 발음되는 것이다.

그러나 {윤석열}의 {석열}은 음소 조건이
/ㄱㄹ/이 아니고 /ㄱㅇ/이다.

따라서
/ㄱㅇ/은 절대로 [ㅇㄴ]으로 발음될 수 없다.

윤서결은 어감(word sense)이 흉하고
윤성녈은 어감이 흉하지 않다.

그러므로
썩을놈을 어감 좋은 [윤성녈]로 절대로
쉴드치지 말아야 한다."
'들쭉날쭉' 여론조사…팩트체크로 정확한 민심 읽기,2021-03-08 20:52:00,Won-Seok Gi*,2021-03-10 17:36:47,"윤서결은 끝장난다.

앵커는 바른 국어 사용에 책임이 있다.
국어 발음규칙과 음운법칙을 공부하라.

이낙연은 [이나견]으로 읽으면서
윤석열은 왜 [윤서결]로 읽지 않나?

내가 여기서 누차 지적했지만,
윤석열의 한자 표기가 尹錫悅이다.
尹錫烈이 아니다.

尹錫悅의 한글 표기는 윤석열이고
尹錫烈의 한글 표기는 윤석렬이다.

윤석열의 맞는 발음은 [윤서결]이고
윤석렬의 맞는 발음은 [윤성녈]이다.

따라서
윤석열을 [윤성녈]로 발음하는 것은
명백히 틀린 발음이다.

윤석열을 윤성녈로 발음해야 한다면,
이낙연도 이낭년으로 발음해야 한다."
[국회M부스] 지지율 '따상' 윤석열 등장에 꿈틀대는 野 잠룡들,2021-03-09 10:47:00,재*,2021-03-17 12:23:08,막상 레이스 땅 하면 반기문짝 나지
[국회M부스] 지지율 '따상' 윤석열 등장에 꿈틀대는 野 잠룡들,2021-03-09 10:47:00,천*,2021-03-12 06:58:09,잠룡이라 하기엔ᆢ 아무나 후보내니 제 2의 박근혜 또 나올라ᆢ
[국회M부스] 지지율 '따상' 윤석열 등장에 꿈틀대는 野 잠룡들,2021-03-09 10:47:00,이창*,2021-03-09 17:57:51,윤씨꼭완주해라
[국회M부스] 지지율 '따상' 윤석열 등장에 꿈틀대는 野 잠룡들,2021-03-09 10:47:00,Sunhaeng Par*,2021-03-09 16:22:54,"유튜브에서 131270thebest를 검색시청하시면 신의 존재증명, ** 받는법, 천국 과 지옥, 축복 과 저주, 기도하는법, 요한계시록, 악의 존재이유, 최후의 심판, 이긴자와 144000, 정의, 유일신, 양심과 **, 성령 받는법 등등 설명을 들을 수 있습니다."
[국회M부스] 지지율 '따상' 윤석열 등장에 꿈틀대는 野 잠룡들,2021-03-09 10:47:00,천*,2021-03-12 06:59:23,성경이나 읽으세요ᆢ이상한 데 기웃거리지말고
[국회M부스] 지지율 '따상' 윤석열 등장에 꿈틀대는 野 잠룡들,2021-03-09 10:47:00,2944717*,2021-03-09 15:30:06,쓰레기 지
[스트레이트] 성소수자 저주·혐오하는 보수 개신교,2021-03-14 20:55:00,박순*,2021-03-15 11:35:40,"이런 편협한 방송을 하네요 기독교안에 있는 모든 사람도 국민이라는 사실을 잊지 말아주세요.
차별 금지법은 서로를 갈라지게 하는 말만 차별금지지 그 안은 대부분 국민을 분열시키는 나쁜법입니다."
[스트레이트] 성소수자 저주·혐오하는 보수 개신교,2021-03-14 20:55:00,김희*,2021-03-15 00:18:19,기독교만반대한다고요? 아이를둔 국민대다수가 반대합니다 동성애자들을 혐오하는것이아니라 소수를위해 대다수의 사람들을 혐오하는 집단으로몰고 반대하는사람들의 목소리를 역 차별하는 이사회에대해 우려하는겁니다 우리아이들이 자연의섭리대로 살아가길 바라는것이 왜혐오가되나요 ? 성이 즐기기만하기위해 있는겁니까? 성은 생명과땔래야 땔수없습니다 그건 인간이아닌 동물도압니다! 오히려 기독교 혐오프레임만드는 악의적인 편집 대단합니다진짜ㅡㅡ
[스트레이트] 성소수자 저주·혐오하는 보수 개신교,2021-03-14 20:55:00,김정*,2021-03-14 22:38:20,"이런 방송으로 국민을 현혹하려나본데 웬만한 사람들 분별할 줄 압니다. 프로그램 제작한 사람이나 방송하는 진행자. 기자나 참 한심하기 짝이 없네요
동성애 금지. 차별금지법 반대합니다."
[스트레이트] 성소수자 저주·혐오하는 보수 개신교,2021-03-14 20:55:00,이호*,2021-03-14 21:15:11,"동성애 옹호하는 프로그램 내보내지 마세요
항문성교가 정상입니까?변나오는 구멍입니다
순리대로 삽시다!!구역질 납니다!동성애자가 그렇게 되기까지 들추어보면 그렇게 될만한 계기나 상처가 꼭 있었습니다.옹호할걸 옹호해야지 그들 정신병 마음의 병을 치료해야할 문제입니다!!!분별 좀 하세요
국민들이 보고 있는 방송에서 내보낼게 그렇게 없나요
아님 기자로 아나운서로 먹고 살려고 몸부림치는거로 밖에 안보입니다.소수를 위해 다수를 역차별 하지 마십시요!!!동성애 인정해주면 소아성애자 . 소수성애자(동물성교)다 정당한거라고 들고 일"
"야권 '기호' 대논쟁 ""4번 달면 패배""…""2번은 7연패""",2021-03-03 10:36:00,구재*,2021-03-03 11:11:27,"국짐 후보는 경쟁력이 없다.
안철수는 내가 경쟁력이 있다.
김종인은 안철수를 입당 못시켜 서울시장 당선 못시키면 내일이 없다.
안철수는 김종인이 쫄리고 있다는 것을 안다.
재밌네..."
"민주, 재보선 野 후보들 향해 총공세…""치욕이자 시민의 짐""",2021-03-12 15:08:00,유병*,2021-03-23 12:17:51,"야권단일화되니까
개 발악들 하는구나
차기 국회의원 선거때
김태년을 비롯한 민주당 대거 낙선할것이
뻔히 는앞에 보인다."
"""정치검찰 끝판왕""…야당은 ""힘 합치자""",2021-03-05 06:30:00,김태*,2021-03-05 08:45:04,"야는 보수쪽에서 손내미니 올쿠나 정계로나가모 대것다 싶겠지
나가바라 니입에맞는가 대권 우끼내"
"'계획된 사표' 윤석열, 정치인 출사표는?",2021-03-05 20:07:00,이*,2021-03-24 10:56:17,도대체가 언행 불일치에 논리가 빈약하고 공감능력이 몹시취약...검찰의 수장까지 했더라도 능력이라기 보다는 검찰이라는 조직자체가 어이없게도 허술하고 취약함 ! 문대통령 인사책임도 한 몫
"'계획된 사표' 윤석열, 정치인 출사표는?",2021-03-05 20:07:00,너하나로 충분*,2021-03-07 09:29:59,개 쓰레기 만도 못한놈 지들만 살려고 수장하는거냐 진작 떠났어야지 나라 시끄럽게 만들어놓고 암튼 양아치가 따로없다
"'계획된 사표' 윤석열, 정치인 출사표는?",2021-03-05 20:07:00,너하나로 충분*,2021-03-07 09:22:41,박근혜처럼 되겠지 검찰개혁도 못한 놈 ㅜㅜ 안철수 겉으로는 ㅋㅋ 속은 위기감 ㅋㅋ 경쟁상대니깐
"'계획된 사표' 윤석열, 정치인 출사표는?",2021-03-05 20:07:00,고숙*,2021-03-06 13:43:16,"정치개검 개썩럴이 선배검사 여자를 낚아챈넘, 돈많은 이건이 돈으로 뱃대기 채우다 돼지새끼 돼버렸내."
"'계획된 사표' 윤석열, 정치인 출사표는?",2021-03-05 20:07:00,김태*,2021-03-06 11:40:15,"그래바야 일장춘몽이다
봄에꾸는꿈은 개꿈이대다수다"
