﻿제목,날짜,작성자,작성일,댓글
"[뉴스하이킥] ""빅데이터로 본 검찰 개혁, 인물에 집착 말고 국민 여론에 호소했어야""",2021-05-04 19:29:00,정직한원장,2021-05-05 19:14:00,"언론이 아무리 왜곡해봤자 역사가 재평가 해줄것이다.
.김영삼의 하나회 해산.
문재인의 검찰개혁.
이제는 신뢰도 세계최하위 언론개혁 가즈아!!!!"
"[뉴스하이킥] ""빅데이터로 본 검찰 개혁, 인물에 집착 말고 국민 여론에 호소했어야""",2021-05-04 19:29:00,견리사의,2021-05-04 19:34:00,"-윤석열의 원칙-

검찰총장인지?
윤서방파 두목인지?

선택적 정의
선택적 수사
선택적 기소

윤춘장은  장모와 마누라 범죄혐의에 대해선 침묵과 오리발
96만원 피의자에게 접대받은 검사에게 면죄부

윤춘장 왈~
난 사람에게 충성하지 않는다
다만.... 마누라와 장모에겐 무조건 충성한다"
"[뉴스하이킥] 추미애 ""장관 해보니 윤석열 사단 실재해, 70년 적폐 정점""",2021-03-04 19:15:00,릭,2021-03-04 20:02:00,명쾌하네!!!
"[뉴스하이킥] 추미애 ""장관 해보니 윤석열 사단 실재해, 70년 적폐 정점""",2021-03-04 19:15:00,농구바보,2021-03-04 20:18:00,"경찰은 비리나 부패가 드러나면 처벌을 받고, 받아왔기 때문에 차라리 믿을만 합니다

하지만 우리검찰은 어땟나요?  

김학의사건 무혐의 처리, 서울시 공무원 간첩조작 사건, 현직판사 자녀 성적특혜 의혹 무혐의 처리, 
술 접대받은 검사와 판사사찰, 검언유착 의혹, 검찰총장 가족의 수많은 의혹들..

그리고 검찰내부의 부패와 비리 앞에서 침묵하는 현직 검사들 까지.

만약에 경찰이 이랬다면 모두가 징계받고 처벌까지 받았을 것이라고 확신합니다.

검찰의 수사권 폐지와 수사청 설치를 응원합니다."
"[뉴스하이킥] 추미애 ""장관 해보니 윤석열 사단 실재해, 70년 적폐 정점""",2021-03-04 19:15:00,엘리사벳,2021-03-05 09:05:00,검찰개혁 꼭 해야합니다 억울한 사건과 어이없는 일들을 다 알려야 합니다
"[뉴스하이킥] 추미애 ""장관 해보니 윤석열 사단 실재해, 70년 적폐 정점""",2021-03-04 19:15:00,blues Lee,2021-03-04 19:47:00,"추미애 장관님은 
우리 정치계의 거물 

운석열같은 똘만이 들은 쨉이 안되지..

석열아!!
너 아주 잘못 한거야!!  

이제 줄초상 감당 하겠냐?   ㅋㅋㅋㅋ"
"[뉴스하이킥] 추미애 ""장관 해보니 윤석열 사단 실재해, 70년 적폐 정점""",2021-03-04 19:15:00,야누스,2021-03-04 20:40:00,"윤씨
장모와 처 수사해서
감빵 보내라"
"[뉴스하이킥] 추미애 ""장관 해보니 윤석열 사단 실재해, 70년 적폐 정점""",2021-03-04 19:15:00,푸른나뭇잎,2021-03-04 20:42:00,"구구절절 옳으신 말씀만 하시네요..
추미애 장관민 정말 고생하셧어요"
"[뉴스하이킥] 추미애 ""장관 해보니 윤석열 사단 실재해, 70년 적폐 정점""",2021-03-04 19:15:00,밤생이,2021-03-04 19:35:00,세기의 양아치
"[뉴스하이킥] 추미애 ""장관 해보니 윤석열 사단 실재해, 70년 적폐 정점""",2021-03-04 19:15:00,한명희,2021-03-04 23:34:00,"리얼 정말 진정코 세치 혀만도 못한 너란 정체
아직도 할 말이 있니
퉤퉤"
"[뉴스하이킥] 추미애 ""장관 해보니 윤석열 사단 실재해, 70년 적폐 정점""",2021-03-04 19:15:00,반달실바,2021-03-04 20:54:00,윤석열처 김건희 주가조작 공소시효 만ㄹㅛ 시키고 사위 표명 하는거 소! 언론이 쉴드 안치면 바로 학교 갈놈이
"[뉴스하이킥] 추미애 ""장관 해보니 윤석열 사단 실재해, 70년 적폐 정점""",2021-03-04 19:15:00,안경,2021-03-04 23:23:00,"창원이라고 미애가  짜고 치는 고스돕 한판???
출세 하려고 창원이가 경찰 옷벗고 의원 했다가
더 출세하려고  불 출마? 아님 돈? 둘 중 하나겠지~~~
미애는  참  유구무언 내 입이 더러워지니!!!!!!!"
"[뉴스하이킥] 추미애 ""장관 해보니 윤석열 사단 실재해, 70년 적폐 정점""",2021-03-04 19:15:00,그대여부르라,2021-03-04 19:46:00,"검찰이 인지해서 수사하고 기소한게 무죄율이
경찰이 송치한 사건의 무죄율 3배라는게 진짜 놀랍네

뭐했냐 검찰양반들?
잤냐?"
"[뉴스하이킥] 추미애 ""장관 해보니 윤석열 사단 실재해, 70년 적폐 정점""",2021-03-04 19:15:00,박진형,2021-03-04 19:33:00,최고의 정치검찰을 보는듯 했다. 정치로부터 검찰을 보호해야  하는 총장이  정치를 하는듯했으니 정말 나쁜 검찰의 모습이라 생각   한다.다시는 정치 검찰  없어야 한다.
"[뉴스하이킥] 추미애 ""장관 해보니 윤석열 사단 실재해, 70년 적폐 정점""",2021-03-04 19:15:00,바람소리,2021-03-05 15:32:00,"그런 정치검찰의 모습은
이번 윤석열이 처음이 아니다

박정희 때는
중앙정보부가 제일 힘센 기관
이들이 하라는대로
경찰과 검찰이 움직였다

전두환때는
군 보안사가 제일 힘센기관
정보부장이 박정희를 죽였기때문
보안사 뜻대로 정보부, 경찰, 검찰이 움직였다

87년 이후엔
하나회척결로 보안사가 힘을 잃었고
공백이 생기자 검찰이 집단이 되어 그자리를 차지

수사권과 기소권을 바탕으로
전관예우의 이익 생태계를 구축
자기들에게 방해가 되면
대통령도 공격했다

이들의 정치검찰화는 벌써 30년
윤석열은 그걸 세상에 널리 알린 역사적 공로를 세웠다"
"[뉴스하이킥] 추미애 ""장관 해보니 윤석열 사단 실재해, 70년 적폐 정점""",2021-03-04 19:15:00,luxury young,2021-03-04 21:18:00,추미애 전장관님 그동안 수고하셧습니다.~~
"[뉴스하이킥] 추미애 ""장관 해보니 윤석열 사단 실재해, 70년 적폐 정점""",2021-03-04 19:15:00,이런,2021-03-04 20:18:00,장모하고 쥴리만 파도 어마어마할 텐데 ㅋ
"[뉴스하이킥] 추미애 ""장관 해보니 윤석열 사단 실재해, 70년 적폐 정점""",2021-03-04 19:15:00,허브,2021-03-05 11:01:00,"본인   결혼 전   장모  비리가  뭔  관계?   친모라면 모를까? 
죄가 있으면 장모  죄값치르면 되겠네!"
"[뉴스하이킥] 추미애 ""장관 해보니 윤석열 사단 실재해, 70년 적폐 정점""",2021-03-04 19:15:00,망고,2021-03-04 20:16:00,이해가 잘 되네요
"[뉴스하이킥] ""국민의힘 비대위는 '봉숭아 학당'""",2021-04-12 19:30:00,용가리,2021-04-13 17:58:00,"민주당이나 국짐이나
검언개혁 안하는건 똑같드라"
"[뉴스하이킥] ""국민의힘 비대위는 '봉숭아 학당'""",2021-04-12 19:30:00,김은정,2021-04-13 08:28:00,내로남불   아직도  내로남불
"[뉴스하이킥] ""국민의힘 비대위는 '봉숭아 학당'""",2021-04-12 19:30:00,dfqvrh,2021-04-13 06:07:00,국민 눈귀를 막는   언론개혁을  해야 합니다 거대 언론들이 자기들 입맛에   맞게 하는 언론은 개혁을 해야  나라  정의가 바로 섭니다
"[뉴스하이킥] ""국민의힘 비대위는 '봉숭아 학당'""",2021-04-12 19:30:00,시골의사,2021-04-13 05:55:00,내로남불당많하겠니
"[뉴스하이킥] ""국민의힘 비대위는 '봉숭아 학당'""",2021-04-12 19:30:00,소통,2021-04-13 05:14:00,앞으로 나라국민위해 유승김무  가만있어주세요
"[뉴스하이킥] ""국민의힘 비대위는 '봉숭아 학당'""",2021-04-12 19:30:00,소통,2021-04-13 05:12:00,홍준표복당제발하라하세요   당간섭하지마라하세요
"[뉴스하이킥] ""국민의힘 비대위는 '봉숭아 학당'""",2021-04-12 19:30:00,King Choi,2021-04-13 00:45:00,국짐은 헛소리 잘하는넘이 당대표 아녀?
"[뉴스하이킥] ""국민의힘 비대위는 '봉숭아 학당'""",2021-04-12 19:30:00,jhc1012,2021-04-12 19:55:00,제목 꼬라지 하고는 MBC는 언론도 아닌듯..
"[시선집중] 김근식 ""이번 보궐선거 승리로 윤석열 입당 가능성 더 높아져""",2021-04-08 09:39:00,그림자,2021-04-08 10:29:00,"가지가지한다
방정맞은입이  화를부른다
깜도안되는게 개소리털지마라"
"[시선집중] 김근식 ""이번 보궐선거 승리로 윤석열 입당 가능성 더 높아져""",2021-04-08 09:39:00,히얀사랑,2021-04-08 10:23:00,"그래요
다아 데려 가세요
청소두 쉽게 해야지요."
"[시선집중] 김근식 ""이번 보궐선거 승리로 윤석열 입당 가능성 더 높아져""",2021-04-08 09:39:00,미래로,2021-04-08 10:05:00,"그래,쓰레기들 다 국짐당으로 모여라!"
"[시선집중] 김근식 ""이번 보궐선거 승리로 윤석열 입당 가능성 더 높아져""",2021-04-08 09:39:00,sunlim,2021-04-08 09:56:00,김근식 네가 해라 대통령 말만하지 말고
"[시선집중] 김근식 ""이번 보궐선거 승리로 윤석열 입당 가능성 더 높아져""",2021-04-08 09:39:00,먼산,2021-04-08 09:47:00,국김당 홧팅 인제. 철수 석열 둘중 대선후보 경선하믄 되것네
"[시선집중] 김근식 ""이번 보궐선거 승리로 윤석열 입당 가능성 더 높아져""",2021-04-08 09:39:00,수,2021-04-08 09:47:00,"윤석열 보유국
.화이팅!"
"[뉴스하이킥] 文지지층, ""마음은 떠났는데, 갈 곳을 못 찾아?""",2021-03-16 08:00:00,모두힘내요,2021-03-16 08:19:00,적극 지지합니다
"[뉴스하이킥] 文지지층, ""마음은 떠났는데, 갈 곳을 못 찾아?""",2021-03-16 08:00:00,문쩝,2021-03-16 08:42:00,국민의힘을.....
"[뉴스하이킥] 文지지층, ""마음은 떠났는데, 갈 곳을 못 찾아?""",2021-03-16 08:00:00,Jay,2021-03-16 11:17:00,집값 마이 올랐나 보군ㅋㅋ
"[뉴스하이킥] 文지지층, ""마음은 떠났는데, 갈 곳을 못 찾아?""",2021-03-16 08:00:00,봄처럼,2021-03-16 08:17:00,전혀 안 떠났는데!!! 끝까지 지지합니다!
"[뉴스하이킥] 文지지층, ""마음은 떠났는데, 갈 곳을 못 찾아?""",2021-03-16 08:00:00,동동삼이,2021-03-16 08:27:00,정치에 관심없고 언론기사에 흔들리는 줏대없는 사람들이 너무많다. 깨어있어야 나라도 국민도 좋은세상에서 살수있다
"[뉴스하이킥] 文지지층, ""마음은 떠났는데, 갈 곳을 못 찾아?""",2021-03-16 08:00:00,거북김,2021-03-16 08:29:00,"창원아 
너만 떠났지"
"[뉴스하이킥] 文지지층, ""마음은 떠났는데, 갈 곳을 못 찾아?""",2021-03-16 08:00:00,주먹쥐고일어서,2021-03-16 08:38:00,대깨문답다
"[뉴스하이킥] 文지지층, ""마음은 떠났는데, 갈 곳을 못 찾아?""",2021-03-16 08:00:00,국화빵,2021-03-16 08:48:00,"그니까~~
저건 원래 민주당 지지층이었고~~
무당층 중도층도 그때 문통과 민주당 밀어줬는데 그사람들이 다 떠났지~~
민주당 지지층만 가지고 정권 재창출이 될거라 생각하나?
하기야 그런다고 국민의힘을 찍어줄 맘도 없으니~~
나도 다음에 누굴찍어야 하나 걱정이네~~
더이상 민주당쪽 찍어주고 싶지는 않은데 그런다고 국민의힘쪽 찍어줄수도 없고~~"
"[뉴스하이킥] 文지지층, ""마음은 떠났는데, 갈 곳을 못 찾아?""",2021-03-16 08:00:00,김형수,2021-03-16 08:53:00,문데기답다
"[뉴스하이킥] 文지지층, ""마음은 떠났는데, 갈 곳을 못 찾아?""",2021-03-16 08:00:00,구시화지근설시화지문,2021-03-16 08:53:00,안깨지면  이상하지
"[뉴스하이킥] 文지지층, ""마음은 떠났는데, 갈 곳을 못 찾아?""",2021-03-16 08:00:00,세상 참--,2021-03-16 09:03:00,"그래. 계속  지지하쇼.
암덩어리도  지 몸속의  살덩어리니까."
"[뉴스하이킥] 文지지층, ""마음은 떠났는데, 갈 곳을 못 찾아?""",2021-03-16 08:00:00,앵두나무,2021-03-16 09:29:00,소오름...
"[뉴스하이킥] 文지지층, ""마음은 떠났는데, 갈 곳을 못 찾아?""",2021-03-16 08:00:00,도우너,2021-03-16 10:06:00,"대깨 탈출은 뭐다?

지능순"
"[뉴스하이킥] 文지지층, ""마음은 떠났는데, 갈 곳을 못 찾아?""",2021-03-16 08:00:00,별곰,2021-03-16 10:07:00,대깨문들이 아직도 있다니
"[뉴스하이킥] 文지지층, ""마음은 떠났는데, 갈 곳을 못 찾아?""",2021-03-16 08:00:00,파이어에그,2021-03-16 10:28:00,"나라팔아 먹은 박근혜 팬클럽들도 아직 잘난척 하면서 살고 있는데
어딜 떠나냐 정신 바짝차리고 투표장으로 가야지~~~~"
"[뉴스하이킥] 文지지층, ""마음은 떠났는데, 갈 곳을 못 찾아?""",2021-03-16 08:00:00,검은갈메기,2021-03-16 10:52:00,"LH 사태는  문정부가 어떻게 처리하느냐에 따라 국민여론이 달라진다. 지금은 국민대다수가  부정적이지만, 과감한 자기성찰과 개혁이 이뤄진다면 걱정않해도 될것이다. 두전직대통령은 아직도 잘못을 인정하지않고있다. 그세력들에게 수도서울의 시장을 맡길수없다. 잘못을 과감히 인정하고  부동산시장을 개혁하라."
"[뉴스하이킥] 文지지층, ""마음은 떠났는데, 갈 곳을 못 찾아?""",2021-03-16 08:00:00,Jay Kim,2021-03-16 10:56:00,안떠났는데... 그리고 이재명지지한다
"[뉴스하이킥] 文지지층, ""마음은 떠났는데, 갈 곳을 못 찾아?""",2021-03-16 08:00:00,화본역꽃,2021-03-16 08:17:00,"최고의 대통령님  적폐청산은  계속됩니다.
극좌 극우는  똑같다."
"[뉴스하이킥] 文지지층, ""마음은 떠났는데, 갈 곳을 못 찾아?""",2021-03-16 08:00:00,엔젤,2021-03-16 09:14:00,무능최고?
"[뉴스하이킥] 文지지층, ""마음은 떠났는데, 갈 곳을 못 찾아?""",2021-03-16 08:00:00,부여공주,2021-03-16 09:26:00,무는최고에 한표
"[뉴스하이킥] 文지지층, ""마음은 떠났는데, 갈 곳을 못 찾아?""",2021-03-16 08:00:00,효돌,2021-03-16 10:38:00,"최고의 대통령은 아닌듯
적폐를 없애라고 촛불이 만들었지만
능력은 없었던듯
인사만 봐도 무능
윤짜장 감사원장 기재부장관 등등"
"[뉴스하이킥] 文지지층, ""마음은 떠났는데, 갈 곳을 못 찾아?""",2021-03-16 08:00:00,효돌,2021-03-16 10:40:00,무능하면서 착한척만 하는 대통령이라면 나도 대통령할듯
"[뉴스하이킥] 文지지층, ""마음은 떠났는데, 갈 곳을 못 찾아?""",2021-03-16 08:00:00,하얀나비,2021-03-16 10:52:00,천사는 악마의 모습으로 나타난다.  촛불혁명이라는 미명아래 선동과조작으로!
"[뉴스하이킥] 文지지층, ""마음은 떠났는데, 갈 곳을 못 찾아?""",2021-03-16 08:00:00,늘푸른,2021-03-16 11:30:00,ㅎㅎㅎㅋㅋ
"[뉴스하이킥] 文지지층, ""마음은 떠났는데, 갈 곳을 못 찾아?""",2021-03-16 08:00:00,소울,2021-03-17 05:21:00,무식한 대통령 이제 재앙이 다가오네
"[뉴스하이킥] 文지지층, ""마음은 떠났는데, 갈 곳을 못 찾아?""",2021-03-16 08:00:00,물아래,2021-03-16 08:17:00,"적폐가 드러난거지
적폐의 몸통은 여전히 야당에 지지를한다"
"[뉴스하이킥] 文지지층, ""마음은 떠났는데, 갈 곳을 못 찾아?""",2021-03-16 08:00:00,victory,2021-03-16 09:14:00,진짜 적폐는 적폐인줄 몰라요 ~  남탓으로 돌리면 되니까 ~
"[뉴스하이킥] 文지지층, ""마음은 떠났는데, 갈 곳을 못 찾아?""",2021-03-16 08:00:00,Fact로 얘기하자,2021-03-16 08:17:00,"한반도의 운전자가 되어 비핵화 시키겠습니다. 
인사 5대 원칙으로 인사청문회 비리 장관 임명하지 않는 대통령이 되겠습니다.
부동산 만큼은 자신 있습니다
아파트 값 취임 초로 되돌리겠습니다..
소득주도로 우리나라 경제 성장 시키겠습니다. 
일자리 상황판 직접 챙기는 일자리 대통령이 되겠습니다.
청와대가 재난 콘트롤 타워로 국민이 안전 때문에 죽는 사람이 한명도 없도록 하겠습니다.
미세먼지 중국에는 할말을 하는 대통령이 되겠습니다.
광화문에 집무실 민들어 국민과 소통하는 대통령이 되겠습니다.
한번도 경험하지 못한 나라를 만들겠습니다."
"[뉴스하이킥] 文지지층, ""마음은 떠났는데, 갈 곳을 못 찾아?""",2021-03-16 08:00:00,alfusdl58,2021-03-16 08:27:00,멍멍
"[뉴스하이킥] 文지지층, ""마음은 떠났는데, 갈 곳을 못 찾아?""",2021-03-16 08:00:00,VMD쟁이,2021-03-16 08:29:00,이걸 다 기억해서 썼어? 스토커?
"[뉴스하이킥] 文지지층, ""마음은 떠났는데, 갈 곳을 못 찾아?""",2021-03-16 08:00:00,Kwon,2021-03-16 08:29:00,"ㅎㅎ 그분들이 곧 달려들 위험한 댓글이네요. 분명 개소리니, 공부좀 하라느니, 예전정부보다는 백배 낫다느니 이런 반응이...."
"[뉴스하이킥] 文지지층, ""마음은 떠났는데, 갈 곳을 못 찾아?""",2021-03-16 08:00:00,로체스터,2021-03-16 08:31:00,공약을 다 지키기위해 힘쓰고 있다. 코로나에 나라 안망하고 경제순위 올라간거에 감사좀 해라.
"[뉴스하이킥] 文지지층, ""마음은 떠났는데, 갈 곳을 못 찾아?""",2021-03-16 08:00:00,역마차,2021-03-16 08:36:00,멍멍소리가 귀청을 울리다
"[뉴스하이킥] 文지지층, ""마음은 떠났는데, 갈 곳을 못 찾아?""",2021-03-16 08:00:00,사피,2021-03-16 08:44:00,"이렇게 해야되는데 밑에가 다
썩었어요"
"[뉴스하이킥] 文지지층, ""마음은 떠났는데, 갈 곳을 못 찾아?""",2021-03-16 08:00:00,연필,2021-03-16 08:46:00,공약.정책마다 비리 불법이라고  발목잡는 보꼴들때문에 더딜뿐  그 언제적대통령들보다 만배는 좋다
"[뉴스하이킥] 文지지층, ""마음은 떠났는데, 갈 곳을 못 찾아?""",2021-03-16 08:00:00,골든벨,2021-03-16 09:19:00,모두 거짓말이었습니다
"[뉴스하이킥] 文지지층, ""마음은 떠났는데, 갈 곳을 못 찾아?""",2021-03-16 08:00:00,하이 나선생,2021-03-16 09:50:00,"뻔한 소리같지만 과거 747 이라는   칠수있는 사기는 다치는
그런 자보다는 훨씬 정직하고  명예롭게 보인다
더군다나 취임후 지금까지 가족 포함 친인척 푸른집 누구하나 비리로
문제가 된 사람 아무도 없다
""이게 다 쌔빨간 거짓말인거 아시죠 여러분""
야  댓글쓴 선생아 머리가 있으면 생각좀 하고 살아요"
"[뉴스하이킥] 文지지층, ""마음은 떠났는데, 갈 곳을 못 찾아?""",2021-03-16 08:00:00,현맘,2021-03-16 10:06:00,MB 그네 공약도 좀 읊어 보시고 그들이 어떻해 했는지 생각해 보시길~~
"[뉴스하이킥] 文지지층, ""마음은 떠났는데, 갈 곳을 못 찾아?""",2021-03-16 08:00:00,구억,2021-03-16 10:35:00,그래도 국짐보다는 낮지싶은데....
"[뉴스하이킥] 文지지층, ""마음은 떠났는데, 갈 곳을 못 찾아?""",2021-03-16 08:00:00,이,2021-03-16 10:40:00,그래도 존경스러운 대통령님 하신것도 많죠 대표가 소방직 국가직화 국민을 우선생각하시는 대통령님
"[뉴스하이킥] 文지지층, ""마음은 떠났는데, 갈 곳을 못 찾아?""",2021-03-16 08:00:00,흑곰,2021-03-16 10:52:00,지켰네....한번도 경험하지 못한나라.....이제 문통 얼굴보고는 투표안한다....얼굴마담 앉혀놓고 지들 뱃속불리는것들...
"[뉴스하이킥] 文지지층, ""마음은 떠났는데, 갈 곳을 못 찾아?""",2021-03-16 08:00:00,푸른산깊은계곡,2021-03-16 10:54:00,"국민들 현혹하는건 다했다 이젠 그만 속자
의도야 어떻든 자유대한민국을 부정하고 
국민들을 분열시키고 삶은 더욱 나락으로 떨어트렸다 
그런 좋은 맘을 가지고 있다면 봉사단체나 만들어
사회에서 봉사나 할사람이 대통령 자리에 있으면 
되겠나 능력도 안되지만 사상검증도 다시 해봐야
될 사람이다"
"[뉴스하이킥] 文지지층, ""마음은 떠났는데, 갈 곳을 못 찾아?""",2021-03-16 08:00:00,future,2021-03-16 11:09:00,대부분  이루고 있는 사안들이군
"[뉴스하이킥] 文지지층, ""마음은 떠났는데, 갈 곳을 못 찾아?""",2021-03-16 08:00:00,콩콩콩이,2021-03-16 11:11:00,뭐든 지킬려고하면 개소리함서 나라망한다고 반대하는건 누구인데? 최저시급 만원공약걸고 지킬라고하니까 어찌 달라들든? 니들이 뽑은것들은 잘지켰던? 그래서 나란히 깜빵가있냐?
"[뉴스하이킥] 文지지층, ""마음은 떠났는데, 갈 곳을 못 찾아?""",2021-03-16 08:00:00,leeyhae00,2021-03-16 11:11:00,"대깨들 곧옵니다 
맘단단히 가지세요 ㅠ
부산행  좀비보다 더지독한것들입니다"
"[뉴스하이킥] 文지지층, ""마음은 떠났는데, 갈 곳을 못 찾아?""",2021-03-16 08:00:00,삼봉어무이,2021-03-16 11:12:00,명백한건 그어떤정부때보다 국민안전에힘쓰고  투명하고 원칙적인 정부란건 확실하다
"[뉴스하이킥] 文지지층, ""마음은 떠났는데, 갈 곳을 못 찾아?""",2021-03-16 08:00:00,히치하이커,2021-03-16 11:22:00,"경제성장 하고있지. OECD 성장율1위면 마이너스 성장이라도 앞서가는거잖아?
일자리는 잘 챙기고 있다. 코로나로 쉽지 않아도 선방하는 중이지
콘트롤 타워도 시스템이 갖춰줬지. 이젠 세월호 같은 참사에서 사람 못구하는건 생각할수조차 없지

부동산은 실거래가 조작해서 인위적으로 부동산 띄워 정권교체 노리는 졸부 세력들이 있는데 그놈들 때려잡아야 가능한 일이야. 부동산은 대통령이라도 상대하기힘들고 시간이 많이 걸리는 일이다.

인사원칙은 티끌하나 없는 사람 뽑자니 능력이 안되고 능력없는 자를 뽑으면 운영, 성과가 안나오니 힘든 일이지."
"[뉴스하이킥] 文지지층, ""마음은 떠났는데, 갈 곳을 못 찾아?""",2021-03-16 08:00:00,hoon,2021-03-16 11:30:00,반박못하게ㅆ네 ㅋㅋ
"[뉴스하이킥] 文지지층, ""마음은 떠났는데, 갈 곳을 못 찾아?""",2021-03-16 08:00:00,the money,2021-03-16 12:04:00,훠훠훠~ 마지막 하나는 지켰슙니다 한번도 경험해보지 못한나라
"[뉴스하이킥] 文지지층, ""마음은 떠났는데, 갈 곳을 못 찾아?""",2021-03-16 08:00:00,ksjdkajskdjalfjskajs,2021-03-16 08:17:00,"민주정권이니 수십년 썩어온 것들이 ""드러""나는 거지
알사람들은 다 알지~"
"[뉴스하이킥] 文지지층, ""마음은 떠났는데, 갈 곳을 못 찾아?""",2021-03-16 08:00:00,팔육운동꼰,2021-03-16 08:57:00,기적의 논리 ㅋㅋ 박원순 시장 시절 재건축 재개발 틀어막고.. 문재인 들어서서 부동산 공급 충분하다고 박박우기면서 공급안하고 있다가  뒤늦게 신도시로 공급폭탄 때린다고 우후죽순 신도시 지정한 정부가 어느 정부? 폭등도 전 정권 탓!! 투기도 전 정권 탓!! 아 몰랑 그냥 전 정권 탓??
"[뉴스하이킥] 文지지층, ""마음은 떠났는데, 갈 곳을 못 찾아?""",2021-03-16 08:00:00,팔육운동꼰,2021-03-16 09:33:00,"""나는 말이지 문재인 대통령님을 적극 지지하고 믿는다"" → 이성적 사고가 아닌 믿음의 영역인건 인정하네

그 선하고 정의롭다고 ""믿는"" 정부가 장기 집권할려면 중산층이 두터운게 좋을까 중산층 박살내고 서민층을 두텁게 하는게 좋을까? 좌파정부때마다 부동산 폭등하는게 정말 우연이라고 생각하나? 부동산 폭등이 의도한게 아니라면 심각한 무능이고 의도한 거라면?... 
베네수엘라 집값 한번 보고와봐 니가 지지하는 정부가 과연 그걸 몰랐을까?"
"[뉴스하이킥] 文지지층, ""마음은 떠났는데, 갈 곳을 못 찾아?""",2021-03-16 08:00:00,팔육운동꼰,2021-03-16 09:41:00,아 그리고 너 독재시절 극혐하잖아? 그지? 나도 그래.. 근데 1980년대도 아니고 스마트폰 다 하나씩 들고 다니는 2021년에 검찰개혁하고 언론개혁 해서 걔네들이 이루려는게 뭘까?? 자기네들 치부를 자꾸 들추는 것들 개혁(이라고 쓰지만 장악이겠지?)해서 이루려는게 뭘까 이 말이야... 선한 얼굴로 웃으면서 모든 권력 기관 장악하면 그건 독재 아닌거 같아? 인상 쓰고 총칼로 장악해야만 독재가 아니야
"[뉴스하이킥] 文지지층, ""마음은 떠났는데, 갈 곳을 못 찾아?""",2021-03-16 08:00:00,정태영,2021-03-16 09:42:00,느그들이 할때는 언론을 쥐잡고 하니 모든게 미화 된거고 문민정부는 느그들 똥싼거 치우기 바쁜거고 사고칠때는 한순간 그걸 감당하는데는 한세대가 지나도 안되는것도 많다 적패똥들아
"[뉴스하이킥] 文지지층, ""마음은 떠났는데, 갈 곳을 못 찾아?""",2021-03-16 08:00:00,가을쪼아,2021-03-16 09:45:00,아무리 그래도 수준낮은 국짐당보다는 나으다
"[뉴스하이킥] 文지지층, ""마음은 떠났는데, 갈 곳을 못 찾아?""",2021-03-16 08:00:00,기탄잘리,2021-03-16 10:39:00,"국짐애들이 몇십년동안 썩은것을 도려낼수 있어?
어쩜 한통속이였을지도~"
"[뉴스하이킥] 文지지층, ""마음은 떠났는데, 갈 곳을 못 찾아?""",2021-03-16 08:00:00,Eage,2021-03-16 12:18:00,@86 공급을 언제 안하고 있었어? 김현미가 3기 신도시 발표해서 본인 지역구에서 역적 취급까지 당했는데
"[뉴스하이킥] 文지지층, ""마음은 떠났는데, 갈 곳을 못 찾아?""",2021-03-16 08:00:00,팔육운동꼰,2021-03-16 12:39:00,"""대규모 택지개발은 없다""(2017. 7. 문재인 정부 100대 국정과제)

""서울, 수도권 주택 공급량은 수요량을 상회한다. 충분하다""(2017. 8. 2. 김현미 전 국토부장관)

니들 태세전환한 건 부동산 폭등에 지지율 떨어지고 나서부터다. 사실 왜곡하지 마라."
"[뉴스하이킥] 文지지층, ""마음은 떠났는데, 갈 곳을 못 찾아?""",2021-03-16 08:00:00,민들레,2021-03-16 10:51:00,"누가 떠났어요????
끝까지  지지합니다!!!!!
까놓고 국힘 왜구들이 다시 정권잡는 
상상만 해도 답 나옵니다"
"[뉴스하이킥] 文지지층, ""마음은 떠났는데, 갈 곳을 못 찾아?""",2021-03-16 08:00:00,^^[bu^^ma]^^,2021-03-16 08:26:00,"설혹 아무리 마음이 떠나도
국민의암들 지지해주는건
나라 팔아먹는 것과 같다. 
최악을 선택하느니 안하는게 낫고,
정치는 최고는 없다. 
그저 차선을 선택할뿐~"
"[뉴스하이킥] 文지지층, ""마음은 떠났는데, 갈 곳을 못 찾아?""",2021-03-16 08:00:00,팔육운동꼰,2021-03-16 09:05:00,"에이.... 그래서 국짐당 찍을꺼야?(그국찜)  

선거는 차선을 선택하는 거라는 점 동감 

근데 국민들 입장에서 니네가 최악일 수 있다는 생각은 전혀 안하나봐?"
"[뉴스하이킥] 文지지층, ""마음은 떠났는데, 갈 곳을 못 찾아?""",2021-03-16 08:00:00,리스타트,2021-03-16 09:13:00,"차선이 아니라 

최악을 피하기 위해

차악을 선택한다는게 맞는 말일 듯...."
"[뉴스하이킥] 文지지층, ""마음은 떠났는데, 갈 곳을 못 찾아?""",2021-03-16 08:00:00,리스타트,2021-03-16 09:14:00,"국짐 - 최악

민주 - 차악"
"[뉴스하이킥] 文지지층, ""마음은 떠났는데, 갈 곳을 못 찾아?""",2021-03-16 08:00:00,팔육운동꼰,2021-03-16 09:24:00,"그러니까 왜 니네는 항상 최악이 아닐 거라고 생각하지? 그 악랄한 적폐세력이 최악인 줄 알았는데 부동산 폭등에 중산층 작살내서 죄다 서민으로 만드는 민주정권의 내로남불 뻔뻔한 작태를 보고 있으니 최악이라 생각한 적폐세력이 차악이 되버렸지 뭐야.. 
그땐 개천에서도 용이 될 수 있는 꿈은 있었는데 지금은 용될 생각 하지말고 그냥 개천에서  공공주택 들어가 잘 살래"
"[뉴스하이킥] 文지지층, ""마음은 떠났는데, 갈 곳을 못 찾아?""",2021-03-16 08:00:00,♨석궈니♨,2021-03-16 09:32:00,35년 살면서 지금처럼 최악인적이 없었다
"[뉴스하이킥] 文지지층, ""마음은 떠났는데, 갈 곳을 못 찾아?""",2021-03-16 08:00:00,GodBlessme,2021-03-16 09:44:00,와 ㅡㅈ 소름  돋는다 ㅡㅡㅡㅡㅡ만졌당  지지하는게  나라파는것과 다름 없단 생각은 전혀 못하네  ㅉㅉㅉ
"[뉴스하이킥] 文지지층, ""마음은 떠났는데, 갈 곳을 못 찾아?""",2021-03-16 08:00:00,pinpon6,2021-03-16 10:37:00,지금이 차악인 줄 알았는데 이전 최악보다 더 최악이있을 줄은 몰랐다
"[뉴스하이킥] 文지지층, ""마음은 떠났는데, 갈 곳을 못 찾아?""",2021-03-16 08:00:00,꽃사랑,2021-03-16 09:45:00,"무슨 소리
다음에도 대통령 한번 더 했으면
소원입니다
이제까지 이런 좋은 나라는  없었는데요,
코로나 대응도요
끝까지 지지합니다 
문재인대통령님 
화이팅 ~~^^"
"[뉴스하이킥] 文지지층, ""마음은 떠났는데, 갈 곳을 못 찾아?""",2021-03-16 08:00:00,가을바람,2021-03-16 08:17:00,뿌리가 너무나깊은 국짐당 적페
"[뉴스하이킥] 文지지층, ""마음은 떠났는데, 갈 곳을 못 찾아?""",2021-03-16 08:00:00,전나무,2021-03-16 08:31:00,저는 문재인 대통령을 응원합니다!
"[뉴스하이킥] 文지지층, ""마음은 떠났는데, 갈 곳을 못 찾아?""",2021-03-16 08:00:00,정의사도,2021-03-16 08:33:00,호호호호.
"[뉴스하이킥] 文지지층, ""마음은 떠났는데, 갈 곳을 못 찾아?""",2021-03-16 08:00:00,크레센트,2021-03-16 08:17:00,"문프 화이팅
진짜 적폐는 끝도 없고 혼자서 다 짊어지시느라
힘드실거 같음
다음 정권까지 그다음 정권까지 이겨서 끌고 가야함"
"[뉴스하이킥] 文지지층, ""마음은 떠났는데, 갈 곳을 못 찾아?""",2021-03-16 08:00:00,매너함,2021-03-16 08:25:00,정시병자다 니들은
"[뉴스하이킥] 文지지층, ""마음은 떠났는데, 갈 곳을 못 찾아?""",2021-03-16 08:00:00,달맞이,2021-03-16 08:36:00,다음은 안됩니다  지금은  전 정권들보다 더합니다
"[뉴스하이킥] 文지지층, ""마음은 떠났는데, 갈 곳을 못 찾아?""",2021-03-16 08:00:00,아발란췌,2021-03-16 08:41:00,짊어지긴 몰 짊어지나요? ㅎ ㅎ 정부가싼똥 피해를 지금 전국민이 짊어지고 있는걸 아직도 모르나? 정신세계를 뜯어보고싶네요 진짜
"[뉴스하이킥] 文지지층, ""마음은 떠났는데, 갈 곳을 못 찾아?""",2021-03-16 08:00:00,b0207,2021-03-16 08:57:00,이제 이정권은 끝났다
"[뉴스하이킥] 文지지층, ""마음은 떠났는데, 갈 곳을 못 찾아?""",2021-03-16 08:00:00,MoonJa kim,2021-03-16 08:57:00,너 같은 것들 때문에 나라가 이지경 뇌구조가 어떻게 된 건지
"[뉴스하이킥] 文지지층, ""마음은 떠났는데, 갈 곳을 못 찾아?""",2021-03-16 08:00:00,까탈레나,2021-03-16 08:57:00,무식함엔 답이없지!평생그렇게 살도록~~ㅋㅋㅋㅋ
"[뉴스하이킥] 文지지층, ""마음은 떠났는데, 갈 곳을 못 찾아?""",2021-03-16 08:00:00,어둠속의희망,2021-03-16 09:28:00,"난 이들이 주장하는 적폐의 뜻이 뭔지 진짜 궁금...
적폐청산을 주장하면서 정권교체가 되었으면
자신들의 적폐에 대해서 더욱더 엄격하게 대해야 하는데
정작 자신들의 적폐가 나오면
상대방의 적폐이야기를 하면서
상대방 적폐먼저 청산하자고 주장을 하거나
이정도면 상관이 없다는 씩으로 주장...
당신들이 말하는 적폐의 뜻이 뭔가요"
"[뉴스하이킥] 文지지층, ""마음은 떠났는데, 갈 곳을 못 찾아?""",2021-03-16 08:00:00,수,2021-03-16 09:29:00,좀더 믿고  지지해야  하죠~ 70년 적폐가  쉽게  없어지겠습니까?
"[뉴스하이킥] 文지지층, ""마음은 떠났는데, 갈 곳을 못 찾아?""",2021-03-16 08:00:00,에쌤,2021-03-16 10:31:00,"문재인이 뭘 짊어졌다는 거지?
퇴임 후 호화로운 노년까지 다 보장됐는데."
"[뉴스하이킥] 文지지층, ""마음은 떠났는데, 갈 곳을 못 찾아?""",2021-03-16 08:00:00,jjw00023,2021-03-16 11:10:00,짊어진게 아니라 적폐 그자체지
"[뉴스하이킥] 文지지층, ""마음은 떠났는데, 갈 곳을 못 찾아?""",2021-03-16 08:00:00,율만두,2021-03-16 11:41:00,정말 맞는 말씀!
"[뉴스하이킥] 文지지층, ""마음은 떠났는데, 갈 곳을 못 찾아?""",2021-03-16 08:00:00,가을,2021-03-16 08:19:00,"나 민주 지지자 6대
가긴 어딜 가나?
이번 정권에서 이런 핵폭탄이 터진게 다행이라 생각한다
병폐가 워낙 오래된 사건이고 광범위한  수사를 필요로하기 때문에
결과물이 더딜지 몰라도
적어도 국짐이 수사하는 것보다는 훨씬 낫다고본다

문통의 의지 표명에 적극 지지한다"
"[뉴스하이킥] 文지지층, ""마음은 떠났는데, 갈 곳을 못 찾아?""",2021-03-16 08:00:00,길가다쿵했쪄,2021-03-16 08:23:00,"종교구나
추하다"
"[뉴스하이킥] 文지지층, ""마음은 떠났는데, 갈 곳을 못 찾아?""",2021-03-16 08:00:00,사계절,2021-03-16 08:23:00,악성태극기부대 같이 악성 대깨문 있는건 당연한 이치
"[뉴스하이킥] 文지지층, ""마음은 떠났는데, 갈 곳을 못 찾아?""",2021-03-16 08:00:00,서울나들이,2021-03-16 08:47:00,태극기부대와 대깨문은  다 노답이다.
"[뉴스하이킥] 文지지층, ""마음은 떠났는데, 갈 곳을 못 찾아?""",2021-03-16 08:00:00,희망사냥꾼,2021-03-16 08:50:00,애네들의 뇌구조는 정말 연구해야 함 ㅋㅋㅋ 이번 정권에서 터진게 다행이랜다 ㅋㅋㅋ 지네가 그렇게 외쳐대던 과거 적폐정권하고 다른게 1도 없는데 ㅋㅋ
"[뉴스하이킥] 文지지층, ""마음은 떠났는데, 갈 곳을 못 찾아?""",2021-03-16 08:00:00,chjib,2021-03-16 09:29:00,넌 평생 그렇게 살아요
"[뉴스하이킥] 文지지층, ""마음은 떠났는데, 갈 곳을 못 찾아?""",2021-03-16 08:00:00,이광현,2021-03-16 09:30:00,6대째시면 종교처럼머리가 깨져도 목을 절라도 좋으시겠네요
"[뉴스하이킥] 文지지층, ""마음은 떠났는데, 갈 곳을 못 찾아?""",2021-03-16 08:00:00,태양,2021-03-16 09:33:00,"한번더
쭉 나가기을
지지   어딜갈지모른다고~~~"
"[뉴스하이킥] 文지지층, ""마음은 떠났는데, 갈 곳을 못 찾아?""",2021-03-16 08:00:00,랑이랑깜이,2021-03-16 09:47:00,"나도  갈곳은 없어도 떠난지는 오래됬다
그런데 Lh는 정말 잘터졌다
친구하나가 Lh임원으로 있다가 퇴직함
그래서 내부사정을 이전부터 조금안다
물론 내주간적인 판단이지만
그래서 다시돌아갈려고 생각중임"
"[뉴스하이킥] 文지지층, ""마음은 떠났는데, 갈 곳을 못 찾아?""",2021-03-16 08:00:00,강강수월래,2021-03-16 10:11:00,옳소!!!!!!!!
"[뉴스하이킥] 文지지층, ""마음은 떠났는데, 갈 곳을 못 찾아?""",2021-03-16 08:00:00,데꼬레,2021-03-16 10:17:00,국힘 쟤들은 바로  덮겠죠~
"[뉴스하이킥] 文지지층, ""마음은 떠났는데, 갈 곳을 못 찾아?""",2021-03-16 08:00:00,김,2021-03-16 10:27:00,"국짐이정권잡으면 언론통재하고 
짝짝궁해서내가입아닥하면. 뒤돈받고 
검찰과짝짝궁해서 엘시티같은사건알아도덮어주고
국회의원300명중  재산30억이상있는당은국민의짐다이다.  세금받아먹고 뒤돈받아먹고 땅사놓고 
전화한통으로서울대실험실마음대로쓰고 
대학성적표도고쳐주고    
민주당에도비리있어도다처벌받고한다.  
최소한국민눈치는본다"
"[뉴스하이킥] 文지지층, ""마음은 떠났는데, 갈 곳을 못 찾아?""",2021-03-16 08:00:00,기탄잘리,2021-03-16 10:36:00,"맞다 이정권이였으니까 
까발리는 것이 가능했고 
오히려 정권 초기였으면 박수 받을일이였다"
"[뉴스하이킥] 文지지층, ""마음은 떠났는데, 갈 곳을 못 찾아?""",2021-03-16 08:00:00,하얀섬,2021-03-16 10:42:00,"동의합니다~~ 이명박근혜때는 LH직원 투기가 없었을까요??

IT업계에서는 해킹을 당했는지 모르는것보다 해킹을 당했다는것을 찾는게 어렵다고 합니다

LH직원투기를 잡아서 고쳐나갈수 있는 힘이야 말로 옳은 길인거죠~"
"[뉴스하이킥] 文지지층, ""마음은 떠났는데, 갈 곳을 못 찾아?""",2021-03-16 08:00:00,이현미,2021-03-16 10:58:00,계속 지지하거라  안말린다
"[뉴스하이킥] 文지지층, ""마음은 떠났는데, 갈 곳을 못 찾아?""",2021-03-16 08:00:00,신순호,2021-03-16 11:09:00,이정권이니까 까발리는게 가능했대 ㅋㅋㅋㅋ 그럼 박근헤때 최순실 까발리는건 똑같이 박근혜정권이니까 가능한거임?? ㅋㅋㅋㅋ 진짜 개논리 오지네 ㅋㅋㅋㅋ
"[뉴스하이킥] 文지지층, ""마음은 떠났는데, 갈 곳을 못 찾아?""",2021-03-16 08:00:00,바보 😙😚😍,2021-03-16 11:41:00,참자랑이다 니같은 쓰레기종자들로인해 국가가 이모양이다당이아니라 국가를 생각해야지 퉤
"[뉴스하이킥] 文지지층, ""마음은 떠났는데, 갈 곳을 못 찾아?""",2021-03-16 08:00:00,이정림,2021-03-16 08:12:00,문재인  보유국. 최고👍   .지지층 다야몬드 지지  끝까지 지지합니다♥힘내세요 ♥ 우리 문재인  대통령 같은  깨끗한 정치   인  전세계  어디에도   없다..!!!
"[뉴스하이킥] 文지지층, ""마음은 떠났는데, 갈 곳을 못 찾아?""",2021-03-16 08:00:00,ijblee,2021-03-16 08:19:00,이념 편향 내로남불의 전형
"[뉴스하이킥] 文지지층, ""마음은 떠났는데, 갈 곳을 못 찾아?""",2021-03-16 08:00:00,쏘리야노,2021-03-16 08:20:00,"1. 일자리 만든다고 떠벌이기만 하고 
실제 젊은이들은 취업하기 더 힘들게 만들고 

2. 부동산 확실히 잡는다더니 
젊은이들 평생 집도 못사게 만들고 

3. 북한 핵 종전선언 한다더니 
김정은 위상만 높여주고 

4. 환경을 위해 원전 없앤다더니 
북한에 원전 세워줄거 검토나하고 

5. 개혁해 보라고 180석 몰아주니 
지가 임명한 검찰총장이랑 권력다툼이나하고 

6. 국민들과 의료진이 코로나 막는데 
정작 의사들이랑 싸움만하고 

아직 많은데 댓글 글자수 제한이라 더 못 쓰네"
"[뉴스하이킥] 文지지층, ""마음은 떠났는데, 갈 곳을 못 찾아?""",2021-03-16 08:00:00,사는동안,2021-03-16 08:27:00,할일이 읍구나!
"[뉴스하이킥] 文지지층, ""마음은 떠났는데, 갈 곳을 못 찾아?""",2021-03-16 08:00:00,로체스터,2021-03-16 08:29:00,문통 아니었음 코로나에 나라 폭망했을 겁니다. 그걸 정말로 모르는건지 모르는척 하는건지.
"[뉴스하이킥] 文지지층, ""마음은 떠났는데, 갈 곳을 못 찾아?""",2021-03-16 08:00:00,오종임,2021-03-16 08:36:00,반어법 이지요?
"[뉴스하이킥] 文지지층, ""마음은 떠났는데, 갈 곳을 못 찾아?""",2021-03-16 08:00:00,정인식,2021-03-16 08:40:00,슬프다.. 참..
"[뉴스하이킥] 文지지층, ""마음은 떠났는데, 갈 곳을 못 찾아?""",2021-03-16 08:00:00,정지섭,2021-03-16 09:06:00,애초에 권력자를 완전히 선한 존재로 보는 것 자체가 생각이 없단 증거..
"[뉴스하이킥] 文지지층, ""마음은 떠났는데, 갈 곳을 못 찾아?""",2021-03-16 08:00:00,억새사모,2021-03-16 09:15:00,"격하게 공감 합니다!
죽을때까지 오로지...
문재인 과 민주당!!!"
"[뉴스하이킥] 文지지층, ""마음은 떠났는데, 갈 곳을 못 찾아?""",2021-03-16 08:00:00,victory,2021-03-16 09:19:00,두번 깨끗하다가는  나라 무법천지  되겠네   사기범들  잡는 검찰 손발 묶어 놓고 지들끼리  수사 한다고 그런데 밝혀 진것이없어요  국토부 청화대 3기 신도시  땅투기꾼 한명도 없다  발표하네 국무총리가 ~  그러면서 국민의힘 국회의원들 수사 하자고 국민의힘도 셀프  수사 하고 투기꾼 없다고 발표 하면 되겠다
"[뉴스하이킥] 文지지층, ""마음은 떠났는데, 갈 곳을 못 찾아?""",2021-03-16 08:00:00,자연인,2021-03-16 09:42:00,뭔소리고~아침부터 재수없게
"[뉴스하이킥] 文지지층, ""마음은 떠났는데, 갈 곳을 못 찾아?""",2021-03-16 08:00:00,밤톨잉,2021-03-16 10:03:00,태극할배 이여사~~
"[뉴스하이킥] 文지지층, ""마음은 떠났는데, 갈 곳을 못 찾아?""",2021-03-16 08:00:00,김지연,2021-03-16 10:08:00,문제가많군
"[뉴스하이킥] 文지지층, ""마음은 떠났는데, 갈 곳을 못 찾아?""",2021-03-16 08:00:00,스카이,2021-03-16 10:20:00,신천지보다더한 문천지ㅋㅋㅋ
"[뉴스하이킥] 文지지층, ""마음은 떠났는데, 갈 곳을 못 찾아?""",2021-03-16 08:00:00,효돌,2021-03-16 10:41:00,"문재인 보유국 소리 웃기지 않나?
무능하면서 착한척만 하는 대통령이라면 나도 할듯"
"[뉴스하이킥] 文지지층, ""마음은 떠났는데, 갈 곳을 못 찾아?""",2021-03-16 08:00:00,onions07,2021-03-16 11:09:00,문재인 보유국이란 말에 소름 돋고 치가 떨린다.
"[뉴스하이킥] 文지지층, ""마음은 떠났는데, 갈 곳을 못 찾아?""",2021-03-16 08:00:00,Yoonsik Lim,2021-03-16 11:16:00,응 깜방
"[뉴스하이킥] 文지지층, ""마음은 떠났는데, 갈 곳을 못 찾아?""",2021-03-16 08:00:00,crossroads,2021-03-16 11:20:00,옳은말입니다
"[뉴스하이킥] 文지지층, ""마음은 떠났는데, 갈 곳을 못 찾아?""",2021-03-16 08:00:00,WindHunter,2021-03-16 11:27:00,"못난것들
정신 좀 차리고  나라 걱정 좀해라"
"[뉴스하이킥] 文지지층, ""마음은 떠났는데, 갈 곳을 못 찾아?""",2021-03-16 08:00:00,고마움과함께,2021-03-16 08:16:00,"마음 안떠났어요.
문정부이니 이정도 지키고 있는거라고생각합니다.
자한당 집권했으면 코로나도 경제도 거덜났을거예요.
믿고 여전히 지지합니다."
"[뉴스하이킥] 文지지층, ""마음은 떠났는데, 갈 곳을 못 찾아?""",2021-03-16 08:00:00,닉네임을 등록해 주세요,2021-03-16 08:28:00,"그렇다고 일본을 지지할 순 없는거랑 똑같지
지금이 쥐닭시절이였다고 생각해봐
끔찍하다"
"[뉴스하이킥] 文지지층, ""마음은 떠났는데, 갈 곳을 못 찾아?""",2021-03-16 08:00:00,이요셉,2021-03-16 08:38:00,끔찍한건 국적불명 댓글 부대 만진당 지지자들
"[뉴스하이킥] 文지지층, ""마음은 떠났는데, 갈 곳을 못 찾아?""",2021-03-16 08:00:00,!!!,2021-03-16 08:43:00,언론개혁 꼭해야한다
"[뉴스하이킥] 文지지층, ""마음은 떠났는데, 갈 곳을 못 찾아?""",2021-03-16 08:00:00,♡,2021-03-16 08:43:00,"개  돼지들   정신 못차리네
아직도"
"[뉴스하이킥] 文지지층, ""마음은 떠났는데, 갈 곳을 못 찾아?""",2021-03-16 08:00:00,믜,2021-03-16 08:43:00,대깨문 ㅉㅉ
"[뉴스하이킥] 文지지층, ""마음은 떠났는데, 갈 곳을 못 찾아?""",2021-03-16 08:00:00,dream,2021-03-16 08:46:00,ㅋㅋㅋㅋㅋㅋㅋㅋㅋㅋㅋㅋㅋㅋㅋㅋㅋㅋㅋㅋㅋㅋㅋㅋㅋㅋㅋㅋㅋㅋㅋㅋㅋ
"[뉴스하이킥] 文지지층, ""마음은 떠났는데, 갈 곳을 못 찾아?""",2021-03-16 08:00:00,lotto5959,2021-03-16 08:49:00,"그동안 쭉 해먹었던 것을 새삼스럽게 들춰낸 것은 
이번 선거와 무관하지 않을거라 믿습니다.
LH뿐만아니라 공조직 구석구석 부정부패가 만연해 있어 
그 본인들은 죄의식도 없을겁니다
1도 모르는 사람들이 선동하는대로 휩쓸리는 것이 문제"
"[뉴스하이킥] 文지지층, ""마음은 떠났는데, 갈 곳을 못 찾아?""",2021-03-16 08:00:00,장대표,2021-03-16 09:15:00,"언론들만 떠남...

이명박그네때 처럼 유학보내주고... 돈주고... 선물사주고 해야 하는데...

문정부는 그런거 하나도 없으니..

언론들만 마음이 떠남..."
"[뉴스하이킥] 文지지층, ""마음은 떠났는데, 갈 곳을 못 찾아?""",2021-03-16 08:00:00,아이사랑,2021-03-16 09:16:00,"맞습니다!
왜? 떠나나요?
역대 이래  최고의 대통령인데... .
저것들의 희망사항 일뿐..."
"[뉴스하이킥] 文지지층, ""마음은 떠났는데, 갈 곳을 못 찾아?""",2021-03-16 08:00:00,새벽,2021-03-16 09:19:00,제발 떠나 주기를 바라는 게 안타깝네요 ㅋㅋ
"[뉴스하이킥] 文지지층, ""마음은 떠났는데, 갈 곳을 못 찾아?""",2021-03-16 08:00:00,솔루키미,2021-03-16 09:47:00,카카오톡은 추천이 무제한이라 차이나게이트가 여기서 조작하는거 맞지??? 어이 없네
"[뉴스하이킥] 文지지층, ""마음은 떠났는데, 갈 곳을 못 찾아?""",2021-03-16 08:00:00,닉네임을 등록해 주세요,2021-03-16 09:48:00,새누리당 자한당 같으면 완전 일본 밑으로 들어갔겠죠
"[뉴스하이킥] 文지지층, ""마음은 떠났는데, 갈 곳을 못 찾아?""",2021-03-16 08:00:00,아후라마즈다,2021-03-16 09:57:00,"그냥 코로나 걸릴래.....

경기도 변두리 전세가 2억에서 4억5천으로 올랐어....."
"[뉴스하이킥] 文지지층, ""마음은 떠났는데, 갈 곳을 못 찾아?""",2021-03-16 08:00:00,나누리,2021-03-16 10:00:00,떠나긴 ....더욱더 지지 할건데....앞으로 20년간은 정권교체 꿈도 꾸지 마시길..
"[뉴스하이킥] 文지지층, ""마음은 떠났는데, 갈 곳을 못 찾아?""",2021-03-16 08:00:00,파프리카,2021-03-16 10:00:00,여전히 지지합니다
"[뉴스하이킥] 文지지층, ""마음은 떠났는데, 갈 곳을 못 찾아?""",2021-03-16 08:00:00,유자차,2021-03-16 10:02:00,누가 뭐래도 난 지금 정권을 지지한다.
"[뉴스하이킥] 文지지층, ""마음은 떠났는데, 갈 곳을 못 찾아?""",2021-03-16 08:00:00,사과두개,2021-03-16 10:14:00,"누가 떠나?
개 돼지들만 떠났지~~"
"[뉴스하이킥] 文지지층, ""마음은 떠났는데, 갈 곳을 못 찾아?""",2021-03-16 08:00:00,미안하다 고맙다,2021-03-16 10:33:00,"LH 직원인가 보네.
아니면 뭉가덕에 집값 오른 좌파든가"
"[뉴스하이킥] 文지지층, ""마음은 떠났는데, 갈 곳을 못 찾아?""",2021-03-16 08:00:00,미안하다 고맙다,2021-03-16 10:34:00,"여전히 지지한다는 말은
여전히 대가0 깨져있다는 말"
"[뉴스하이킥] 文지지층, ""마음은 떠났는데, 갈 곳을 못 찾아?""",2021-03-16 08:00:00,si니,2021-03-16 10:41:00,문재인 대통령님 끝까지 힘내십시요~!!
"[뉴스하이킥] 文지지층, ""마음은 떠났는데, 갈 곳을 못 찾아?""",2021-03-16 08:00:00,효돌,2021-03-16 10:41:00,난 떠났다
"[뉴스하이킥] 文지지층, ""마음은 떠났는데, 갈 곳을 못 찾아?""",2021-03-16 08:00:00,벤틀리매니아,2021-03-16 10:42:00,문재인이 뭐라고 이렇게까지 하는지. 한심하고 불쌍하네.
"[뉴스하이킥] 文지지층, ""마음은 떠났는데, 갈 곳을 못 찾아?""",2021-03-16 08:00:00,하얀섬,2021-03-16 10:44:00,동의합니다. 이명박근혜 정권이었으면 트럼프와 비슷할것이라 생각합니다~
"[뉴스하이킥] 文지지층, ""마음은 떠났는데, 갈 곳을 못 찾아?""",2021-03-16 08:00:00,라파엘로,2021-03-16 10:46:00,차라리 조두순이 해고 이보다 잘할것 같다
"[뉴스하이킥] 文지지층, ""마음은 떠났는데, 갈 곳을 못 찾아?""",2021-03-16 08:00:00,하늘다람쥐,2021-03-16 10:49:00,"동의합니다.
전적으로 지지합니다"
"[뉴스하이킥] 文지지층, ""마음은 떠났는데, 갈 곳을 못 찾아?""",2021-03-16 08:00:00,멍충이,2021-03-16 10:57:00,"문재인정부 지지층 떠났다고.??
누가 그런 멍멍이소리를 하는데
아니 지금 전세계가 코로나로
경제침체로 모든국가들이 위기상황인데
대한민국 문재인 정부처럼 위기상황을 
잘대처한 나라가 있는지 찾아봐라.
대한민국 대구.경북지역만 빼놓고
대다수 국민들이 문재인 정부에 박수를 치고
잘했다고 칭찬을 못할망정 비난과
물어뜯기와 씹는소리는 친일매국언론들과
국민의짐당것들만 그런소리하지
우리국민들만 고통을 당하고 있는것이 아니다
지구상에 가장 선진국이라는 유럽과
미국도 절대위기에 빠져서 헤어나질못하고있다.
그런데 문재인정부에 맘이 떠났다고?천만에"
"[뉴스하이킥] 文지지층, ""마음은 떠났는데, 갈 곳을 못 찾아?""",2021-03-16 08:00:00,어른아이,2021-03-16 11:41:00,"잘하고 있는데 뭔 소리.

무당층, 정치에 큰 관심 없는 중도층, 일부 보수층이 국짐당에 환멸을 느끼고 민주당 밀어 주었다가 

여러 이유로 실망한 것 뿐이겠지.

중심 잡고 밀어 붙여라.

작은 시행착오는 어쩔 수 없는 것.

요새 잘하고 있어."
"[뉴스하이킥] 文지지층, ""마음은 떠났는데, 갈 곳을 못 찾아?""",2021-03-16 08:00:00,어른아이,2021-03-16 11:43:00,어차피 진보층이야 어쩔 수 없이  민주당 찍든가 소신껏 진보정당 찍는다.
"[뉴스하이킥] 文지지층, ""마음은 떠났는데, 갈 곳을 못 찾아?""",2021-03-16 08:00:00,율만두,2021-03-16 11:43:00,"이런분들이 계심에 너무 감사! 
다시 똘똘 뭉칩시다!!"
"[뉴스하이킥] 文지지층, ""마음은 떠났는데, 갈 곳을 못 찾아?""",2021-03-16 08:00:00,복색화,2021-03-16 08:19:00,안떠났거든
"[뉴스하이킥] 文지지층, ""마음은 떠났는데, 갈 곳을 못 찾아?""",2021-03-16 08:00:00,곰동이,2021-03-16 09:30:00,저도 안떠났어요. 떠나기를 정화수 떠놓고 기도하는 언론들이 오늘도 울부짖지만 ㅎ
"[뉴스하이킥] 文지지층, ""마음은 떠났는데, 갈 곳을 못 찾아?""",2021-03-16 08:00:00,봉봉,2021-03-16 09:48:00,입에 침도 안바르고 11년간 농사를 지었던 농부라고 하는 사람의 말이 신뢰가 되나요? 그냥 사과 한마디면 되는걸.. 결국  그 사람이 했던 모든 말들을 더이상 믿을 수가 없지요.
"[뉴스하이킥] 文지지층, ""마음은 떠났는데, 갈 곳을 못 찾아?""",2021-03-16 08:00:00,신영숙,2021-03-16 10:09:00,떠났어요. 잘둘러보시길. 부동산정책이적폐라고 변명하시는걸보니  문대통령찍어준걸후회한다. 조국딸도 입시문제점이라고 변명하더니.쯔쯔쯔. 촛불도소환하고. 한심하다. 진정성있게 멋지게 사과하는게 좋을듯^^^
"[뉴스하이킥] 文지지층, ""마음은 떠났는데, 갈 곳을 못 찾아?""",2021-03-16 08:00:00,killthepain,2021-03-16 10:23:00,"ㆍ
스스로 뇌 없음을 인증.
ㆍ"
"[뉴스하이킥] 文지지층, ""마음은 떠났는데, 갈 곳을 못 찾아?""",2021-03-16 08:00:00,리턴 오브 파스텔,2021-03-16 10:35:00,"난 떠났는데...ㅋㅋㅋ
내가 열혈 친노였다."
"[뉴스하이킥] 文지지층, ""마음은 떠났는데, 갈 곳을 못 찾아?""",2021-03-16 08:00:00,무명씨3,2021-03-16 11:33:00,난  문재인이가  18대  대선  이후에  박근혜를  자신이  대통령  만들었다고  할때부터  떠났어  할말이  있고  하지  말아야  할  말이  있지   그  이전에도   많은분들이  원하셨는데  응하지  않아  죄송하다고  할 때부터  떠났지   국민이  준  표의  무게를  감당하기  싫어하는  모습을  보여졌으니까
"[뉴스하이킥] 文지지층, ""마음은 떠났는데, 갈 곳을 못 찾아?""",2021-03-16 08:00:00,무명씨3,2021-03-16 11:41:00,난  34년전  6월  거리에도  있었고   31년전  517엔  지내리던  전남대  어느  강의실에  있던  주체사상도  아는  인간인데  민주당의   내로남불이  너무  싫더라
"[뉴스하이킥] 文지지층, ""마음은 떠났는데, 갈 곳을 못 찾아?""",2021-03-16 08:00:00,지그,2021-03-16 08:29:00,그래도 국짐은 싫어
"[뉴스하이킥] 文지지층, ""마음은 떠났는데, 갈 곳을 못 찾아?""",2021-03-16 08:00:00,Tryone21,2021-03-16 08:16:00,끝까지   지지합니다
"[뉴스하이킥] 文지지층, ""마음은 떠났는데, 갈 곳을 못 찾아?""",2021-03-16 08:00:00,monopoly,2021-03-16 08:24:00,ㅉㅉ 평생 그렇게 당하며 살아라.
"[뉴스하이킥] 文지지층, ""마음은 떠났는데, 갈 곳을 못 찾아?""",2021-03-16 08:00:00,이미경,2021-03-16 08:26:00,문재인정부 끝까지 지지 합니다
"[뉴스하이킥] 文지지층, ""마음은 떠났는데, 갈 곳을 못 찾아?""",2021-03-16 08:00:00,사는동안,2021-03-16 08:26:00,머리 나쁜거 인증하나?
"[뉴스하이킥] 文지지층, ""마음은 떠났는데, 갈 곳을 못 찾아?""",2021-03-16 08:00:00,아발란췌,2021-03-16 08:44:00,"당하고.당해도 지들이.몰당하는지도 모르는 무식한 사람들. . 이제는 안쓰러운게아니라 그 무식함에 화가나내요
하긴 북한 국민들중에도 아직도 김정은 찬양하고 위대한 수령님이라고 착각하는애들이 대다수겠지. . 그러니
평생.나라가 그지꼴을.못벋어나는거고. . 
참.한심하기 그지없네"
"[뉴스하이킥] 文지지층, ""마음은 떠났는데, 갈 곳을 못 찾아?""",2021-03-16 08:00:00,까탈레나,2021-03-16 08:56:00,모지리~~ㅋㅋㅋㅋ
"[뉴스하이킥] 文지지층, ""마음은 떠났는데, 갈 곳을 못 찾아?""",2021-03-16 08:00:00,해오름,2021-03-16 09:22:00,웃는다.. 연일 비리가터젼나오는데 따끔한충언는 못할망정. 그러니까지자울이내려가지
"[뉴스하이킥] 文지지층, ""마음은 떠났는데, 갈 곳을 못 찾아?""",2021-03-16 08:00:00,storyteller,2021-03-16 09:35:00,공공업무 하는 사람이 뭘해도 지지한다는게 말이 되나요
"[뉴스하이킥] 文지지층, ""마음은 떠났는데, 갈 곳을 못 찾아?""",2021-03-16 08:00:00,권도경,2021-03-16 10:16:00,개돼지 수준
"[뉴스하이킥] 文지지층, ""마음은 떠났는데, 갈 곳을 못 찾아?""",2021-03-16 08:00:00,올제,2021-03-16 11:00:00,나도 지지
"[뉴스하이킥] 文지지층, ""마음은 떠났는데, 갈 곳을 못 찾아?""",2021-03-16 08:00:00,hoon,2021-03-16 11:30:00,끝까지 그렇게 살아라 ㅋㅋㅋ
"[뉴스하이킥] 文지지층, ""마음은 떠났는데, 갈 곳을 못 찾아?""",2021-03-16 08:00:00,초절정폐인_꼬모,2021-03-16 11:53:00,진짜 저러고도 지지한다고 그러네.. 일단 지지자들이 나라망치는 1등 공신임.  친일보다 더 악질인 놈들
"[뉴스하이킥] ""윤석열, 노무현이 되느냐 반기문이 되느냐""",2021-03-09 21:31:00,AlexYoo,2021-03-09 21:42:00,"노통을 쓰레기와 비교하다니.....
세상 참 우습게 보네 이것들이."
"[뉴스하이킥] ""윤석열, 노무현이 되느냐 반기문이 되느냐""",2021-03-09 21:31:00,넓은 세상을 향해,2021-03-09 21:47:00,"노통을 어디다 갖다붙이노 감히
선배세컨을  데리고 사는  쓰 ㄹㅔ 기  를"
"[뉴스하이킥] ""윤석열, 노무현이 되느냐 반기문이 되느냐""",2021-03-09 21:31:00,유목인 바람,2021-03-09 22:59:00,검찰 총장하면서 정치 했다.
"[뉴스하이킥] ""윤석열, 노무현이 되느냐 반기문이 되느냐""",2021-03-09 21:31:00,김미연,2021-03-09 21:59:00,윤석열감히 노무현대통령님한테  비교해
"[뉴스하이킥] ""윤석열, 노무현이 되느냐 반기문이 되느냐""",2021-03-09 21:31:00,Ing123,2021-03-10 07:40:00,"그렇게들 비싼밥먹고 할일이 없냐
이러니 나라가  이꼬라지지
제발

국민을위해서 머리좀 쓰라
그저 땅투기권력맛에췻낙서 헤롱대니
나라가 국민이 살기 너무 힘들다"
"[뉴스하이킥] ""윤석열, 노무현이 되느냐 반기문이 되느냐""",2021-03-09 21:31:00,바람소년,2021-03-10 00:53:00,"말하는 꼬라지 봐라 
노무현이 될수 있냐
어디서 감히"
"[뉴스하이킥] ""윤석열, 노무현이 되느냐 반기문이 되느냐""",2021-03-09 21:31:00,Willard,2021-03-09 23:21:00,저런 어처구니 없는 짜장을 고노무현 대통령과 비교하다니...
"[뉴스하이킥] ""윤석열, 노무현이 되느냐 반기문이 되느냐""",2021-03-09 21:31:00,여포,2021-03-09 21:41:00,언론 윤석열 그만 좀 말하시지.
"[뉴스하이킥] ""윤석열, 노무현이 되느냐 반기문이 되느냐""",2021-03-09 21:31:00,탈퇴한 사용자,2021-03-09 22:52:00,비교할걸비교해라
"[뉴스하이킥] ""윤석열, 노무현이 되느냐 반기문이 되느냐""",2021-03-09 21:31:00,횡설수설,2021-03-09 21:47:00,"더러운 엿검 짜장을 
감히 누구에게 비교를~
윤가가 인권변호사를 했어 세계평화를 위해 헌신을 했어
갖다 붙일걸 갖다 붙여야지~

나라법 제것처럼 남용횡포 저지른 너ㅁ~
수구들이 바람 넣어주니 좋다하고 날뛰는 꼴이라니
505 청소해 뒀다
장모 모시고 기들어가라 해라"
"[뉴스하이킥] ""윤석열, 노무현이 되느냐 반기문이 되느냐""",2021-03-09 21:31:00,말복이야,2021-03-10 02:30:00,정치 검새쓰레기를 어디다 갖다붙히냐!!
"[뉴스하이킥] ""윤석열, 노무현이 되느냐 반기문이 되느냐""",2021-03-09 21:31:00,후니,2021-03-09 21:44:00,"어~~이....선 넘었어. 

한참 넘었어...어디 노통의 이름을 들먹여?"
"[뉴스하이킥] ""윤석열, 노무현이 되느냐 반기문이 되느냐""",2021-03-09 21:31:00,푸른바다,2021-03-09 22:03:00,"윤은  절대로 대통령 안된다
국민을 섬기는게 아니라
검찰조직에만 충성하는 자이다"
"[뉴스하이킥] ""윤석열, 노무현이 되느냐 반기문이 되느냐""",2021-03-09 21:31:00,Trinity,2021-03-10 06:53:00,윤석렬은 자유민주주의와 헌법을 수호해서 국민을 지키는 일을 한 사람이죠.
"[뉴스하이킥] ""윤석열, 노무현이 되느냐 반기문이 되느냐""",2021-03-09 21:31:00,근혜남편_태민장인은남로당원,2021-03-10 07:49:00,"윤석열이 자유민주주의를?
마누라와 장모는 잘 지켰던 사람이죠"
"[뉴스하이킥] ""윤석열, 노무현이 되느냐 반기문이 되느냐""",2021-03-09 21:31:00,갸름한 사각,2021-03-09 21:39:00,본인이 직접하는 게 아니고 전부 언론이 만든 이미지. 하기야 언론이 만든 이미지에 넘어간 호국민님들이 이명박근혜를 대통령으로 뽑았지. 조중동이하 언론들이 또 그런 장난질을 시작하는데 이번에도 호국민이 될까???
"[뉴스하이킥] ""윤석열, 노무현이 되느냐 반기문이 되느냐""",2021-03-09 21:31:00,허브 향기,2021-03-10 07:32:00,언론이 만든 이미지 ㅎㅎ
"[뉴스하이킥] ""윤석열, 노무현이 되느냐 반기문이 되느냐""",2021-03-09 21:31:00,JBW,2021-03-09 21:52:00,"감히 노무현 대통령을 언급하지마시죠
비교할껄 해야자"
"[뉴스하이킥] ""윤석열, 노무현이 되느냐 반기문이 되느냐""",2021-03-09 21:31:00,굿맨,2021-03-10 07:40:00,나라  창피 한일 자살 ㅎ
"[뉴스하이킥] ""윤석열, 노무현이 되느냐 반기문이 되느냐""",2021-03-09 21:31:00,whgdmsclsrn,2021-03-10 07:43:00,"대통령은 하늘이 점지하는 것이다
왈가불가 하지마라
문화강국 경제강국 미래의 대한민국에
쌍욕이나하는 잡범읗 점지하겠냐?
굽신맨을 점지하겠냐?"
"[뉴스하이킥] ""윤석열, 노무현이 되느냐 반기문이 되느냐""",2021-03-09 21:31:00,월하,2021-03-10 07:55:00,"이 기사 쓰레기다.
감히 노무현 대통령과 일개 윤가놈을 맞대다니..
예의가 없네.."
"[뉴스하이킥] ""윤석열, 노무현이 되느냐 반기문이 되느냐""",2021-03-09 21:31:00,기사마,2021-03-10 07:13:00,"황교활 되는거지

몰라서 물어"
"[뉴스하이킥] ""윤석열, 노무현이 되느냐 반기문이 되느냐""",2021-03-09 21:31:00,나,2021-03-09 21:55:00,별......퉷
"[뉴스하이킥] ""윤석열, 노무현이 되느냐 반기문이 되느냐""",2021-03-09 21:31:00,잠비,2021-03-10 07:34:00,추장관 부하 이상 이하도 아님 ㅋㅋㅋ
"[뉴스하이킥] ""김종인·윤석열 사전 교감 있었다, 선거 후 제3정당 꾸릴 듯""",2021-03-08 19:17:00,김 .,2021-03-08 19:24:00,지긋지긋 하다. 안되는걸 왜 그러는거냐.골빈보수들 한테20프로 받겠지.
"[뉴스하이킥] ""김종인·윤석열 사전 교감 있었다, 선거 후 제3정당 꾸릴 듯""",2021-03-08 19:17:00,기우는달,2021-03-08 21:23:00,대깨문이 까는거보니 백퍼 대선 이길듯ㅋㅋㅋㅋ
"[뉴스하이킥] ""김종인·윤석열 사전 교감 있었다, 선거 후 제3정당 꾸릴 듯""",2021-03-08 19:17:00,terranmania,2021-03-08 22:34:00,"골빈 문빠들~~
주제는 알고 살아라!"
"[뉴스하이킥] ""김종인·윤석열 사전 교감 있었다, 선거 후 제3정당 꾸릴 듯""",2021-03-08 19:17:00,PommeVerte,2021-03-08 23:53:00,윤석열 장모  마누라 비리가 있는데도  언론  보도 안한다  저렇게 띄워주니  국민  바보다
"[뉴스하이킥] ""김종인·윤석열 사전 교감 있었다, 선거 후 제3정당 꾸릴 듯""",2021-03-08 19:17:00,R2D2,2021-03-09 00:01:00,일베 토착왜구 닥치고 할복
"[뉴스하이킥] ""김종인·윤석열 사전 교감 있었다, 선거 후 제3정당 꾸릴 듯""",2021-03-08 19:17:00,한울,2021-03-08 19:22:00,검찰개혁은 시대를 거스를 수 없는 과제입니다
"[뉴스하이킥] ""김종인·윤석열 사전 교감 있었다, 선거 후 제3정당 꾸릴 듯""",2021-03-08 19:17:00,enswjs,2021-03-08 19:54:00,"""김종인 윤석렬 사전 교감 있었다""
안봐도 비디오.

3당 꾸린다고?   바로 국민의짐에 들어가는  건  너무 속보일테니까.

결국 야권 단일 후보를 노리는 수순인 거
펼범한 일반 국민은  윤짜장의 속셈을
다 알고 있다."
"[뉴스하이킥] ""김종인·윤석열 사전 교감 있었다, 선거 후 제3정당 꾸릴 듯""",2021-03-08 19:17:00,jinsa,2021-03-08 20:09:00,도데체 검찰개혁 검찰개혁 거리는데 어떻게 하는게 검찰개혁이냐?  검찰을 없애면 개혁이냐?  검찰개혁의 실체를 말해봐라!
"[뉴스하이킥] ""김종인·윤석열 사전 교감 있었다, 선거 후 제3정당 꾸릴 듯""",2021-03-08 19:17:00,빛나라,2021-03-08 21:19:00,"말같지  않는 소리 작작해라
검찰개혁이 제대로 뭔지나 알고 지꺼려라
무지랭이..정신차려라"
"[뉴스하이킥] ""김종인·윤석열 사전 교감 있었다, 선거 후 제3정당 꾸릴 듯""",2021-03-08 19:17:00,골밑은전쟁터다,2021-03-08 22:35:00,180석 무소불위나 개혁하시지
"[뉴스하이킥] ""김종인·윤석열 사전 교감 있었다, 선거 후 제3정당 꾸릴 듯""",2021-03-08 19:17:00,카리스,2021-03-09 06:29:00,"본인이 말하는검찰개혁은 뭘까?
답변바람"
"[뉴스하이킥] ""김종인·윤석열 사전 교감 있었다, 선거 후 제3정당 꾸릴 듯""",2021-03-08 19:17:00,가인,2021-03-08 19:22:00,짜장 권력 이용해서  여당과 대통령 때리면서 자기정치 준비해왔구나 범죄인
"[뉴스하이킥] ""김종인·윤석열 사전 교감 있었다, 선거 후 제3정당 꾸릴 듯""",2021-03-08 19:17:00,어게인,2021-03-08 22:07:00,국민의힘ㆍ윤석열ㆍ오세훈ㆍ나경원ㆍ홍준표ㆍ주호영ㆍ국민의힘ㆍ국민들은지지합니다ㅡ
"[뉴스하이킥] ""김종인·윤석열 사전 교감 있었다, 선거 후 제3정당 꾸릴 듯""",2021-03-08 19:17:00,골밑은전쟁터다,2021-03-08 22:40:00,ㅋㅋ 박그네랑 이명박 때려 처넣을때랑 완전 평가가 다르구나.. ㅋㅋㅋ 니얼굴에 가래침을 콰악
"[뉴스하이킥] ""김종인·윤석열 사전 교감 있었다, 선거 후 제3정당 꾸릴 듯""",2021-03-08 19:17:00,udd,2021-03-08 19:20:00,"윤석렬이 국민의심당에 딱 맞는 대권후보긴하다ㅋㅋ

이넘들 이명박근혜를 왜 대통령 후보한줄아냐?

노무현이나 문제인처럼 신념있고 똑똑하면서 청렴해서 흠이 없으면 지들은 뒤에서 못해먹거던

이명박근혜처럼 욕심에 멍청하고 거짓말을 밥먹듯해야 지들도 그걸 약점잡아서 뒤로 해먹어도 안쫒겨나
뭣같아도 국민들에게 이미지만 좋으면 되거던ㅋ

결론은 국민의심당 넘들이 뒤로 해먹어도 모른척해주고 나눠먹을수 있는 더러운넘이 최고란거지ㅋ

윤석렬이 니들 후보론 딱이다ㅋ
근데 윤가넘은 호스티스출신 쥴리부터 장모까지 역길게 넘 많아서 힘들거같은데..ㅋㅋ"
"[뉴스하이킥] ""김종인·윤석열 사전 교감 있었다, 선거 후 제3정당 꾸릴 듯""",2021-03-08 19:17:00,지동,2021-03-08 19:23:00,추잡의극치같다
"[뉴스하이킥] ""김종인·윤석열 사전 교감 있었다, 선거 후 제3정당 꾸릴 듯""",2021-03-08 19:17:00,daebal221,2021-03-08 19:36:00,"결국  국짐당과 짜고
정권 수사 했다는  뜻이네"
"[뉴스하이킥] ""김종인·윤석열 사전 교감 있었다, 선거 후 제3정당 꾸릴 듯""",2021-03-08 19:17:00,인연,2021-03-08 19:42:00,역겹다...퉤이!
"[뉴스하이킥] ""김종인·윤석열 사전 교감 있었다, 선거 후 제3정당 꾸릴 듯""",2021-03-08 19:17:00,박 준,2021-03-08 19:45:00,"천인공노할 만행을 저지른 냉전극우
군사반란괴뢰군 집단서식지 당나라당과
 
70년간
朝鮮 朝氏 세뇌당한 냉동냉혈 동물흉악범 ㅡ
朝鮮大本營  朝氏16쌍둥이들

조중동 
조일베 
조개검 
朝석열 
조두순 
조주빈 
조국짐
朝교안
조광훈 
조희팔 
조현천 
조철수 
朝세훈 
조경영
조경원 
조경욱
조원진"
"[뉴스하이킥] ""김종인·윤석열 사전 교감 있었다, 선거 후 제3정당 꾸릴 듯""",2021-03-08 19:17:00,쥬디,2021-03-08 19:58:00,신천지에서~
"[뉴스하이킥] ""김종인·윤석열 사전 교감 있었다, 선거 후 제3정당 꾸릴 듯""",2021-03-08 19:17:00,그러므로,2021-03-08 20:00:00,시나리오 쓰고있네. 대선전까지 제3야당 꾸려서 중도층인척 표 모으다가 대선 직전에 단일화 발표. 너구리 김종인 멧돼지 윤석열 엑스트라 국짐당. 너무 철지난 저질 삼류 스토리네 우웩~
"[뉴스하이킥] ""김종인·윤석열 사전 교감 있었다, 선거 후 제3정당 꾸릴 듯""",2021-03-08 19:17:00,수,2021-03-08 20:03:00,그럴듯
"[뉴스하이킥] ""김종인·윤석열 사전 교감 있었다, 선거 후 제3정당 꾸릴 듯""",2021-03-08 19:17:00,hunha,2021-03-08 20:10:00,빨찌산들  열받것네
"[뉴스하이킥] ""김종인·윤석열 사전 교감 있었다, 선거 후 제3정당 꾸릴 듯""",2021-03-08 19:17:00,파이프라인,2021-03-08 20:21:00,혜안이  있으시네..  ㅋ ㅋ  만만해야   이용 해먹기  좋지..
"[뉴스하이킥] ""김종인·윤석열 사전 교감 있었다, 선거 후 제3정당 꾸릴 듯""",2021-03-08 19:17:00,2002노무현을 2022이재명으로,2021-03-08 20:28:00,"윤석열이 국짐당에 들어가는 순간 이용당하고 버려진다.
이건 팩트다.
김종인은 반드시 그렇게 할꺼야^^

안철수하고 손잡으면 어떨가 싶긴한데...
그럼 국민의 당같은 것과 손잡아서 뭐가 되기는 하겠어?^^
이것도 웃긴다구!!"
"[뉴스하이킥] ""김종인·윤석열 사전 교감 있었다, 선거 후 제3정당 꾸릴 듯""",2021-03-08 19:17:00,시냇물,2021-03-08 20:42:00,지난 4월 총선 결과 180석의 거대여당이 생겼다. 윤석렬이 7개월 동안 골통짓으로 정국을 주도하며 대권후보까지  바라보던 시기 진정한 국민의 민심이었다.
"[뉴스하이킥] ""김종인·윤석열 사전 교감 있었다, 선거 후 제3정당 꾸릴 듯""",2021-03-08 19:17:00,이안2,2021-03-08 21:09:00,반기문이나 황교안의 뒤를 밟지않을까?
"[뉴스하이킥] ""김종인·윤석열 사전 교감 있었다, 선거 후 제3정당 꾸릴 듯""",2021-03-08 19:17:00,정의수호,2021-03-08 21:09:00,공감
"[뉴스하이킥] ""김종인·윤석열 사전 교감 있었다, 선거 후 제3정당 꾸릴 듯""",2021-03-08 19:17:00,KOBE,2021-03-08 21:42:00,일베보수의 영웅!!!
"[뉴스하이킥] ""김종인·윤석열 사전 교감 있었다, 선거 후 제3정당 꾸릴 듯""",2021-03-08 19:17:00,티에스,2021-03-08 21:55:00,10000프로 동감
"[뉴스하이킥] ""김종인·윤석열 사전 교감 있었다, 선거 후 제3정당 꾸릴 듯""",2021-03-08 19:17:00,윤이,2021-03-08 22:12:00,도대체 문똘만이들 머리속에는 뭐가 있는걸까?
"[뉴스하이킥] ""김종인·윤석열 사전 교감 있었다, 선거 후 제3정당 꾸릴 듯""",2021-03-08 19:17:00,마리아치,2021-03-08 23:15:00,국짐당압잽이노릇
"[뉴스하이킥] ""김종인·윤석열 사전 교감 있었다, 선거 후 제3정당 꾸릴 듯""",2021-03-08 19:17:00,천사,2021-03-08 23:57:00,아이고. 참이늙은 나보다 더 못하네 이나라가  지금 제대로냐 ?똑똑 ㅋㅋ
"[뉴스하이킥] ""김종인·윤석열 사전 교감 있었다, 선거 후 제3정당 꾸릴 듯""",2021-03-08 19:17:00,지평등관,2021-03-09 00:31:00,빙고~~~~
"[뉴스하이킥] ""김종인·윤석열 사전 교감 있었다, 선거 후 제3정당 꾸릴 듯""",2021-03-08 19:17:00,여나,2021-03-09 03:50:00,"추잡한 인간들끼리
잘 만난 거지요
저런 것들한테 이 나라정치를 맡겨요?
노인네들 정말 답없다"
"[뉴스하이킥] ""김종인·윤석열 사전 교감 있었다, 선거 후 제3정당 꾸릴 듯""",2021-03-08 19:17:00,여나,2021-03-09 03:54:00,"김대중 닉네임 쓰는 애는 댓글알바 같아요.
한 기사에 똑같은 댓글을 두 개 이상 안 써서 스팸 신고 안받으려 애쓰고
욕설 없이 가짜뉴스 남발하고요.
그러면서 매번 댓글 끝에는 박근혜 때가 그립다는 말을 꼭 붙이더라고요. 알바의 전형이죠.
캡처해서 신고해 보려고요."
"[뉴스하이킥] ""김종인·윤석열 사전 교감 있었다, 선거 후 제3정당 꾸릴 듯""",2021-03-08 19:17:00,♧♤◇,2021-03-09 05:48:00,박정희.전두환.이명박의 안좋은것들만 모아서 만들면?
"[뉴스하이킥] ""김종인·윤석열 사전 교감 있었다, 선거 후 제3정당 꾸릴 듯""",2021-03-08 19:17:00,UKBLUE,2021-03-09 06:36:00,"윤석열처럼 정치하려고 검찰에 몸담고 있는 검사들이 꽤 있을 것으로 예상한다.
만약 자신들이 검찰에서 수사한 정치인들의 약점을 정치에 이용하는  쓰레기 같은 정치인이 나오지 않기를 바랍니다."
"[뉴스하이킥] ""김종인·윤석열 사전 교감 있었다, 선거 후 제3정당 꾸릴 듯""",2021-03-08 19:17:00,김상철,2021-03-08 19:25:00,수준미달 모자리들 끼리끼리 잘논다. 에레이
"[뉴스하이킥] ""김종인·윤석열 사전 교감 있었다, 선거 후 제3정당 꾸릴 듯""",2021-03-08 19:17:00,언덕배기,2021-03-08 20:23:00,mbc  mbc  mbc  mbc . mbc  죽이 합의  죽통
"[뉴스하이킥] ""김종인·윤석열 사전 교감 있었다, 선거 후 제3정당 꾸릴 듯""",2021-03-08 19:17:00,햇살가득,2021-03-08 19:23:00,"모든 것을 짜고 쳤다고?

정치를 워한 술수를 부렸다고
석열이는 가능하지 간악한 놈.
조국은 이런 뻔뻔함이 없는 것이 문제지
국민들이 의를 알아 줘야하는데."
"[뉴스하이킥] ""김종인·윤석열 사전 교감 있었다, 선거 후 제3정당 꾸릴 듯""",2021-03-08 19:17:00,나눔,2021-03-08 19:37:00,"윤석열씨 나름 정당성이 있다고 지지했는데
뭐  꼰대 영감과 사전교감 제3지대?
그런사람과 같이 시작한다니 당신도 별볼일 없구려 ᆢ  수구보수  꼰대영감과  허  참 ᆢ"
"[뉴스하이킥] ""김종인·윤석열 사전 교감 있었다, 선거 후 제3정당 꾸릴 듯""",2021-03-08 19:17:00,happy,2021-03-08 20:29:00,그동안 국민의힘에서 코치를 했나 보네요.
"[뉴스하이킥] ""김종인·윤석열 사전 교감 있었다, 선거 후 제3정당 꾸릴 듯""",2021-03-08 19:17:00,정훈98615,2021-03-08 20:48:00,"김종인  헛다리짚엇군
   윤석열  마누라  김건희  비리드러나서  소환당할텐데  뭔대통?
   윤석열사퇴는  마누라비리 드러나서  사퇴한거임
  며칠전  소환한다는등  보도낫엇는데  놓친사람들  많나보군
   범죄입증됏데자나   3월달이 공소시효 만료니  조만간 소환하겟지"
"[뉴스하이킥] ""김종인·윤석열 사전 교감 있었다, 선거 후 제3정당 꾸릴 듯""",2021-03-08 19:17:00,멋져,2021-03-08 21:00:00,그래서 국민의힘당 윤 갑근이 죄을 감추다 개망신당하고 구속됏는데 사과도 없이 줄행랑
"[뉴스하이킥] ""김종인·윤석열 사전 교감 있었다, 선거 후 제3정당 꾸릴 듯""",2021-03-08 19:17:00,파도,2021-03-08 23:07:00,"공무원이 정치를 했다고?
범죄혐의 추가요."
"[뉴스하이킥] ""김종인·윤석열 사전 교감 있었다, 선거 후 제3정당 꾸릴 듯""",2021-03-08 19:17:00,빼앗긴들에봄이왔다,2021-03-09 02:15:00,간악하고도 무식한놈
"[뉴스하이킥] ""김종인·윤석열 사전 교감 있었다, 선거 후 제3정당 꾸릴 듯""",2021-03-08 19:17:00,호우,2021-03-08 19:22:00,육갑들 떨고있네.
"[뉴스하이킥] ""김종인·윤석열 사전 교감 있었다, 선거 후 제3정당 꾸릴 듯""",2021-03-08 19:17:00,지킴이,2021-03-08 19:49:00,나라 물에 말아서 삼키실분들. 아닐까한다.
"[뉴스하이킥] ""김종인·윤석열 사전 교감 있었다, 선거 후 제3정당 꾸릴 듯""",2021-03-08 19:17:00,GrayH,2021-03-08 20:31:00,딱 적절한 표현 이시네요
"[뉴스하이킥] ""김종인·윤석열 사전 교감 있었다, 선거 후 제3정당 꾸릴 듯""",2021-03-08 19:17:00,선한사마리아인,2021-03-08 20:45:00,"ㅋ

추호께서 연세가 있으시니.

먼저 해 먹고, 차기는 춘장이 해먹고..

이렇게 합니까??"
"[뉴스하이킥] ""김종인·윤석열 사전 교감 있었다, 선거 후 제3정당 꾸릴 듯""",2021-03-08 19:17:00,자연산,2021-03-08 21:50:00,"육갑은 점잖은 말씀이네요
꼴깝 떨고 있네 이래야지요?"
"[뉴스하이킥] ""김종인·윤석열 사전 교감 있었다, 선거 후 제3정당 꾸릴 듯""",2021-03-08 19:17:00,오오둘둘,2021-03-08 19:25:00,"이게 사실이면  범법자 수사 처벌에
전력을기울려야 할 인긴이  어뚱한짓거리
하고 다넜네  참네   국민들을 억수로
화나게 하는인간이네"
"[뉴스하이킥] ""김종인·윤석열 사전 교감 있었다, 선거 후 제3정당 꾸릴 듯""",2021-03-08 19:17:00,Chimera,2021-03-09 06:30:00,"그냥~그러려니하고 생각
순간의 인기는 오래 가지를 못 하는법"
"[뉴스하이킥] ""김종인·윤석열 사전 교감 있었다, 선거 후 제3정당 꾸릴 듯""",2021-03-08 19:17:00,bluehero,2021-03-08 19:25:00,"떡열이 식구들은 처벌 안받나?

수백억대 사기건은 있는데.. 가해자는 어딨나?

."
"[뉴스하이킥] ""김종인·윤석열 사전 교감 있었다, 선거 후 제3정당 꾸릴 듯""",2021-03-08 19:17:00,화광동진,2021-03-08 22:09:00,"동화할아버지는 짜장면 좋아하지...
왜? 앞에서 끌어주고 뒤에서 밀어주니까"
"[뉴스하이킥] ""김종인·윤석열 사전 교감 있었다, 선거 후 제3정당 꾸릴 듯""",2021-03-08 19:17:00,황테라,2021-03-08 23:30:00,"떡렬이 딱 와닿네
춘장떡렬선생"
"[뉴스하이킥] ""김종인·윤석열 사전 교감 있었다, 선거 후 제3정당 꾸릴 듯""",2021-03-08 19:17:00,WookyungHa,2021-03-08 19:23:00,부패 척결을 위해서는 수사청을 별도로 설립해서 중대범죄는 신속하고 철저히 수사 해야 합니다. 개검들이 지네들 무소불위 권력을 지킬려고 발광을하고 개혁을 저지 할려고 발악입니다.
"[뉴스하이킥] ""김종인·윤석열 사전 교감 있었다, 선거 후 제3정당 꾸릴 듯""",2021-03-08 19:17:00,윤이,2021-03-08 22:11:00,부패는 맨위에 있는데 우짜노...
"[뉴스하이킥] ""김종인·윤석열 사전 교감 있었다, 선거 후 제3정당 꾸릴 듯""",2021-03-08 19:17:00,까비,2021-03-09 00:38:00,"검찰이  검떡이라는것을 유감없이 입중한  윤사단,
이제 그들의  언어도단  철면피로 무장한   폭력을   막아야죠"
"[뉴스하이킥] ""김종인·윤석열 사전 교감 있었다, 선거 후 제3정당 꾸릴 듯""",2021-03-08 19:17:00,까비,2021-03-09 10:38:00,"그러게말입니다
민주시스템정부  검찰 독립시켰더니
지들이 왕노릇   칼춤에 자폭하며  미쳐가네요"
"[뉴스하이킥] ""김종인·윤석열 사전 교감 있었다, 선거 후 제3정당 꾸릴 듯""",2021-03-08 19:17:00,푸른진달래,2021-03-08 19:22:00,이러다가는 호텔 룸싸롱에서 접대나 하던 것이 영부인 되겠습니다
"[뉴스하이킥] ""김종인·윤석열 사전 교감 있었다, 선거 후 제3정당 꾸릴 듯""",2021-03-08 19:17:00,구김당 로고는 일장기,2021-03-08 19:25:00,나가요  영부인?
"[뉴스하이킥] ""김종인·윤석열 사전 교감 있었다, 선거 후 제3정당 꾸릴 듯""",2021-03-08 19:17:00,동동주,2021-03-08 19:28:00,"ㅋㅋㅋ
것이~"
"[뉴스하이킥] ""김종인·윤석열 사전 교감 있었다, 선거 후 제3정당 꾸릴 듯""",2021-03-08 19:17:00,인선,2021-03-08 19:38:00,"그럴리가요
국민이 ㄸㄹㅇ도 아닌데"
"[뉴스하이킥] ""김종인·윤석열 사전 교감 있었다, 선거 후 제3정당 꾸릴 듯""",2021-03-08 19:17:00,ahah,2021-03-08 19:40:00,오호통재라~~~
"[뉴스하이킥] ""김종인·윤석열 사전 교감 있었다, 선거 후 제3정당 꾸릴 듯""",2021-03-08 19:17:00,보헤미안,2021-03-08 19:46:00,쥴리  노ㆍ노
"[뉴스하이킥] ""김종인·윤석열 사전 교감 있었다, 선거 후 제3정당 꾸릴 듯""",2021-03-08 19:17:00,미나,2021-03-08 19:47:00,"쥴 리 
앙대여~~~~~"
"[뉴스하이킥] ""김종인·윤석열 사전 교감 있었다, 선거 후 제3정당 꾸릴 듯""",2021-03-08 19:17:00,이기사,2021-03-08 19:48:00,대박 이게 팩튼가?
"[뉴스하이킥] ""김종인·윤석열 사전 교감 있었다, 선거 후 제3정당 꾸릴 듯""",2021-03-08 19:17:00,팔공산,2021-03-08 20:03:00,? 나가요?
"[뉴스하이킥] ""김종인·윤석열 사전 교감 있었다, 선거 후 제3정당 꾸릴 듯""",2021-03-08 19:17:00,안졸리냐 쥴리,2021-03-08 20:03:00,저요?
"[뉴스하이킥] ""김종인·윤석열 사전 교감 있었다, 선거 후 제3정당 꾸릴 듯""",2021-03-08 19:17:00,허공같이_,2021-03-08 20:04:00,".

쥴 리 와     멧 돼 지 의

눈 물 겨 운     사 랑   ???

ㅎㅎㅎㅎ"
"[뉴스하이킥] ""김종인·윤석열 사전 교감 있었다, 선거 후 제3정당 꾸릴 듯""",2021-03-08 19:17:00,소보루,2021-03-08 20:04:00,그러게요쥴리
"[뉴스하이킥] ""김종인·윤석열 사전 교감 있었다, 선거 후 제3정당 꾸릴 듯""",2021-03-08 19:17:00,타나드,2021-03-08 20:06:00,"청와대가 사기꾼 소굴이 되어
막강 권력으로 국민을 사기로 발라 먹겠네
사기치지 못하고 정직, 근면으로 산 내인생이 억울하다
국민을 정신적으로 고문하고 피폐하게 만들고 
오로지 범죄만이 살길이기에 식칼들고 뛰쳐나가 이놈 푹 저놈 푹

에헤라 디요~@$#@"
"[뉴스하이킥] ""김종인·윤석열 사전 교감 있었다, 선거 후 제3정당 꾸릴 듯""",2021-03-08 19:17:00,열혈청년,2021-03-08 20:07:00,오~마~이~갓!!!
"[뉴스하이킥] ""김종인·윤석열 사전 교감 있었다, 선거 후 제3정당 꾸릴 듯""",2021-03-08 19:17:00,nitpicker,2021-03-08 20:07:00,아이들에게 꽃뱀의 희망을 가르치나
"[뉴스하이킥] ""김종인·윤석열 사전 교감 있었다, 선거 후 제3정당 꾸릴 듯""",2021-03-08 19:17:00,상상그이상,2021-03-08 20:11:00,이럴수가
"[뉴스하이킥] ""김종인·윤석열 사전 교감 있었다, 선거 후 제3정당 꾸릴 듯""",2021-03-08 19:17:00,무위,2021-03-08 20:18:00,32프로 지지율? 그거 야권 후보 몇명 뺀 조사자나 ㅋㅋ 멍청아 그런 훼이크에 속냐
"[뉴스하이킥] ""김종인·윤석열 사전 교감 있었다, 선거 후 제3정당 꾸릴 듯""",2021-03-08 19:17:00,tigoo,2021-03-08 20:34:00,"그럴리가요
돈 워리~~~"
"[뉴스하이킥] ""김종인·윤석열 사전 교감 있었다, 선거 후 제3정당 꾸릴 듯""",2021-03-08 19:17:00,앗싸리,2021-03-08 20:38:00,"대에에박~
동서식품인줄 알았는데
접속무비월드 였다니
짜장면이 돈이 궁해도 엄청 궁했나보네"
"[뉴스하이킥] ""김종인·윤석열 사전 교감 있었다, 선거 후 제3정당 꾸릴 듯""",2021-03-08 19:17:00,불비불명,2021-03-08 20:46:00,팩트~~!!!
"[뉴스하이킥] ""김종인·윤석열 사전 교감 있었다, 선거 후 제3정당 꾸릴 듯""",2021-03-08 19:17:00,용마루,2021-03-08 20:50:00,ㅋ 클날네.
"[뉴스하이킥] ""김종인·윤석열 사전 교감 있었다, 선거 후 제3정당 꾸릴 듯""",2021-03-08 19:17:00,Terra,2021-03-08 20:54:00,기나 고동이나.
"[뉴스하이킥] ""김종인·윤석열 사전 교감 있었다, 선거 후 제3정당 꾸릴 듯""",2021-03-08 19:17:00,라미라미야,2021-03-08 21:39:00,"상상만해도 끔찍
가능성은 백퍼제로 입니다"
"[뉴스하이킥] ""김종인·윤석열 사전 교감 있었다, 선거 후 제3정당 꾸릴 듯""",2021-03-08 19:17:00,박진희,2021-03-08 21:45:00,"ㅋㅋㅋ
청량리출신도 영부인 될수있다는 이야기?"
"[뉴스하이킥] ""김종인·윤석열 사전 교감 있었다, 선거 후 제3정당 꾸릴 듯""",2021-03-08 19:17:00,solsol,2021-03-08 22:03:00,ㅋㅋㅋㅋ 코미디?
"[뉴스하이킥] ""김종인·윤석열 사전 교감 있었다, 선거 후 제3정당 꾸릴 듯""",2021-03-08 19:17:00,아놀드,2021-03-08 22:32:00,"만약 이지만 , 그리되면 

우리나라 국격은 

룸사롱 국격~~~~~ㅎㅎㅎㅎㅎ"
"[뉴스하이킥] ""김종인·윤석열 사전 교감 있었다, 선거 후 제3정당 꾸릴 듯""",2021-03-08 19:17:00,아놀드,2021-03-08 22:33:00,복부인 이순자도 ~~영부인 노릇했는데~~~~~ㅎㅎㅎㅎㅎㅎ
"[뉴스하이킥] ""김종인·윤석열 사전 교감 있었다, 선거 후 제3정당 꾸릴 듯""",2021-03-08 19:17:00,골밑은전쟁터다,2021-03-08 22:36:00,ㅉㅉㅉ 접대하는 사람은 영부인 하면 안되는구나.. 웃긴다 진짜.. 차별도 하네 더듬이들.. 박원순이 성범죄자야.. 그런넘이 시장하는건 괜찮냐??
"[뉴스하이킥] ""김종인·윤석열 사전 교감 있었다, 선거 후 제3정당 꾸릴 듯""",2021-03-08 19:17:00,powerkim,2021-03-08 22:42:00,나라 꼴 좋겠구먼요... ㅋ
"[뉴스하이킥] ""김종인·윤석열 사전 교감 있었다, 선거 후 제3정당 꾸릴 듯""",2021-03-08 19:17:00,정의수호,2021-03-08 22:50:00,최순실이 영부인되는꼴~~
"[뉴스하이킥] ""김종인·윤석열 사전 교감 있었다, 선거 후 제3정당 꾸릴 듯""",2021-03-08 19:17:00,오뚜기,2021-03-08 22:53:00,아..이제사 쥴리를 알앗네 ㅋㅋㅋ 그런거였어요???
"[뉴스하이킥] ""김종인·윤석열 사전 교감 있었다, 선거 후 제3정당 꾸릴 듯""",2021-03-08 19:17:00,황테라,2021-03-08 23:14:00,"먹고 살려고 했겠지
불쌍한 홀어머니 부양하러 나오는 사람도 있더라구요"
"[뉴스하이킥] ""김종인·윤석열 사전 교감 있었다, 선거 후 제3정당 꾸릴 듯""",2021-03-08 19:17:00,황테라,2021-03-08 23:22:00,"영부인감도 걱정이지만
대통령 뽑는데
장모까지 신경쓰게 될 줄은 상상도 못했어요
이건 뭐 후진국도 아니고~"
"[뉴스하이킥] ""김종인·윤석열 사전 교감 있었다, 선거 후 제3정당 꾸릴 듯""",2021-03-08 19:17:00,백연옥,2021-03-08 23:37:00,"진짜요??
어휴 망측해라!"
"[뉴스하이킥] ""김종인·윤석열 사전 교감 있었다, 선거 후 제3정당 꾸릴 듯""",2021-03-08 19:17:00,VanDamme,2021-03-08 23:40:00,ㅎㅎㅎ... 대박이네요
"[뉴스하이킥] ""김종인·윤석열 사전 교감 있었다, 선거 후 제3정당 꾸릴 듯""",2021-03-08 19:17:00,땅따먹기,2021-03-08 23:56:00,접대나 하던것이라는 표현은 쫌....
"[뉴스하이킥] ""김종인·윤석열 사전 교감 있었다, 선거 후 제3정당 꾸릴 듯""",2021-03-08 19:17:00,봄날은온다,2021-03-09 00:17:00,쥴리?????
"[뉴스하이킥] ""김종인·윤석열 사전 교감 있었다, 선거 후 제3정당 꾸릴 듯""",2021-03-08 19:17:00,까비,2021-03-09 00:40:00,"믿고싶지  않은건지 모르는건지,  
아직도  사나이 윤이라고 칭송파들이 있네요"
"[뉴스하이킥] ""김종인·윤석열 사전 교감 있었다, 선거 후 제3정당 꾸릴 듯""",2021-03-08 19:17:00,삼각산,2021-03-09 01:14:00,쥴리  영부인이 나오십니다 ~!
"[뉴스하이킥] ""김종인·윤석열 사전 교감 있었다, 선거 후 제3정당 꾸릴 듯""",2021-03-08 19:17:00,MIRU,2021-03-09 01:14:00,쥴리인감??
"[뉴스하이킥] ""김종인·윤석열 사전 교감 있었다, 선거 후 제3정당 꾸릴 듯""",2021-03-08 19:17:00,이 진균,2021-03-09 01:27:00,아직도 이런 날파리가  세상을 어지럽히네  너의 말에 책임질날 있겠지
"[뉴스하이킥] ""김종인·윤석열 사전 교감 있었다, 선거 후 제3정당 꾸릴 듯""",2021-03-08 19:17:00,가을바람,2021-03-09 02:07:00,"이게 뭐냐면
석열이 여론조사에서 오세출 안철수 빠졌어요
왜냐?
석열이표 잡아 먹을사람 빼고 조사해서 착시로 올라갔음

다시 말하자면
이재명이 여론조사에서 이낙연아 빼고 조사하면
이재명이 약 48%정도 올라감

ㅎㅎㅎ"
"[뉴스하이킥] ""김종인·윤석열 사전 교감 있었다, 선거 후 제3정당 꾸릴 듯""",2021-03-08 19:17:00,준혁forever,2021-03-09 02:42:00,이댓을 본 줄리는 가슴이 설레입니당~
"[뉴스하이킥] ""김종인·윤석열 사전 교감 있었다, 선거 후 제3정당 꾸릴 듯""",2021-03-08 19:17:00,닉네임을 등록해 주세요,2021-03-09 03:11:00,유명한 줄리
"[뉴스하이킥] ""김종인·윤석열 사전 교감 있었다, 선거 후 제3정당 꾸릴 듯""",2021-03-08 19:17:00,여나,2021-03-09 03:49:00,"쥴리도 살아온 게 더럽지만
윤짜장은 더 더러워요"
"[뉴스하이킥] ""김종인·윤석열 사전 교감 있었다, 선거 후 제3정당 꾸릴 듯""",2021-03-08 19:17:00,고산을가다,2021-03-09 05:26:00,그렇게 쉽게? 택도 없습니다
"[뉴스하이킥] ""김종인·윤석열 사전 교감 있었다, 선거 후 제3정당 꾸릴 듯""",2021-03-08 19:17:00,궁예,2021-03-08 19:25:00,전두환 같은 놈에게 빌붇냐
"[뉴스하이킥] ""김종인·윤석열 사전 교감 있었다, 선거 후 제3정당 꾸릴 듯""",2021-03-08 19:17:00,잠비,2021-03-08 21:19:00,추장관 부하 ㅋㅋㅋ
"[뉴스하이킥] ""김종인·윤석열 사전 교감 있었다, 선거 후 제3정당 꾸릴 듯""",2021-03-08 19:17:00,바겐바,2021-03-08 22:31:00,"좌빨에
죽어가는  이나라  
바로 잡아 주길바래"
"[뉴스하이킥] ""김종인·윤석열 사전 교감 있었다, 선거 후 제3정당 꾸릴 듯""",2021-03-08 19:17:00,골밑은전쟁터다,2021-03-08 22:35:00,그럼 김정은 같은 놈한테 빌붇냐??
"[뉴스하이킥] ""김종인·윤석열 사전 교감 있었다, 선거 후 제3정당 꾸릴 듯""",2021-03-08 19:17:00,멀티비타민,2021-03-09 00:44:00,이때까지 정치한거 맞네  정치검챨
"[뉴스하이킥] ""김종인·윤석열 사전 교감 있었다, 선거 후 제3정당 꾸릴 듯""",2021-03-08 19:17:00,빼앗긴들에봄이왔다,2021-03-09 02:13:00,지 장모 마누라 측근들 감싸느라 저지를 죄값을 안받으려면 대권주자가 되어야 하니 여기 저기 간보기 이놈은 검찰주의자도 아니었음
"[뉴스하이킥] ""김종인·윤석열 사전 교감 있었다, 선거 후 제3정당 꾸릴 듯""",2021-03-08 19:17:00,Rocky Balboa,2021-03-08 19:23:00,검찰수장으로써 자신의 정치발판을 위해서 악의적인 정치수사를 했다는거잫아 처벌을 받아라
"[뉴스하이킥] ""김종인·윤석열 사전 교감 있었다, 선거 후 제3정당 꾸릴 듯""",2021-03-08 19:17:00,정의수호,2021-03-08 21:11:00,"표창장이  전정권부패보다 심한가요??
표창장이 장모 잔고증명서300억으로 사기치고.
동업자 감방보내고,돈뺏고,그것보더 나쁜건가요?
극우들 계산법 희안하넹?ㅋㅋㅋ"
"[뉴스하이킥] ""김종인·윤석열 사전 교감 있었다, 선거 후 제3정당 꾸릴 듯""",2021-03-08 19:17:00,내가제일자나가,2021-03-08 21:44:00,남 비방할시간  당신이나 돌아 보시면 어쩔지 그런다 문통 찌레기  라도 던져 줄까요?
"[뉴스하이킥] ""김종인·윤석열 사전 교감 있었다, 선거 후 제3정당 꾸릴 듯""",2021-03-08 19:17:00,바라보면,2021-03-08 22:03:00,역대 최악의 제왕적 정치검사
"[뉴스하이킥] ""김종인·윤석열 사전 교감 있었다, 선거 후 제3정당 꾸릴 듯""",2021-03-08 19:17:00,중도,2021-03-08 22:57:00,"증도다...뢍교안 대타냐? 나는 홍즌표가 좋아보이던대..
한우믈만 파잖아.....힘당의  영원하누대선주자감.."
"[뉴스하이킥] ""김종인·윤석열 사전 교감 있었다, 선거 후 제3정당 꾸릴 듯""",2021-03-08 19:17:00,강감찬,2021-03-09 03:25:00,박정희 살아난줄~~아마도 조심스럽게 예견하는데  니들 등에 칼꽂은 넘은 니들 주변일것 같다.
