﻿제목,날짜,작성자,작성일,댓글
"""차기 대선 후보 적합도 윤석열 31.2%, 이재명 24.1%"" [KSOI]",2021-04-26 10:33:00,프라*,2021-04-28 07:49:55,"대깨문들 대갈이좀 깨져보니 이제는 이재명이냐?
모르면 좀 처물고 살어
니네들 땜에 나라 말아 처먹기 일보직전이야"
"""차기 대선 후보 적합도 윤석열 31.2%, 이재명 24.1%"" [KSOI]",2021-04-26 10:33:00,명기.*,2021-04-26 16:02:45,이재명이답이다~~문재앙은각성해라~~
"""차기 대선 후보 적합도 윤석열 31.2%, 이재명 24.1%"" [KSOI]",2021-04-26 10:33:00,명기.*,2021-04-26 15:58:11,윤석렬???말도않되는걸 언론플레이나하고 이재명이답이다~~문재앙정신차려라~~
"""차기 대선 후보 적합도 윤석열 31.2%, 이재명 24.1%"" [KSOI]",2021-04-26 10:33:00,서정*,2021-04-26 15:17:15,"야당 자투래기 다 합치면 46%

여당 합치면 40%가 안되네..

설마 했는데, 짜장이 왕이될 상인가?

짜장 대통령되면... 이민가야지... 병신들이 득세하는 나라.."
"""차기 대선 후보 적합도 윤석열 31.2%, 이재명 24.1%"" [KSOI]",2021-04-26 10:33:00,김병*,2021-04-26 13:40:32,"ㅋㅋ 놀고들 있네.. 이노무 언론.. 빨리 잡아야 하는데..
윤석열이 대권을 잡으면 박,전.. 전혀 뒤지지않는 탄압 거시기가 될거다..
절대 안된다.. 장난치지마라"
차기 대선주자 선호도 윤석열 32%·이재명 23.8%·이낙연 9.0%,2021-05-03 09:46:00,박현*,2021-05-10 19:55:20,윤석렬은 굴곡이 심하네... 그에 비해 이재명은 꾸준히 상위권이고. 2500명 조사는 어느 지역에 치중하느냐에 따라 많은 차이를 보일 텐데. 그리고 여론조사라며 전화 오는데 그게 받아주는 사람 이제 거의 없다. 40대인 나도 그냥 끊는다. 그거 받아서 조사 참여하는 연령층 알만 하지? 정작 투표하면 저건 무조건 이재명 당선이야...
차기 대선주자 선호도 윤석열 32%·이재명 23.8%·이낙연 9.0%,2021-05-03 09:46:00,강영*,2021-05-04 16:55:08,윤석렬이는 장모 마누라 사기사건 무마로 감빵가야 할것 같은데..
차기 대선주자 선호도 윤석열 32%·이재명 23.8%·이낙연 9.0%,2021-05-03 09:46:00,이현*,2021-05-04 11:53:52,"윤석렬 대선판에서 처가 가족들 비리 까발려지겠구나

의혹이네 수사중이네 무혐의네 그런건 의미없다

검찰때 니들이 하던 언플로 한번 당해봐라

대선 끝까지 완주하길 간절히 소망한다"
차기 대선주자 선호도 윤석열 32%·이재명 23.8%·이낙연 9.0%,2021-05-03 09:46:00,3495780*,2021-05-03 18:36:22,"윤석열·김정숙·문재인이 박원순 살해 혐의로 입건돼 범죄 피의자가 됐다

박원순 사인은 전신이 허공에 매달린 질식사(목 졸림)다 이때 심장 박동이 정지되면 중력 작용으로 혈액이 몸 아래쪽 모세혈관 내로 침강하면서 자줏빛 반점이 시체의 손끝 발끝 다리 아래쪽에 생긴다 그러나 시신에는 반점이 뒷덜미 허리 등 허벅지에 나타나 있다 즉 타살된 뒤 옮겨진 것이다
https://blog.naver.com/cnamsung/222170443857"
차기 대선주자 선호도 윤석열 32%·이재명 23.8%·이낙연 9.0%,2021-05-03 09:46:00,박현*,2021-05-10 19:56:25,멍멍?
차기 대선주자 선호도 윤석열 32%·이재명 23.8%·이낙연 9.0%,2021-05-03 09:46:00,한은*,2021-05-11 01:30:31,"태극기 부대 대원이신거 같은데 선은 지키세요.
너무 흉합니다. 부끄러운줄 아세요."
차기 대선주자 선호도 윤석열 32%·이재명 23.8%·이낙연 9.0%,2021-05-03 09:46:00,전경*,2021-05-03 15:34:01,결혼전이라고 치자 공모를 같이 했다고 트집잡는것도 아니고 제대로 수사를 해달라는 얘기 그럼 떳떳하잖아
"[한국갤럽] ""대선주자 선호도 이재명 25%, 윤석열 22%""",2021-05-07 11:17:00,3495780*,2021-05-07 19:32:50,"윤석열·김정숙·문재인이 박원순 살해 혐의로 입건돼 범죄 피의자가 됐다

박원순 사인은 전신이 허공에 매달린 질식사(목 졸림)다 이때 심장 박동이 정지되면 중력 작용으로 혈액이 몸 아래쪽 모세혈관 내로 침강하면서 자줏빛 반점이 시체의 손끝 발끝 다리 아래쪽에 생긴다 그러나 시신에는 반점이 뒷덜미 허리 등 허벅지에 나타나 있다 즉 타살된 뒤 옮겨진 것이다
https://blog.naver.com/cnamsung/222170443857"
"[한국갤럽] ""대선주자 선호도 이재명 25%, 윤석열 22%""",2021-05-07 11:17:00,최재*,2021-05-07 12:14:51,영부인 후보 선호도는 없나? 쥴리가 몇 등인고?
대선주자 지지도 윤석열 우세…격차는 조사기관마다 엇갈려,2021-04-19 10:34:00,유영*,2021-04-19 17:40:53,그냥 하지마!~~~~~~
대선주자 지지도 윤석열 우세…격차는 조사기관마다 엇갈려,2021-04-19 10:34:00,김귀*,2021-04-19 16:41:19,"떡렬이 비호감도 1위~ 조만간 503호 옆으로 갈 범죄자가 무슨 1위~
기레기들이 아직도 쪽쪽 빨아주는구만~ 언론개혁만이 답이다~"
대선주자 지지도 윤석열 우세…격차는 조사기관마다 엇갈려,2021-04-19 10:34:00,4861922*,2021-04-19 16:07:48,우리 국민들이 아직도 덜 정신차렸나? 그렇게 당하고도.. 윤석열이라니..
대선주자 지지도 윤석열 우세…격차는 조사기관마다 엇갈려,2021-04-19 10:34:00,허은*,2021-04-19 16:02:46,"윤짜장 제발 대선에 나와서 장모, 마누라 탈탈 털어봅시다..더도말고 더도 말고 조국 장관 청문회 할때처럼 낱낱이 털어보자구요~
정말 조국 수사 엉터리로 해놓고 대선 나온다고??
정말 저 인간을 지지하는 국민들이 있따는게 부끄러울 따름임!!!"
대선주자 지지도 윤석열 우세…격차는 조사기관마다 엇갈려,2021-04-19 10:34:00,박종*,2021-04-19 15:21:55,"다음 세대들에게 부끄럽습니다.
사죄드립니다~ㅠ"
'복당 선언'하며 윤석열·이재명에 '직격탄',2021-05-10 20:53:00,김정*,2021-05-14 06:50:56,홍준표 입당은 당연한거지만 홍전대표도 막말은 아니지만 거친표현은 자제할 필요가있다. 입당도 하기전에 야권후보 ㅣ위 윤석열을 조폭리더쉽등 흡짐내는 발언으로 당을분열시키고 야권지지자을 실망시키는 언행은 사과해야한다.
'복당 선언'하며 윤석열·이재명에 '직격탄',2021-05-10 20:53:00,조대*,2021-05-11 23:15:49,역시 왜구당답네...일본 자민당이 저러지 지들 불리하거나 이용할 때 사죄하고 머리를 숙이고 돌아서서 위안부는 거짓이고 독도는 일본땅이라고...국짐당 이것들은 심심하면 광주가서 이미지 세탁하고 서울가서 518망언하고....
'복당 선언'하며 윤석열·이재명에 '직격탄',2021-05-10 20:53:00,3495780*,2021-05-11 02:13:21,"문재인의 친모는 가짜였다
https://blog.naver.com/cnamsung/222170443857"
'복당 선언'하며 윤석열·이재명에 '직격탄',2021-05-10 20:53:00,김영*,2021-05-11 00:57:23,그렇게 518 반대하더니 이제와서
'복당 선언'하며 윤석열·이재명에 '직격탄',2021-05-10 20:53:00,Spin Hol*,2021-05-10 22:48:31,구관이 명관이라는 말은 정치판에선 통하지 않는다.
"홍준표 ""윤석열은 날치기 공부…이재명은 양아치짓부터 사과해야""",2021-05-10 15:53:00,박현*,2021-05-10 19:50:27,"ㅋㅋ 결국 전부 다 잘못 되었고 자기가 대통령 감이라고 말하고 싶은 저 심정 누가 모를까.
홍준표가 도지사 되고 한 일이 뭔 줄 알아요? 예산 낭비라면서 의료원부터 없애려 했지요. 홍준표 대통령 되면 대한민국에 의료원이 남게 될까요? 의료 민영화 안 되면 다행이죠. 서민 노인들? 비싼 돈 주고 병원 가야 할 거고 그 마저도 돈이 없으면 그냥 죽어야겠죠? 폐지 주워서 병원 갈 돈도 없이 차디 찬 방바닥에서 죽어가겠죠?
그 미래...노인이 되어갈 당신은 바랍니까?"
"[정참시] 김용판의 윤석열 공개 저격…""적폐청산 행동대장 사과해""",2021-04-28 21:03:00,임광*,2021-05-05 11:18:25,누가누가 더 썩나 경쟁하냐?
"[정참시] 김용판의 윤석열 공개 저격…""적폐청산 행동대장 사과해""",2021-04-28 21:03:00,최용*,2021-05-02 10:18:23,"똑같은 악질 범죄자들...
너희 둘다 국민의 암덩어리들이다..."
"김종인 ""새로운 꿈틀이가 대통령 될 수도…윤석열 기다리지 않아""",2021-05-06 18:30:00,3495780*,2021-05-06 18:49:42,"윤석열·김정숙·문재인이 박원순 살해 혐의로 입건돼 범죄 피의자가 됐다

박원순 사인은 전신이 허공에 매달린 질식사(목 졸림)다 이때 심장 박동이 정지되면 중력 작용으로 혈액이 몸 아래쪽 모세혈관 내로 침강하면서 자줏빛 반점이 시체의 손끝 발끝 다리 아래쪽에 생긴다 그러나 시신에는 반점이 뒷덜미 허리 등 허벅지에 나타나 있다 즉 타살된 뒤 옮겨진 것이다
https://blog.naver.com/cnamsung/222170443857"
"""윤석열, 고해성사부터""…야당 내 첫 공개 비판",2021-04-29 06:13:00,김익*,2021-04-30 23:44:25,"윤석열은 이지구 없어져야할 사람이다
죄없이 피해를 주고"
"""윤석열, 고해성사부터""…야당 내 첫 공개 비판",2021-04-29 06:13:00,toran a*,2021-04-30 20:57:05,"윤짜장은 저질 국민이다. 이런 인간을 지지하는 인간들은 윤석열과 똑같은 눈을 가지고 있다. 모두 국김당과 보수꼴통 태극기부대가 윤짜장과 같은 눈높이와 지성과 이성을 가지고 있다.. 대한민국은 이미 이러한 인간들은 폐품으로 인정되었고 다수결로 이끌어가는 민주주의에서는 이미 나가리 인간부류로 그냥 죄값을 치러라... 빨리 우리나라가 공정해지려면 나경원, 박덕흠, 전봉민, 검사들 모두 서민과 같이 똑같이 압색당하고 기소당하고 6개월이나 처벌하는 것이 가능해야 진정한 선진국이 되는 거다.. 빨리 바꿔라. 민주당 180석아.."
"""윤석열, 고해성사부터""…야당 내 첫 공개 비판",2021-04-29 06:13:00,황선*,2021-04-29 17:48:11,윤짜장은 집에 있게 둬라. 아무쩍에도 쓸모가 없다.개검들이 정치하면 제대로 될 일이 없다.
"""윤석열, 고해성사부터""…야당 내 첫 공개 비판",2021-04-29 06:13:00,3495780*,2021-04-29 11:20:28,"윤석열·김정숙·문재인이 박원순 살해 혐의로 입건돼 피의자가 됐다

박원순 사인은 전신이 허공에 매달린 질식사(목 졸림)다 이때 심장 박동이 정지되면 중력 작용으로 혈액이 몸 아래쪽 모세혈관 내로 침강하면서 자줏빛 반점이 시체의 손끝 발끝 다리 아래쪽에 생긴다 그러나 시신에는 반점이 뒷덜미 허리 등 허벅지에 나타나 있다 즉 타살된 뒤 옮겨진 것이다
https://blog.naver.com/cnamsung/222170443857"
"""윤석열, 고해성사부터""…야당 내 첫 공개 비판",2021-04-29 06:13:00,박숙*,2021-04-29 10:41:01,윤총장 박근혜대통령 구속 이재용구속 ~~문재인에게 정권을 넘기는데 큰힘을 실어 주는데 크게 기여했는데 그리고 그공으로 총장직 까지~~문제인에게 은혜를 갚아야죠~~우파는 아닌듯
"김용판 ""윤석열 과거 수사 고해성사해야…그래야 대권 가능""",2021-04-28 10:50:00,최용*,2021-04-29 14:32:36,"똑같은 악질 범죄자가...
너희 둘다 국민의 암덩어리들이다..."
"주호영, 내일 당 대표 경선 출마 공식 선언",2021-05-09 19:17:00,고숙*,2021-05-09 22:13:24,주호영 대구것 욕심도 많내.
[정참시] '흘러간 물' 팔공산만 올라 VS '철부지들' 뒷산만 다녀,2021-05-13 21:01:00,이상*,2021-05-14 11:27:25,"이준석이 처음엔 신선했는데 박근혜대통령 탄핵때 찬성하고 탈당한거보고 아니라고 느꼈다.
리더는 미래에 대한 희망도 있어야지만 하늘이 무너져도 듬직한 냉정함도 있어야한다.
너무 젊어서 그런가 가볍게 느껴진다."
"이태규 ""김종인, 윤석열 통한 집권기획 잘 안 되니 짜증""",2021-04-23 11:06:00,Justso*,2021-04-23 23:08:06,"이태규 씨,
안철수 개인 따까리질을 온전히 하고 싶다면,
세비 받아 처먹는 의원질은 포기하는 게 도리
아닌가."
"원희룡 ""중도 지지 얻을 수 있는 후보는 바로 나""",2021-05-12 13:22:00,hongs*,2021-05-12 14:40:54,"신라젠으로드러난, 윤석열 의 정체; 사기탄핵의 주범 이고, 문정권 의 똘만이 충견 !.
이재명 킬러 윤희숙 이 대권 잡는다 ! *윤희숙; 대한민국 대통령 후보 추천 ,　국민의힘당 대표로추천, 대한민국 보수 우파 여러분 ! *윤희숙 -vs- 최재형-vs-윤석열 , 누구를 대통령 으로 원하십니까 ? *윤희숙; 대한민국 대통령 후보 추천 ,　국민의힘당 대표로추천합니다 ! 　*윤희숙 은 , 세계 정치 경제의중심지 뉴-욕의, 세계명문대학 컬럼비아 대학교 경제학 박사 , * 한국최고 엘리트들의 집산지KDI 국제정책대학원 교수 출신 , 　　　* 제21대 국회의원(서울 서초구 갑) 　서울대학교 경제학 학사, 석사, * 여 야 막논하고 대한민국의 호프 윤희숙　, 거물출현 ! *참신한 윤희숙 의원 , 국민의힘 당대표에 출마하는 패기 와 자신감 능력 ! *박근혜탄핵 과 무관한 신세대 인물입니다 . *윤석열 은 박근혜 엉터리 탄핵의 핵심수사요원이엇다!. 즉 2016년 12월 ~ 2017년 5월, 박근혜 정부의 국정농단을위한, 박영수 특별검사팀장밑에서 국정농단 박근혜 의 탄핵 핵심을 찾아내는 수사팀장 , 박근혜 엉터리탄핵으로 수사한 핵심수사요원 이다. *손석희는 JTBC 사장으로 고영태와함께 국정농단을 조작, 엉터리기사 기사공장역활 의 핵심인물이다. *Charles Kim、4월 27일 오전 7:16 •공유 게시의요지, (글 : 강석두 / 포항공대 교수) (사진 : 역사에 기록 될 두 남자 /법조대표 윤석열 전검찰총장 과 엉터리언론대표 손석희 JTBC 사장)

https://www.*****be.com/watch?v=GnzIYT66vV4&t=1s"
"정세균, 다음달 초 대선출마 예고…""경제 전문성 차별화""",2021-04-21 09:38:00,강영*,2021-05-04 17:00:10,이재명이 있는데 정총리는좀 약해요
"정세균, 다음달 초 대선출마 예고…""경제 전문성 차별화""",2021-04-21 09:38:00,5524274*,2021-04-21 11:07:56,"* 확실한 백신은------

〈 전 도 〉
** 윔(主, LORD) 야수아를 믿으면 하늘나라 --- ↑
안 믿으면 지옥 ----- ↓

** 윔(主, LORD) 야수아를 믿어라, 그러하면 너와 네 가족이 건져질 것이다. (행 16:31)

* 그 말씀을 믿고 따르는 이들에게는 윔(主, LORD)님의 베풂이 있을 것입니다.

* 사람을 보고 야수아를 믿지 말고, 야수아를 보고 야수아를 믿으십시요."
"정세균, 다음달 초 대선출마 예고…""경제 전문성 차별화""",2021-04-21 09:38:00,허*,2021-04-21 10:32:17,거.. 되도 않는 얘기 하지 말고 조용히 계세요. 박수칠때 가만히 있는것도 상책 인겁니다.
"정세균, 다음달 초 대선출마 예고…""경제 전문성 차별화""",2021-04-21 09:38:00,조주*,2021-04-21 10:12:46,무슨..................그냥 현재의 위치를 지켜라.. 그정도가 딱이다...
"[정참시] 홍준표 ""위아래도 없이 막가""…""선배님 보고 배워""",2021-05-10 21:05:00,*,2021-05-13 18:01:43,멍멍
[정참시] '미미한' 이재명?…'우려봇' 이낙연?,2021-05-11 21:01:00,김명*,2021-05-12 14:29:07,"차기대통령은 이낙연이다. 오직 이낙연
품격의정치! 어떠한 경우라도 막말하는 대통령은 원하지도 바라지도 않는다.
오직 이낙연만을 적극 지지하고 응원합니다."
[정참시] '미미한' 이재명?…'우려봇' 이낙연?,2021-05-11 21:01:00,김*,2021-05-12 14:14:09,"우리의 선택은 이낙연뿐*
이재명지사와 비교불가~
내삶을 지켜주는 나라
이낙연이 함께합니다"
"권성동 ""윤석열, 대권 생각하는건 다 아는 사실…국민의힘 들어올 것""",2021-04-22 09:35:00,박기*,2021-04-23 21:06:03,"검찰총장지낸분이
언론등에떠밀러 대통령후보적합도
생쇼하네
검찰총장이 그런자리야
라임사태 무협의하더니
대폭발 이런것도 제대로 수사안했잖아
불리하면 협의없음 감싸기 수사아니더냐
앞으로 여론조사 아무나 넣지말라"
"권성동 ""윤석열, 대권 생각하는건 다 아는 사실…국민의힘 들어올 것""",2021-04-22 09:35:00,861955*,2021-04-23 11:16:16,권성동은 강원랜드 재수사 해라...
"권성동 ""윤석열, 대권 생각하는건 다 아는 사실…국민의힘 들어올 것""",2021-04-22 09:35:00,박기*,2021-04-22 20:34:25,"라임사태도 방관했던자다
그가 총장으로 재질할때
무협의가
시간지나 거대한 사기사건
제대로 처히못한것 검찰이 반성하지않는다"
"권성동 ""윤석열, 대권 생각하는건 다 아는 사실…국민의힘 들어올 것""",2021-04-22 09:35:00,폴드모*,2021-04-22 12:11:06,"거기 들어가면 좋겠다. 범죄자들 소굴이니 들어가면 딱이긴 하다!!
들어가면 김종인하고 홍발정 생지랄하겠네"
"권성동 ""윤석열, 대권 생각하는건 다 아는 사실…국민의힘 들어올 것""",2021-04-22 09:35:00,이세*,2021-04-22 11:01:35,뭔 개소리여.. 왈왈..멍멍
"이낙연, 경선연기론에 ""당이 빠른 시일내에 정리해야""",2021-05-10 09:58:00,3495780*,2021-05-10 11:02:47,"윤석열·김정숙·문재인이 박원순 살해 혐의로 입건돼 범죄 피의자가 됐다

박원순 사인은 전신이 허공에 매달린 질식사(목 졸림)다 이때 심장 박동이 정지되면 중력 작용으로 혈액이 몸 아래쪽 모세혈관 내로 침강하면서 자줏빛 반점이 시체의 손끝 발끝 다리 아래쪽에 생긴다 그러나 시신에는 반점이 뒷덜미 허리 등 허벅지에 나타나 있다 즉 타살된 뒤 옮겨진 것이다
https://blog.naver.com/cnamsung/222170443857"
[정참시] 요동치는 민심…이재명과 윤석열의 선택은?,2021-04-08 21:00:00,????최재*,2021-04-09 19:51:40,짜장이 짜장하네..
"'한수 알려달라' 찾아온 김웅에…김종인 ""자기 정치 하라""",2021-05-07 16:54:00,Justso*,2021-05-07 23:50:23,"29만원 짜리 살인마에게 넙죽 큰 절을 하며
존경의 시선을 노치 안턴 인간 원희롱이나,
뇌물 전과자며 정치마담인 인간 김종인에게
멘토역을 준 인간 김웅이, 어쩜 한 치 차이도
없이 닮앗냐??

나훈아가 담 뽕짝 콘써트에서 관중이나 시청자
들에게 이러케 외쳐야 한다.
""원희롱이나 김웅 같은 대가리 하나 조케 잘 타고난
놈들이 *위대한 한국*을 만들거나 구하는 게 아니라
묵묵히 우직하게 열심히 자기 일을 하는 민초들""에
의해서다.

틀렷냐??"
"'한수 알려달라' 찾아온 김웅에…김종인 ""자기 정치 하라""",2021-05-07 16:54:00,hongs*,2021-05-07 18:59:17,"이재명 킬러 윤희숙 이 대권 잡는다 ! *윤희숙; 대한민국 대통령 후보 추천 ,　국민의힘당 대표로추천, 대한민국 보수 우파 여러분 ! *윤희숙 -vs- 최재형-vs-윤석열 , 누구를 대통령 으로 원하십니까 ? *윤희숙; 대한민국 대통령 후보 추천 ,　국민의힘당 대표로추천합니다 ! 　*윤희숙 은 , 세계 정치 경제의중심지 뉴-욕의, 세계명문대학 컬럼비아 대학교 경제학 박사 , * 한국최고 엘리트들의 집산지KDI 국제정책대학원 교수 출신 , 　　　* 제21대 국회의원(서울 서초구 갑) 　서울대학교 경제학 학사, 석사, * 여 야 막논하고 대한민국의 호프 윤희숙　, 거물출현 ! *참신한 윤희숙 의원 , 국민의힘 당대표에 출마하는 패기 와 자신감 능력 ! *박근혜탄핵 과 무관한 신세대 인물입니다 . *윤석열 은 박근혜 엉터리 탄핵의 핵심수사요원이엇다!. 즉 2016년 12월 ~ 2017년 5월, 박근혜 정부의 국정농단을위한, 박영수 특별검사팀장밑에서 국정농단 박근혜 의 탄핵 핵심을 찾아내는 수사팀장 , 박근혜 엉터리탄핵으로 수사한 핵심수사요원 이다. *손석희는 JTBC 사장으로 고영태와함께 국정농단을 조작, 엉터리기사 기사공장역활 의 핵심인물이다. *Charles Kim、4월 27일 오전 7:16 •공유 게시의요지, (글 : 강석두 / 포항공대 교수) (사진 : 역사에 기록 될 두 남자 /법조대표 윤석열 전검찰총장 과 엉터리언론대표 손석희 JTBC 사장)"
11개월 남은 대선시계…대선주자 손익계산서는?,2021-04-08 20:06:00,이연*,2021-04-09 14:16:15,이낙연 ....아~두통이야
11개월 남은 대선시계…대선주자 손익계산서는?,2021-04-08 20:06:00,4886280*,2021-04-08 21:44:35,"박근혜 이명박 사면론으로 집토끼도 다 놓치고 징벌적 손해배상은 흐지부지, 언론개혁은 손도 안 대, 검찰 개혁은 우물쭈물 어영부영 당하기만 하니 민주당 지지하던 사람들도 돌아서기 십상이다. 조국 추미애 방어는 하나도 하지 않고 다들 제몸 사리거나 살짝 배반한 놈들까지 생겨나고 있으니 이런 당을 어떻게 믿고 지지하겠는가! 그런 사이에 진짜 사깃꾼들은 상처를 이용하여 암덩이처럼 한 자리씩 꿰어차고 있으니... 다시 고질병이 재발한 것 같다. 한국사회 아직 멀었다."
"이태규 ""안철수, 야권 대선후보 경선에서 빠지면 흥행 안 될 것""",2021-04-19 10:36:00,Justso*,2021-04-19 12:08:00,"이태규,

정치의 첫발을 민주당에서 시작한 이후에
수 많은 정당을 네 입맛에 따라 갈아타며, 결국
안철수의 충실한 내시로 안착하더니, 부끄럼을
모르고 아부로 안달이 났구나.

골이 없는 무뇌충인 건 짐작햇지만, 꼴에 상전을
모시는 자세는 길거리 똥개가 부러워할 만하다.

혹시,
집구석에 들어가면, 여편네외 새끼들이 네 쌍판을
유심히 보지 않던......??

그 많은 인재를 서슴없이 내치던 안철수가 왜 너깉은
무노충을 옆에 끼고 잇는 지, 이제야 감이 온다.

ㅋㅋㅋㅋ"
"김종인 ""국민의힘에 절대 안 가…윤석열도 국민의힘 안 갈 것""",2021-04-13 19:17:00,윤성*,2021-04-13 23:10:49,안초딩입니꽉
"김종인 ""윤석열, 만나보고 대통령감이면 도울 수도‥그때 판단""",2021-04-09 08:31:00,閔庚*,2021-04-09 13:42:51,종인아 그만해라 너그 조상업고 마이 묵엇다아이가ㅉ
"조응천 ""말 잘 듣는 검찰 원한다는 법무장관, 당황스럽다""",2021-04-24 16:14:00,김천*,2021-04-26 12:45:35,박범계도 역시 대깨문
"조응천 ""말 잘 듣는 검찰 원한다는 법무장관, 당황스럽다""",2021-04-24 16:14:00,이병*,2021-04-25 10:19:51,커밍아웃하는 거냐? 나가라서 해라.
"조응천 ""말 잘 듣는 검찰 원한다는 법무장관, 당황스럽다""",2021-04-24 16:14:00,김덕*,2021-04-24 18:02:04,"검찰 줄신들은 검찰당으로 가라.

검찰의기생 국민의짐 원내대표 검찰출신 강원랜드의 전설 권선동이 되고

당대표는 검찰의 기생 오라비 김웅이 되고

황교활이 검찰의 기생당 고문 하면 딱 된다.

너도 빨리 가라."
"이낙연, '윤석열 정치 행로' ""그리 순탄한 길 아닐 것""",2021-04-01 10:46:00,최인*,2021-04-01 12:11:06,표창장 받으 사람들은 껌찰로....
"이낙연, '윤석열 정치 행로' ""그리 순탄한 길 아닐 것""",2021-04-01 10:46:00,동효*,2021-04-01 12:04:16,"남 신경 쓰지 말고 할 일이나 좀 하세요
긴급한 법안 처리는 뒷전이고 ...
듣자하니 내부에서 반대하는 자 들이 꽤 있다던데
그래서 지지부진 한거요? 이마당에 협치 타령하는 자들은 전부 나가라고 해야지
속 터지네..."
"이낙연, '윤석열 정치 행로' ""그리 순탄한 길 아닐 것""",2021-04-01 10:46:00,Arthur Meande*,2021-04-01 11:57:34,자기 이야기 아닌가 싶다...낙옆.
"이낙연, '윤석열 정치 행로' ""그리 순탄한 길 아닐 것""",2021-04-01 10:46:00,2944717*,2021-04-01 11:28:34,근혜 누나 석방에나 힘쓰세요!
"이낙연, '윤석열 정치 행로' ""그리 순탄한 길 아닐 것""",2021-04-01 10:46:00,김영*,2021-04-01 11:27:00,"잘못된것은 분명히 바로잡고 고칠것은 고처야함에도
강건너 불구경하듯이 말만 앞세 우고있으니 저들과
똑같은 거이아닌가 똑바로해라"
"유승민 ""윤석열, 국민의힘과 합칠 수밖에 없을 것""",2021-03-29 10:42:00,이기*,2021-03-29 13:24:00,"너나잘해 이말도 아까워
관심끌지마"
"유승민 ""윤석열, 국민의힘과 합칠 수밖에 없을 것""",2021-03-29 10:42:00,3935575*,2021-03-29 12:52:54,뭐지..네이버가 이상해
"유승민 ""윤석열, 국민의힘과 합칠 수밖에 없을 것""",2021-03-29 10:42:00,김영*,2021-03-29 12:16:43,"검찰총장 끌여드려서 간판세우려는 유승민.,.......그렇게 인물이없냐.....윤석열꼬셔서 정치해라.,.....
탈탈털리고 명예도없이 남은여생 살아가다 끝난다.....윤석열이용가치없으면 반기문처럼 버릴거지???
"""
"유승민 ""윤석열, 국민의힘과 합칠 수밖에 없을 것""",2021-03-29 10:42:00,별당머*,2021-03-29 11:26:26,윤총장 입당하는순간부터는 망하는순서가될터 유념하시길
"유승민 ""윤석열, 국민의힘과 합칠 수밖에 없을 것""",2021-03-29 10:42:00,우연*,2021-03-29 11:16:27,"셀프 추천인거야?
승민아? ㅋㅋㅋ"
[정참시] 이재명의 작심 반성문…'민생개혁'으로 차별화?,2021-04-20 21:04:00,7491951*,2021-04-25 09:23:02,"이재명지사는 더검증이 필요하지 않을까
그리고 문재인통령은 보다적극적으로 국정현안들에 입장 표명을
해야하지 않을까 큰기대를 하지는 않지만 왜내가 이렇게 문통에게
등을 돌리려고하는지...
그리고 김종인노인네 말대로 국민의힘은 속이텅빈당이다 국민의 눈을 가리는 옛 새누리당 일수박에 저들의 한계가 아닐까
윤석열 지금움직일때가 아니라고본다"
[정참시] 이재명의 작심 반성문…'민생개혁'으로 차별화?,2021-04-20 21:04:00,황성*,2021-04-24 22:11:53,"국민의 짐은 나쁜 것들 집합소
더불어 찌질당은 등시니들 집합소"
[정참시] 이재명의 작심 반성문…'민생개혁'으로 차별화?,2021-04-20 21:04:00,황성*,2021-04-24 22:16:39,"찌질한 놈들이 집권하면 찌질한 놈들도 해 처먹고 나쁜 놈들은 더 해처먹는다.

결론 :
국민들 입장에서는 차라리 한 조직한테 당하는 것이 낫다.
40년 민주당 지지를 접고 싶다.ㅠㅠ

이재명이 열린 민주당과 신당창설하면 좋겠다."
[정참시] 이재명의 작심 반성문…'민생개혁'으로 차별화?,2021-04-20 21:04:00,Jay Ki*,2021-04-23 13:58:33,"""문재인 대통령님께서 말씀하신 것에 답이 있습니다. *부동산으로 돈을 벌 수 없게 하겠다*라고 하는 데에 모든 답이 들어 있습니다. 실주거용이 아닌 돈을 벌기 위한 수단이라면 이건 투자 또는 투기수단이기 때문에 사회적 부작용에 상응하는 제재를 가하는 게 맞습니다."" 이 말씀 참 마음에 듭니다 (문재인 부분만 빼면)"". 이렇게만 생각하고 행동 했으면 참 쉬운 일을 약속 못 지키는 것은 그렇다 치고 어쩌다 누구도 원하지 않는 누더기 부동산 법을 만들었을까요? 거기다 뻑하면 이랬다 저랬다..."
[정참시] 이재명의 작심 반성문…'민생개혁'으로 차별화?,2021-04-20 21:04:00,김홍*,2021-04-21 14:59:38,역시 이재명지사님 최고다... 정말 대통령이 되어야 합니다.
주호영·안철수 회동…야권 대통합 시동?,2021-04-10 07:11:00,고숙*,2021-04-11 01:28:03,"깜도 못된것들이 , 주제좀 알고 살거라, 잡탕이 돼는순간 풍지박산난다."
이재명 대선주자 선호도 23.6%로 1위 유지…이낙연·윤석열 2위,2021-03-01 10:07:00,hongs*,2021-03-01 12:56:17,"지금 한국에서 여론조사믿는사람 있을까!?

참고 : 윤석열 은 박근혜 탄핵을 합법화하는 핵심수사요원이엇다!. 즉 2016년 12월 ~ 2017년 5월박근혜 정부의 국정농단 의혹 규명을위한, 박영수 특별검사팀장밑에서 국정농단핵심을 밣이는 수사팀장 으로 수사한 인물이다.
박근혜 엉터리탄핵은, 2016년12월~2017년5월까지박영수 특별검사팀의 수사도끝나기전에 , 2016년 12월 9일 오후 4시 10분에 탄핵소추안이 국회에서 가결, 2017년 3월 10일, 헌법재판소 가결하여, 박근혜는 대통령직에서 파면되었다.

박근혜 탄핵의 주모자 핵심수사요원 윤석열을, 보수계의 대통령후보로 추천하는이유는, 현실적으로 문재인 대통령 과 추미에 법무장관의 압력에 잘 버텨내는 능력자 이기때문이다.
1, 문재인 대통령의 최측근?의 조국부부의 부조리를 파혜처서 올바로처리했다는것
2, 청와대의 직권남용을 파혜치기위해서 청와대의 울산시장 선거 개입 의혹과 유재수 감찰 무마 사건등 청와대를 수사했다는것.
3, 권력수사 차단을위해서, 윤석열 참모진을 완전 해체’하는 검찰인사는, 추미애 법무장관이 문재인 대통령의 재가를 받아 단행했다?. 이같은 수사방해이자 직권남용에의해서, 윤석열 검찰총장의 참모들이 단 한 명 예외 없이 좌천됐다. 심각한 것은 수사 대상자들이 앞장서서 수사팀을 해체한 점이다. 인사를 주도한 추미애 법무장관과 청와대 민정수석실 비서관들은 검찰 수사 대상이다. 추 장관은 사건당시 민주당 대표였다. 그후 최후까지 윤석열은 문재인대통령과 추미에 법무장관의 압력에 잘 버텨낸 능력자 이기때문이다. 현재 비정상적인 국정을 바로잡을것을 기대하여, 걸어보자는 것이다 !."
이재명 대선주자 선호도 23.6%로 1위 유지…이낙연·윤석열 2위,2021-03-01 10:07:00,이현*,2021-03-03 08:13:11,틀니딱딱 사회의암
이재명 대선주자 선호도 23.6%로 1위 유지…이낙연·윤석열 2위,2021-03-01 10:07:00,hongs*,2021-03-01 12:43:26,"한국사람중에 여론조사믿는사람 몇이나될까!?

국민의51%가넘는보수계(保守界) 의 차기 대통령후보를 누구를 추천하시겠읍니까 !?
다음은 필자 본인 의 추천인물 : *반기문 *조원진 *윤석열 *김관진 *김진태 *김문수 *이정현 *우병우 . 추천된 후보자들이 공평하게경쟁하여, 보수계내 와 국민전체 의 지지자들을 합게해 최종적으로, 보수계단일(單一)대통령 후보자로 추대한다 !.

참고 : *반기문은 대한민국의 제7대 외교통상부 장관을 역임한 외교관이자 제8대 유엔 사무총장이다, 충청북도 음성군 원남면 출신이다.
출생: 1944년 6월 13일 (76세),
*조원진은 대한민국의 정치인이다. 우리공화당의 홍문종 의원과 공동 당대표로서의 3선 국회의원이었다. 2016.08~2016.12 새누리당 최고위원
출생: 1959년 1월 7일 (62세), 대한민국 대구광역시 성당동
* 윤석열은 대한민국의 제43대 검찰총장이다.
출생: 1960년 12월 18일 (60세), 서울특별시 서대문구 연희동에서 태어났다.
*김관진, (71세) 육군대장 예편, 이명박 박근혜 정부 제43대 국방부 장관,
박근혜 정부, 국가안보실장 역임
* 김진태는 대한민국의 검사 출신 법조인이자 제19•20대 국회의원인 정치인이다.
출생: 1964년 10월 13일 (56세), 대한민국 춘천시
* 김문수는 대한민국의 노동운동가 출신의 정치인이다. 제15•16•17대 국회의원과 제32•33대 경기도지사를 지냈다.
출생: 1951년 8월 27일 (69세), 대한민국 영천시
* 이정현　：동국대학교 정치외교학과 겸임교수、　청와대 정무수석
새누리당 최고위원 새누리당 대표 역임
출생　: 　1958년 10월 13일 (62세) 대한민국 전라남도 곡성군 목사동면
*우병우는 대한민국의 검사 출신 법조인　신념 과 불굴의 투지의사나이,
박근혜 정부 제4대 민정수석비서관을 지냈다.
출생: 1967년 1월 28일 (54세), 대한민국 봉화군

https://www.*****be.com/watch?v=x9tIs41iJnI&t=20s"
이재명 대선주자 선호도 23.6%로 1위 유지…이낙연·윤석열 2위,2021-03-01 10:07:00,????최재*,2021-03-01 19:19:25,쓰레기들을 정리해 놓으셨네??
이재명 대선주자 선호도 23.6%로 1위 유지…이낙연·윤석열 2위,2021-03-01 10:07:00,이현*,2021-03-03 08:11:58,틀니딱딱 사회의암 계층
이재명 대선주자 선호도 23.6%로 1위 유지…이낙연·윤석열 2위,2021-03-01 10:07:00,12402555*,2021-03-01 11:12:31,윤씨가 15%? 잘하면 호스티스 출신 영부인 나오겠다. 당신이 윤씨를 지지한다면 당신은 대한민국에서 15% 안에 드는 무식한 사람임을 인정하고 싶진 않겠지만 인정해야 한다.
이재명 대선주자 선호도 23.6%로 1위 유지…이낙연·윤석열 2위,2021-03-01 10:07:00,1962906*,2021-03-01 10:48:07,나라가 망해도 나만 대통령하면 그만
이재명 대선주자 선호도 23.6%로 1위 유지…이낙연·윤석열 2위,2021-03-01 10:07:00,고숙*,2021-03-01 11:55:19,개
이재명 대선주자 선호도 23.6%로 1위 유지…이낙연·윤석열 2위,2021-03-01 10:07:00,임종*,2021-03-01 10:39:08,ㅋㅋ 짜장 홍표 새대 칠푼이 넘웃김
[국회M부스] 지지율 '따상' 윤석열 등장에 꿈틀대는 野 잠룡들,2021-03-09 10:47:00,재*,2021-03-17 12:23:08,막상 레이스 땅 하면 반기문짝 나지
[국회M부스] 지지율 '따상' 윤석열 등장에 꿈틀대는 野 잠룡들,2021-03-09 10:47:00,천*,2021-03-12 06:58:09,잠룡이라 하기엔ᆢ 아무나 후보내니 제 2의 박근혜 또 나올라ᆢ
[국회M부스] 지지율 '따상' 윤석열 등장에 꿈틀대는 野 잠룡들,2021-03-09 10:47:00,이창*,2021-03-09 17:57:51,윤씨꼭완주해라
[국회M부스] 지지율 '따상' 윤석열 등장에 꿈틀대는 野 잠룡들,2021-03-09 10:47:00,Sunhaeng Par*,2021-03-09 16:22:54,"유튜브에서 131270thebest를 검색시청하시면 신의 존재증명, ** 받는법, 천국 과 지옥, 축복 과 저주, 기도하는법, 요한계시록, 악의 존재이유, 최후의 심판, 이긴자와 144000, 정의, 유일신, 양심과 **, 성령 받는법 등등 설명을 들을 수 있습니다."
[국회M부스] 지지율 '따상' 윤석열 등장에 꿈틀대는 野 잠룡들,2021-03-09 10:47:00,천*,2021-03-12 06:59:23,성경이나 읽으세요ᆢ이상한 데 기웃거리지말고
[국회M부스] 지지율 '따상' 윤석열 등장에 꿈틀대는 野 잠룡들,2021-03-09 10:47:00,2944717*,2021-03-09 15:30:06,쓰레기 지
"[정참시] '윤석열 대통령' 팻말까지...""국민 선동 자중하라""",2021-03-03 21:04:00,유광*,2021-03-05 10:16:49,국민선동? 자기네들이 선동했는거 아닌가? 대구 시민 자율로 했는데 그게 국민 선동이다? 개가 웃을 일아닌가? 와 시장선거 대선 땜시 많이 쫄리는가베 잘하는데 이런일이 벌어졌을가 똥@ 했는××못된 성잘낸다는것 이런걸두고 하는말인 갑다 동내 강아지들 왈왈 하둣 주자들 씨끄럽게 짓고 있네요.
"[정참시] '윤석열 대통령' 팻말까지...""국민 선동 자중하라""",2021-03-03 21:04:00,정동*,2021-03-04 19:30:55,자장 환대해줄 대구를 찾아 계산된 행보를하더니 대권 요심밖에 더없다.
"[정참시] '윤석열 대통령' 팻말까지...""국민 선동 자중하라""",2021-03-03 21:04:00,이창*,2021-03-04 17:50:54,총장하지말고연예인했으면대성했을듯ㅉㅉ
"[정참시] '윤석열 대통령' 팻말까지...""국민 선동 자중하라""",2021-03-03 21:04:00,Won-Seok Gi*,2021-03-04 00:56:49,"어림도 없다.
처와 장모 꼬라지, 의리 없는 인간 꼬라지가
이회창 시즌2가 될 것이 불을 보듯 뻔하다.

앵커와 기자의 틀린 발음을 거듭 지적한다.
앵커와 기자는 틀린 발음을 교정하길 바란다.

윤석열의 한자 표기가 尹錫悅이다.
윤석열의 한자 표기가 尹錫烈이 아니다.

尹錫悅의 한글 표기는 윤석열이고
尹錫烈의 한글 표기는 윤석렬이다.

따라서

표기 {윤석열}의 바른 발음은 [윤서결]이고
표기 {윤석렬}의 바른 발음은 [윤성녈]이다.

국어 발음법칙상 표기 {윤석열}이 [윤성녈]로
발음되는 형태음소론적 조건이 전혀 없기 때문이다."
"[정참시] '윤석열 대통령' 팻말까지...""국민 선동 자중하라""",2021-03-03 21:04:00,이택*,2021-03-04 00:42:54,장모랑 마누라가보면 대통령 안돼것는데
"[정참시] 김종인 '독설'의 끝은 신당?…""언론의 작문"" / 위기의 민주당…누가 이끄나?",2021-04-15 21:01:00,구경*,2021-04-21 13:25:51,꺼져 라 ㄱ 1 8 ㅈㅋㅇ ㅋㅅㅋ
"[정참시] 김종인 '독설'의 끝은 신당?…""언론의 작문"" / 위기의 민주당…누가 이끄나?",2021-04-15 21:01:00,고숙*,2021-04-16 01:07:13,언론개혁은 필수다.
"[정참시] 김종인 '독설'의 끝은 신당?…""언론의 작문"" / 위기의 민주당…누가 이끄나?",2021-04-15 21:01:00,16974339*,2021-04-22 20:27:12,아따 우덜식 언론개혁은 우덜을 위한 우덜의 언론이랑께요ㅋㅋ
"[정참시] 김종인 '독설'의 끝은 신당?…""언론의 작문"" / 위기의 민주당…누가 이끄나?",2021-04-15 21:01:00,hongs*,2021-04-16 00:07:30,"김종인 황교안 오세훈 김무성 유승민 홍준피　심재철 주호영 나경원, 이들은 보수 우파가 아니고 , 중도혁신을 주장하는 종북좌파의 하수인역활 ;
* 황교안 김종인 의 음모 ; 동조자 오세훈　、 김무성 유승민 홍징표　심재철 주호영 나경원,탄핵주동자들 ,
* 1, 김종인 은 좌익 전라도당세력의 핵심인물 , 전라남도 광주시 광주서석초등학교 졸업 , 광주서중학교 졸업 , 광주제일고등학교출신 으로 , 국회의원 5기 5번 모두 민주당소속이엇다. 이러한전라도당 핵심 인물 김종인에게,국민의힘 당권을 넘겨준 황교안,
*2, 보수정당 전국민의51%이상 지지하는 박근혜 대통령 (새누리당 자유한국당 미레통 국민의힘)을 말살하려는가 !?
*3, 황교안은 죄없는 박근혜 대통렴 님이 부당하게탄핵된후 , 보수당의대표등, 보수계 당을장악한다음에 60명의 탄핵반대 국회의원들은 외면하고 , 탄핵주도 핵심뱀버 심재철 주호영 나경원 유승민 등을 당요직에등용한 황교안 , 배신자 2중인격 황교안 , 0.下의 저질,
* 황교안 걈종인 김무성 유승민 홍준피　오세훈 심재철 주호영 나경원의 간교하고 배신적인 야합을 전국민의 51%보수파가 용서할수가 없다 ! 황교안 이 김종인까지 합세, 그들은 보수 우파가 아니고 , 황당한 중도혁신을 가칭하는 종북좌파의 하수인역활；…
**당 창당 , 전국 보수우파의 지지를 모을수있는 우익 보수 의 핵심 , 최경환 等 탄핵반대 새누리당 60명 이넘는 국회의원들 ,민경욱 조원진 윤석열 황우여 우병우 이인제 서청원 홍문종 김문수 전광훈 김창중 이정현 박찬주 등等이 힘을합하여 , 진정한 국민이 원하는 전국민의 51%넘는 선명한 보수우파의 세력을 결집할수가있다 !.

https://www.facebook.com/photo?fbid=511033789879867&set=gm.4958778717525561"
"[정참시] 김종인 '독설'의 끝은 신당?…""언론의 작문"" / 위기의 민주당…누가 이끄나?",2021-04-15 21:01:00,고숙*,2021-04-16 01:05:59,그래도 니애ㅁ넌은 미역국 먹었을거나.
[정참시] 이해찬 등판에 野후보 우측으로…대선구도 염두?,2021-03-22 21:03:00,정태*,2021-03-23 01:57:38,오세훈이 미쳤구나. 윤짜장이 짬뽕이라는 것은 지나가는 개도 다 아는데. 윤짜장에 대해서 대통령이 지명해서 적폐청산 특수수사에 나서고 검찰이 못할테니 당연히 특검으로 해야할 터인데 그런 윤짜장을 써먹겠다고? 국민의힘은 적폐의힘이라는 것을 스스로 증명하는구나. ㅉㅉㅉ.
"윤여준 ""윤석열, 안철수와 달라…국민의힘 영입하면 당선 가능성 높아""",2021-03-17 10:34:00,황금*,2021-03-18 00:04:42,이놈이 모사꾼. 챌수 인생을 권력 탐욕자로 망쳐 놓고 썩열이도 망칠 준비 하는군 . 여튼 그점은 감사혀유.
"윤여준 ""윤석열, 안철수와 달라…국민의힘 영입하면 당선 가능성 높아""",2021-03-17 10:34:00,김태*,2021-03-17 19:40:01,"거건 윤여준이 생각이고
찍고 안찍는 국민들이한다
옛날 6ㅡ70년대생각하모 안된다
보수는 줄고 진보는널어나는대
아직 고무신 선거 생각인갑다"
"윤여준 ""윤석열, 안철수와 달라…국민의힘 영입하면 당선 가능성 높아""",2021-03-17 10:34:00,김천*,2021-03-17 11:41:40,"이런 늙다리 들이 대한민국을 말아먹는 주범들이다.
어른 대우를 받으려면 나이먹으면 먹을수록 주댕이는 닫고 주머니는 열어야한다.
아무때나 분별없이 기어나와 개소리 해대는 인간들을 이땅에서 아웃 시켜야 한다.
대한민국의 건강한 발전을 위한 조언은 용서 받을수 있다.
국민들 편가르기나 영양가 전혀 없는 개주절담은 이사회의 악이다."
"'계획된 사표' 윤석열, 정치인 출사표는?",2021-03-05 20:07:00,이*,2021-03-24 10:56:17,도대체가 언행 불일치에 논리가 빈약하고 공감능력이 몹시취약...검찰의 수장까지 했더라도 능력이라기 보다는 검찰이라는 조직자체가 어이없게도 허술하고 취약함 ! 문대통령 인사책임도 한 몫
"'계획된 사표' 윤석열, 정치인 출사표는?",2021-03-05 20:07:00,너하나로 충분*,2021-03-07 09:29:59,개 쓰레기 만도 못한놈 지들만 살려고 수장하는거냐 진작 떠났어야지 나라 시끄럽게 만들어놓고 암튼 양아치가 따로없다
"'계획된 사표' 윤석열, 정치인 출사표는?",2021-03-05 20:07:00,너하나로 충분*,2021-03-07 09:22:41,박근혜처럼 되겠지 검찰개혁도 못한 놈 ㅜㅜ 안철수 겉으로는 ㅋㅋ 속은 위기감 ㅋㅋ 경쟁상대니깐
"'계획된 사표' 윤석열, 정치인 출사표는?",2021-03-05 20:07:00,고숙*,2021-03-06 13:43:16,"정치개검 개썩럴이 선배검사 여자를 낚아챈넘, 돈많은 이건이 돈으로 뱃대기 채우다 돼지새끼 돼버렸내."
"'계획된 사표' 윤석열, 정치인 출사표는?",2021-03-05 20:07:00,김태*,2021-03-06 11:40:15,"그래바야 일장춘몽이다
봄에꾸는꿈은 개꿈이대다수다"
"[정치 맞수다] 정치인 윤석열 파괴력은?…""빠른 시일내 급등 혹은 급락 모두 가능""",2021-03-05 15:03:00,Justso*,2021-03-06 01:47:58,"김건희 씨가 구속되느냐 마냐 하는 상황에,

지금껏 정의니, 상식이니 하는 흰소리로

나팔불던 윤 씨가 ""구속 상황""을 외면한 채,

처자빠져 계속 앉아 잇을까. 머리 쓴거지.

지가 살아잇는 ""예수""인 척하며....!!"
"[정치 맞수다] 정치인 윤석열 파괴력은?…""빠른 시일내 급등 혹은 급락 모두 가능""",2021-03-05 15:03:00,김태*,2021-03-05 16:27:21,"정치는
아무나하나
대권 우끼내
대권이 아무나하나
아무나하모 지나가든개도 하것다"
"[정치 맞수다] 정치인 윤석열 파괴력은?…""빠른 시일내 급등 혹은 급락 모두 가능""",2021-03-05 15:03:00,hongs*,2021-03-05 15:49:59,"국민의51%가넘는보수계(保守界) 의 차기 대통령후보를 누구를 추천하시겠읍니까 !?
다음은 필자 본인 의 추천인물 : *반기문 *조원진 *윤석열 *김관진 *김진태 *김문수 *이정현 *우병우 . 추천된 후보자들이 공평하게경쟁하여, 보수계내 와 국민전체 의 지지자들을 합게해 최종적으로, 보수계단일(單一)대통령 후보자로 추대한다 !.

참고 : *반기문은 대한민국의 제7대 외교통상부 장관을 역임한 외교관이자 제8대 유엔 사무총장이다, 충청북도 음성군 원남면 출신이다.
출생: 1944년 6월 13일 (76세),
*조원진은 대한민국의 정치인이다. 우리공화당의 홍문종 의원과 공동 당대표로서의 3선 국회의원이었다. 2016.08~2016.12 새누리당 최고위원
출생: 1959년 1월 7일 (62세), 대한민국 대구광역시 성당동
* 윤석열은 대한민국의 제43대 검찰총장이다.
출생: 1960년 12월 18일 (60세), 서울특별시 서대문구 연희동에서 태어났다.
*김관진, (71세) 육군대장 예편, 이명박 박근혜 정부 제43대 국방부 장관,
박근혜 정부, 국가안보실장 역임
* 김진태는 대한민국의 검사 출신 법조인이자 제19•20대 국회의원인 정치인이다.
출생: 1964년 10월 13일 (56세), 대한민국 춘천시
* 김문수는 대한민국의 노동운동가 출신의 정치인이다. 제15•16•17대 국회의원과 제32•33대 경기도지사를 지냈다.
출생: 1951년 8월 27일 (69세), 대한민국 영천시
* 이정현　：동국대학교 정치외교학과 겸임교수、　청와대 정무수석
새누리당 최고위원 새누리당 대표 역임
출생　: 　1958년 10월 13일 (62세) 대한민국 전라남도 곡성군 목사동면
*우병우는 대한민국의 검사 출신 법조인　신념 과 불굴의 투지의사나이,
박근혜 정부 제4대 민정수석비서관을 지냈다.
출생: 1967년 1월 28일 (54세), 대한민국 봉화군"
'대선 출마' 이낙연 당 대표 사퇴…이재명은 응원,2021-03-10 07:16:00,777457*,2021-04-12 20:07:37,나견이가 홀라당 말아 먹고 가는구나 에혀라 디여~~~~
'대선 출마' 이낙연 당 대표 사퇴…이재명은 응원,2021-03-10 07:16:00,2944717*,2021-03-11 11:20:52,국짐 자체를 시러함 윤내세워 LH사태처럼 땅투기 나 하려는 쥐세끼집단!
'대선 출마' 이낙연 당 대표 사퇴…이재명은 응원,2021-03-10 07:16:00,조정*,2021-03-10 11:18:20,문재인 정부 기간 동안 야당은 바닥으로 추락한 당 지지율 끌어올리겠다고 여당 발목 잡고 예나 지금이나 다름이 없는 네거티브 전략만 고수했지 정작 대선후보들 준비는 하고 있었냐. 이제 1년밖에 남질 않았는데 도대체 어떤 인물이 나올 수 있을까. 야당에 인물이 없으니 윤석열만 죄다 빨고 있는거 아냐. 윤석열이 야당 인물이냐? 윤석열이 집권하면 니네 뜻대로 조종할 수 있을 것 같냐? 아니올시다. 구김당은 예나 지금이나 헛다리 짚고 헛발질 하는 건 변함이 없다. 그러니 국민들에게 신뢰를 못 주지.
'대선 출마' 이낙연 당 대표 사퇴…이재명은 응원,2021-03-10 07:16:00,강형*,2021-03-10 09:59:59,그네 나오게 할까봐 안찍을란다.
'대선 출마' 이낙연 당 대표 사퇴…이재명은 응원,2021-03-10 07:16:00,정두*,2021-03-10 09:52:50,"이런 무능한 놈이 대선주자라구? 참 한심한 놈들이 감히 무능한 주제에 나라를 이끌겠다고 서로 쓰레기들끼리 뭉쳐서 이익을 나눠먹으려고?? 정권을 구더기똥당에 넘기는 것은 상상도 하기 싫지만, 이런 무능한 놈이 나라를 이끌게 된다면 그 또한 끔찍하다 이 잡놈아."
"'침통' 민주, 쇄신책 고심…'환호' 국민의힘, 새판 짜기",2021-04-08 06:11:00,이창*,2021-04-08 16:06:37,"민주당침통해할것없다
더욱분발하고180석으로
국민위한정책많이만들고
열심히국민만보고가자
대선필승할것"
"'침통' 민주, 쇄신책 고심…'환호' 국민의힘, 새판 짜기",2021-04-08 06:11:00,남인*,2021-04-08 10:48:35,"언론 개혁이 필요하다고 생각하는건 국민들만 그런건가? 아니면 그들의 세력이 너무 커 건드리지 못하는 것인가? 우리나라 언론, 종교, 기득권이 썩을대로 썩어서 냄새가 진동하는데 도대체 뭘 하는 것인가?"
"'침통' 민주, 쇄신책 고심…'환호' 국민의힘, 새판 짜기",2021-04-08 06:11:00,8378412*,2021-04-08 09:09:47,"현정권의 패착은
1. 적폐근절못함
2. 기레기척결 못함
3. 야당협의하지말고
주관적으로 정치하란국민의 소리 실천못함
4. 윤석렬한테 끌려다님
5. 결단력없는 정치전략"
"'침통' 민주, 쇄신책 고심…'환호' 국민의힘, 새판 짜기",2021-04-08 06:11:00,우익*,2021-04-08 09:02:49,"멍청한 민주당 의원들아.
돈퍼주고빰맞는 어리석은자들아.
보편적지급하랬지.
뭘 암것도 모르는것틀이 정치는 생물이네,공학이네 하면서 헛소리말고,
패배의가장큰원인은 선별지급때문이다.
계속그딴식으로 해봐라.
대선때도 국물도없다.
그리고언론계혁좀해라.180석을줘도못하고질질끌려다니는것을 보면서 당신들은 무능하다는생각외에는 없었음.
맑은물에미꾸리지한마리가 이물은 더럽다더럽다하고다닐때,가만있지말고미꾸라지한마리잡아라.그미꾸리지가계속휘젓고다니면 물이흐려지고.흐려지면 미꾸리지들이한마리두마리 동조한다그러면 진짜더러워진다.
나중엔온통흙탕물이된다.
잡아라"
"'침통' 민주, 쇄신책 고심…'환호' 국민의힘, 새판 짜기",2021-04-08 06:11:00,2492462*,2021-04-08 08:50:53,"여당도 집권당이라고 너무 헐렁했지...정신바짝 차리고 열심히 하세요...
대충대충...최전선에서 뛰는사람은 몇 없고...뒷짐지고 수수방관....
이러다가 다 뒤집어 집니다..."
"안철수, 국민청원 ""윤석열의 마음으로…LH 검찰수사 촉구""",2021-03-13 16:14:00,박광*,2021-03-15 00:15:16,조만간 당이름을 *석열의당*으로 바꿀 듯.
"안철수, 국민청원 ""윤석열의 마음으로…LH 검찰수사 촉구""",2021-03-13 16:14:00,조동*,2021-03-14 10:33:36,MB 아바타 놈 !!!
"안철수, 국민청원 ""윤석열의 마음으로…LH 검찰수사 촉구""",2021-03-13 16:14:00,Justso*,2021-03-13 23:58:07,"윤씨가 정치를 시작하겟다면,
피해야 할 첫번째 인물이 ""안철수""다

왜, 무엇 때문에 ""동지""라는 수 많은 사람들이
안철수 곁을 떠낫을까.

안철수로부터 구애받고 ""팽당한 인물들""을
생각하면 많은 설명이 필요 없다.
최근의 손학규와 안철수의 시작과 끝을 봐라.
안철수는 ""야비한 인간"", 그 이상도 그 아하도 아니다.
절대 그에게 정치할 여건을 줘선 안된다."
"안철수, 국민청원 ""윤석열의 마음으로…LH 검찰수사 촉구""",2021-03-13 16:14:00,이창*,2021-03-13 20:26:12,"창피하다.정말!
나 보다 돈 많고 더 공부하고 그런사람인건 알겠는데
어떻게 생각은 개 되지만도 못한지"
"안철수, 국민청원 ""윤석열의 마음으로…LH 검찰수사 촉구""",2021-03-13 16:14:00,냥*,2021-03-13 20:16:15,"ㅋㅋㅋㅋㅋㅋㅋㅋㅋㅋ

와 ㅋㅋ

범이 내려온다 이후로 또 빵터졌다 ㅋㅋㅋㅋ

아 어캐.

나 철수씨한테 빠질거같아 ㅋㅋㅋㅋㅋ"
"송영길 ""생애 최초주택 LTV·DTI 90%까지 확 풀어야""",2021-04-13 10:22:00,Ck yooncki*,2021-04-13 11:52:32,"조국과 추미애에게

민주당은 등만 돌리지 않았지

도와준 것은 아무 것도 없었다.

그 외로운 곳에서 홀로 깃발 들고

버틴 분들이다.

민주당은 역사 앞에서

정당한 평가를 해야 할 것이다.

그리고 이제라도

그 깃발을 넘겨받고

민주당의 이름으로

검찰개혁과 언론개혁 완수하라.

그것이 촛불의 명령이다."
"김종인 ""윤석열, 야권 인물""…주호영 ""자연스럽게 만나면 돼""",2021-03-05 14:52:00,hongs*,2021-03-05 15:53:31,"김종인 은 좌익 전라도당세력의 핵심　、보수정당 전국민의51%이상 지지하는 박근혜 대통령 (새누리당 자유한국당 미레통합당 )을 말살하려는가 !? 황교안 김종인 의 음모? ;
• 1,김종인 은 좌익 전라도당세력의 핵심 , 전라남도 광주시 광주서석초등학교 졸업, 광주서중학교 졸업 ,광주제일고등학교; 출신으로 , 국회의원 5기 5번 모두 민주당소속이엇다. 이러한전라도당 핵심 인물 김종인에게 당권을 넘겨준 황교안
• 2, 황교안은 죄없는 박근혜 대통렴 님이 부당하게탄핵된후 , 보수당의대표등, 당을장악한다음에 60명의 탄핵반대 국회의원들은 외면하고 , 탄핵주도 핵심뱀버 심재철 주호영 나경원 유승민 등을 당요직에등용하고 그들만 측근에두었다.

황교안 , 배신자 2중인격 황교안 , 황교안 0.下의 저질,
공산국가 북조선에서나 가능한발상, 국가가 회사를맘대로 좌지우지하겠다는, 전라도에 삼성을 유치하겠다는 김종인 , 대기업을 차레로 말아먹고 북조선처럼 거지나라 만들고나서야, 자신이 얼마나멍청한지 후회할, 멍청할배 무식한 김종인, 황교안 김무성 유승민 홍준표 의 간교하고 배신적인 야합을 전국민의 51%가 용서할수가 없을것이다 ! 황교안 이 김종인까지 합세, 그들은 보수 우파가 아니고 , 황당한 중도혁신을 가칭하는 종북좌파의 하수인역활이 아닌가 !?. 김종인 황교안 김무성 유승민 홍준피의 부도덕한 꼼수정치는 끛이다 !.?
신당 창당 , 전국 보수우파의 지지를 모을수있는 우익 보수 의 핵심 , 최경환 等 60명 이넘는 국회의원들 ,윤석열 황우여 우병우 이인제 서청원 홍문종 김문수 전광훈 조원진 김창중 이정현 박찬주 등等이 힘을합하여 , 진정한 국민이 원하는 전국민의 52%넘는 선명한 보수우파의 저력을 결집할수가있다 !.?"
"장제원 ""윤석열 지지율 1위…국민들의 정권교체 기대 담겨""",2021-03-08 12:55:00,신명*,2021-03-08 15:44:59,아우 쟨 진짜 모자이크 해주면 안됩니까??
"장제원 ""윤석열 지지율 1위…국민들의 정권교체 기대 담겨""",2021-03-08 12:55:00,nobe*,2021-03-08 19:23:15,장제원어나잘해가짜.여론조사.보수쪽만.여론조사했구만.개껌씸는소리내누가믿냐국짐당눈만뜨면거짓선동정말국짐당말만들어도짜증왕짜증
"장제원 ""윤석열 지지율 1위…국민들의 정권교체 기대 담겨""",2021-03-08 12:55:00,Justso*,2021-03-08 13:22:33,"장제원,

참 가볍고 간교한 인간.

부끄럼을 모르고 혓바닥에 떠오르는 데로

처뱉는 저 수준."
"금태섭 ""국민의힘 주도 야권 통합으론 안 돼…새로운 세력 만들어야""",2021-04-12 18:49:00,김광*,2021-04-13 05:25:16,봄인데 추어탕 생각나네 ㅋ
"금태섭 ""국민의힘 주도 야권 통합으론 안 돼…새로운 세력 만들어야""",2021-04-12 18:49:00,Justso*,2021-04-13 00:30:24,"대한민국이 너처럼 간교한 인물의 허망한 꿈처럼
돌아가겟니??

지 꼬라지는 꼭꼭 감추고 입찬소리를 해대는 너같은
부류가 제일 좋아하는 일을 하는 게 어떠냐."
"이재명, 윤석열 견제 ""구태정치 말아야…지지율 언제 내려갈 지 몰라""",2021-03-09 11:37:00,이상*,2021-03-10 03:31:18,"그렇지 지지율 달라졌잖아
니가ㅣ위하다 열이가 1위된거야
앞으로 너 맹이 지지율 4위로 내려않는다에 천오백만표 건다"
대선 D-1년…양강 구도 속 추격전,2021-03-09 12:10:00,Justso*,2021-03-09 12:48:19,"국민이 우선 ""주목""해야 될 사항은 윤씨의 처
김건희와 장모의 불법에 관한 것이다.

현재 담 대선에 관한 국민의 관심이 윤씨에게
집중 되는 건 여러 가지 원인이 잇지만,
그저 ""또 다른 안철수 식"" 현상으로 가볍게
보는 게 맞다.

상식적인 판단이지만,
좀 더 구체적인 윤씨 자신과 가족의 비리와 불법이
나오게 되면, 본인 스스로 사라지지 않을까 한다.
우리는 수 없이 그런 상황들을 마주하고,지켜보지
않았나.
한 때 좍좍 뿌리며 지나가는 소나기일 뿐이다."
"與 지도부, 윤석열에 십자포화…""권력욕 취한 정치 검찰""",2021-03-05 10:47:00,우강*,2021-03-06 01:54:46,"정치검찰은 지들이 만들어놓고 지금 와서는 한다는 소리가
가관"
"與 지도부, 윤석열에 십자포화…""권력욕 취한 정치 검찰""",2021-03-05 10:47:00,김진*,2021-03-06 00:08:04,"이낙연에게 ""鷄卵""이라는 雅號를 贈呈한다."
"與 지도부, 윤석열에 십자포화…""권력욕 취한 정치 검찰""",2021-03-05 10:47:00,6278641*,2021-03-05 21:48:24,"놀고들 있네 오즉하면 계란 세례를 받겠나 정신 차려라
법 만드는것 좋아 마라 공수처 만들때 개때처럼 하더니
너희들 마음에 안맞으면 또만들고 하냐
양심이 있어라 분명히 너희들은 국민의 심판을 받는다
귀신은 뭣하는지"
"與 지도부, 윤석열에 십자포화…""권력욕 취한 정치 검찰""",2021-03-05 10:47:00,8057048*,2021-03-06 21:50:53,나가 놀아라.
"與 지도부, 윤석열에 십자포화…""권력욕 취한 정치 검찰""",2021-03-05 10:47:00,박광*,2021-03-05 19:56:55,"에유 계솔희다. 윤총장이 정치할까봐 어지간히도 겁이 나나보다. 지은 죄들이 많으니 그럴테지. 어서 정권 바뀌어서 집값폭등에 대한 처벌도 받고, 검찰개악에 대한 사항도 철저히 조사 받아야 한다. 특히 집값폭등에 책임있는 자들은 전부 감옥에 쳐넣어야 한다."
"與 지도부, 윤석열에 십자포화…""권력욕 취한 정치 검찰""",2021-03-05 10:47:00,김길*,2021-03-05 19:24:53,"與一利不若除一害, 生一事不若滅一事 라."
"""사사건건 감놔라 배놔라""…""기고만장"" 국민의힘 중진들 김종인 비판",2021-04-12 16:11:00,Justso*,2021-04-13 01:19:42,"국민으로부터 ""애비와 새끼""가 어쩜 저리
기고만장하냐고 질타를 받는 장제원 짜리에게
기고만장을 다시 배우고,
손녀딸년 같은 정치판 애송이에게 멱살 잡혀
나잇값하라는 핀잔과 충고를 듣는 김종인 옹은,
.
.
뭣이 민주당과 국짐이 다른 지 느꼇을까.
.
.
어느 극단이 연출한 ""머주고 뺨 맞다""의 주연이
된 김 옹과 저애들..
.
."
"""사사건건 감놔라 배놔라""…""기고만장"" 국민의힘 중진들 김종인 비판",2021-04-12 16:11:00,박현*,2021-04-12 20:41:10,이긴놈도 싸우고... 진놈들도 싸우고 ... 이놈의 정치
"""사사건건 감놔라 배놔라""…""기고만장"" 국민의힘 중진들 김종인 비판",2021-04-12 16:11:00,민순*,2021-04-12 19:43:51,"홍문표가 아니라 홍준표 겠지요.
다른기사에도 같은내용 많더만 제대로 표기하셔야할듯~"
"""사사건건 감놔라 배놔라""…""기고만장"" 국민의힘 중진들 김종인 비판",2021-04-12 16:11:00,이찬*,2021-04-12 19:20:09,"물에 빠진놈들 건져 줬더니 .... 그 할배 아니었음 당신들 전멸했어.... 역시 반성이 없군, 지들이 잘 해서 이번 선거 이긴줄 아나보네.
대선에서 철퇴 맞기 전에 잘 해라 국힘아.
니들 좋아서 찍어 준거 아니다.
보수라고 니들 좋아 할 줄 아나? 썩은 보수를 누가 좋아 하누..."
"주호영 ""윤석열, 당내 '적폐수사' 반발도…국힘과 함께 하려면 시간 필요""",2021-03-10 09:17:00,김태*,2021-03-10 10:24:05,"참 혼란스러운 고꾸민노치카라 내부 케미들.... 이명박근혜 탄핵세력부터 사면주장 세력에 이르는 스펙트럼을 모두 구비했으니 법적 논리, 그것도 일방적 논리만 가진 호빵맨 논리가 얼매나 꼬일꼬..."
"김종인 ""국민의힘, 무슨 대통합 타령…바깥 기웃거리지 말라""",2021-04-11 09:16:00,12651373*,2021-04-11 12:10:14,"( 외톨이참새)
넝감태기.... 세상 헛살지는 않았군....
세상보는 눈이 정확한걸보니....
난 이 넝감태기가 대권욕이 있나했더니 아닌것같군.
세상보는 눈이 있는 사람은 큰것을 버릴줄도 아는 법이지.
난 문통이 대선직전에 윗니를 드러내고 웃는 사진이 언론마다 나오는것을 보고는, 탄핵이라는 엄중한 시기에 대통령이 될것같으니 저리도 좋은가 하는 의문에 철수를 찍었었지...
아니나 다를까 능력도 자질도 부족한 자가 촛불국민의 여망을 저버렸으니...
만약, 넝감태기가 젊은후보를 추천한다면 여의도연**장이었던 그런사람을 추천했으면 좋겠다."
"김종인 ""국민의힘, 무슨 대통합 타령…바깥 기웃거리지 말라""",2021-04-11 09:16:00,Ck yooncki*,2021-04-11 22:19:21,계속 외톨이 해라. 지지하는 후보 이름도 못 밝히는 위인이 무슨....아무 것도 못한다. 국짐은 피가 더러워
"김종인 ""국민의힘, 무슨 대통합 타령…바깥 기웃거리지 말라""",2021-04-11 09:16:00,한슬마*,2021-04-11 11:55:29,"** 김 종인 이 분은 현 정치의 스승이시다.
정치 지도자들은 이 분을 보고 배워야한다.

** 대통령 임기를 고정하지 말고 홀수 해에 종합 평가해서 미달이면 그 해로 끝내고,
평가가 높으면 9년까지 연장 할 수 있게 제도를 만들어야 한다."
"김종인 ""국민의힘, 무슨 대통합 타령…바깥 기웃거리지 말라""",2021-04-11 09:16:00,별당머*,2021-04-18 12:19:47,초등학교반장선거인가
"김종인 ""국민의힘, 무슨 대통합 타령…바깥 기웃거리지 말라""",2021-04-11 09:16:00,김상*,2021-04-11 11:47:17,"김종인 전위원장의 말이 백번 지당하네요
응원합니다
진정한 보수는 깔끔한 노선을 갖고 있어야 합니다"
"김종인 ""국민의힘, 무슨 대통합 타령…바깥 기웃거리지 말라""",2021-04-11 09:16:00,"OH, DONGHYU*",2021-04-11 11:57:55,"국짐당은 그냥 정치 협잡꾼 집단이지 보수가 아니지요.
민주당이 이미 기득권층이 되어버려 보수로 변질되었고요."
"김종인 ""국민의힘, 무슨 대통합 타령…바깥 기웃거리지 말라""",2021-04-11 09:16:00,558264*,2021-04-11 11:37:18,간만에 옳은 말씀을 하시네
[국회M부스] 대선 D-1년②: 정권 교체의 방정식은?,2021-03-14 09:42:00,박기*,2021-04-04 11:38:24,"억압이냐 탄압이냐
대화냐 갈림길에서
우리는 과연 어떤선택권이 있는가
역사의 흐름은 대화와타협을 이르며
공생관계를 유지하는것이다"
[국회M부스] 대선 D-1년②: 정권 교체의 방정식은?,2021-03-14 09:42:00,박선*,2021-03-14 17:38:14,"유튜브에서 131270thebest를 검색시청하시면 신의 존재증명, 악의 존재이유, 이긴자와 144000, 천국 과 지옥, 축복 과 저주, 요한계시록, 최후의 심판, 양심과 **, 유일신, 정의, ** 받는법, 기도하는법, 성령 받는법 등등 설명을 들을 수 있습니다."
[국회M부스] 대선 D-1년②: 정권 교체의 방정식은?,2021-03-14 09:42:00,김태*,2021-03-14 14:56:25,언론이 너무 석열이를 뛰우내
[국회M부스] 대선 D-1년②: 정권 교체의 방정식은?,2021-03-14 09:42:00,고숙*,2021-03-14 14:26:31,"앞으로 국민의적 친일역적 들에게 정권 넘어갈일은 없다, 지난날에는 토착왜구들에 게 속아서 그래지만, 친일역적들에게 쇄뇌교육 받았던 늙은이들 죽으면 속아넘어갈 국민들은 없다."
[국회M부스] 대선 D-1년②: 정권 교체의 방정식은?,2021-03-14 09:42:00,최재*,2021-03-14 11:51:09,"""우리는 댓통선거하기 위한 역사적 사명을 띠고 이 땅에 태어 났다!"" 레알?"
대선 1년 앞으로…선두주자들은 지금 여의도에 없다,2021-03-08 20:46:00,김태*,2021-03-09 09:35:51,언론이 석열이를 키우내
대선 1년 앞으로…선두주자들은 지금 여의도에 없다,2021-03-08 20:46:00,조대*,2021-03-08 23:14:11,"윤석열이 야당 대표로 대선 나오면 진짜 진짜 때땡큐지....대통령감은 갑자기 하늘에서 뚝 떨어지는 게 아님. 반기문이 그랬고 황교안이 그랬지...두 사람의 공통점이 머냐면 국짐당에 별 인물 없을 때 반짝 뜬 인물이지만 막상 대선 전에 다 사라졌지...왜냐면 대통령은 국회의원과는 다르게 국민 모두가 신경을 많이 쓰거든. 노무현, 문재인이 근 20년이 걸렸고 박근혜도 20년 이명박도 10년이 걸렸는데 정치 초짜 윤석열이 되겠나? 제발 윤석열 대선 후보 나와서 본인, 마누라, 장모 개털려봐야 정치가 무서운 줄 알지.."
대선 1년 앞으로…선두주자들은 지금 여의도에 없다,2021-03-08 20:46:00,Won-Seok Gi*,2021-03-08 22:35:29,"윤서결은 박살난다.

앵커는 바른 국어 사용에 책임이 있다.
국어 발음규칙과 음운법칙을 공부하라.

이낙연은 [이나견]으로 읽으면서
윤석열은 왜 [윤서결]로 읽지 않나?

내가 여기서 누차 지적했지만,
윤석열의 한자 표기가 尹錫悅이다.
尹錫烈이 아니다.

尹錫悅의 한글 표기는 윤석열이고
尹錫烈의 한글 표기는 윤석렬이다.

윤석열의 맞는 발음은 [윤서결]이고
윤석렬의 맞는 발음은 [윤성녈]이다.

따라서
윤석열을 [윤성녈]로 발음하는 것은
명백히 틀린 발음이다.

윤석열을 윤성녈로 발음해야 한다면,
이낙연도 이낭년으로 발음해야 한다."
대선 1년 앞으로…선두주자들은 지금 여의도에 없다,2021-03-08 20:46:00,김종*,2021-03-08 22:29:24,윤석열 총장이 바보가 아니기에 정치권으로 나오지는 않을 듯. 그게 아니라면 검찰과 손잡고 퇴직 검사들을 정치판으로 끌어 들이거나...
대선 1년 앞으로…선두주자들은 지금 여의도에 없다,2021-03-08 20:46:00,6279437*,2021-03-08 22:16:57,"물론 같지도 않은 *리얼구라미터* 따위의 여론조사기관에서 발표한 내용이고 조중동이 앞다투어 나발을 불어대는 내용이니 전혀 신빙성이라고는 없어 보이지만, 그들의 말에 의하면 윤석열이 대권 지지도 1위를 달린다고 하는데..... 편협한 조사를 마치 일반화시키는 여론조사기관도, 그걸 대놓고 떠드는 수구언론도 그저 어처구니가 없을 뿐이다. 비록 소수이기는 하겠지만 윤씨가 무슨 독재탄압에 항거하는 민주열사쯤으로 생각하는 멍청이들이 어딘가에는 분명히 있다는 것인데... 그들은 뇌가 없는 것일까?"
"노영민 ""투기대책, 금융실명제 버금…새로운 세상 왔다""",2021-03-30 10:14:00,3495780*,2021-03-30 10:48:22,"윤석열, 형사 입건 됐다(최하 집유2년 대선 출마 불가)
https://blog.naver.com/cnamsung/222170443857"
"""정치검찰 끝판왕""…야당은 ""힘 합치자""",2021-03-05 06:30:00,김태*,2021-03-05 08:45:04,"야는 보수쪽에서 손내미니 올쿠나 정계로나가모 대것다 싶겠지
나가바라 니입에맞는가 대권 우끼내"
'들쭉날쭉' 여론조사…팩트체크로 정확한 민심 읽기,2021-03-08 20:52:00,Won-Seok Gi*,2021-03-10 19:23:07,"국어 발음규칙과 음운법칙상 상호동화 현상은
/ㄱㄹ/ 음소환경에서만 일어난다.

/ㄱㄹ/이 [ㅇㄴ]으로 발음되는 현상이
국어 음운법칙에서 상호동화 현상이다.

그래서 {독립}이 [동닙]으로 발음되고
{백로}가 [뱅노]로 발음되는 것이다.

그러나 {윤석열}의 {석열}은 음소 조건이
/ㄱㄹ/이 아니고 /ㄱㅇ/이다.

따라서
/ㄱㅇ/은 절대로 [ㅇㄴ]으로 발음될 수 없다.

윤서결은 어감(word sense)이 흉하고
윤성녈은 어감이 흉하지 않다.

그러므로
썩을놈을 어감 좋은 [윤성녈]로 절대로
쉴드치지 말아야 한다."
'들쭉날쭉' 여론조사…팩트체크로 정확한 민심 읽기,2021-03-08 20:52:00,Won-Seok Gi*,2021-03-10 17:36:47,"윤서결은 끝장난다.

앵커는 바른 국어 사용에 책임이 있다.
국어 발음규칙과 음운법칙을 공부하라.

이낙연은 [이나견]으로 읽으면서
윤석열은 왜 [윤서결]로 읽지 않나?

내가 여기서 누차 지적했지만,
윤석열의 한자 표기가 尹錫悅이다.
尹錫烈이 아니다.

尹錫悅의 한글 표기는 윤석열이고
尹錫烈의 한글 표기는 윤석렬이다.

윤석열의 맞는 발음은 [윤서결]이고
윤석렬의 맞는 발음은 [윤성녈]이다.

따라서
윤석열을 [윤성녈]로 발음하는 것은
명백히 틀린 발음이다.

윤석열을 윤성녈로 발음해야 한다면,
이낙연도 이낭년으로 발음해야 한다."
심상치 않았던 행보…'존재감' 높일 시점 고른 듯,2021-03-04 19:56:00,hongs*,2021-03-05 16:04:06,"국민의51%가넘는보수계(保守界) 의 차기 대통령후보를 누구를 추천하시겠읍니까 !?
다음은 필자 본인 의 추천인물 : *반기문 *조원진 *윤석열 *김관진 *김진태 *김문수 *이정현 *우병우 . 추천된 후보자들이 공평하게경쟁하여, 보수계내 와 국민전체 의 지지자들을 합게해 최종적으로, 보수계단일(單一)대통령 후보자로 추대한다 !.

참고 : *반기문은 대한민국의 제7대 외교통상부 장관을 역임한 외교관이자 제8대 유엔 사무총장이다, 충청북도 음성군 원남면 출신이다.
출생: 1944년 6월 13일 (76세),
*조원진은 대한민국의 정치인이다. 우리공화당의 홍문종 의원과 공동 당대표로서의 3선 국회의원이었다. 2016.08~2016.12 새누리당 최고위원
출생: 1959년 1월 7일 (62세), 대한민국 대구광역시 성당동
* 윤석열은 대한민국의 제43대 검찰총장이다.
출생: 1960년 12월 18일 (60세), 서울특별시 서대문구 연희동에서 태어났다.
*김관진, (71세) 육군대장 예편, 이명박 박근혜 정부 제43대 국방부 장관,
박근혜 정부, 국가안보실장 역임
* 김진태는 대한민국의 검사 출신 법조인이자 제19•20대 국회의원인 정치인이다.
출생: 1964년 10월 13일 (56세), 대한민국 춘천시
* 김문수는 대한민국의 노동운동가 출신의 정치인이다. 제15•16•17대 국회의원과 제32•33대 경기도지사를 지냈다.
출생: 1951년 8월 27일 (69세), 대한민국 영천시
* 이정현　：동국대학교 정치외교학과 겸임교수、　청와대 정무수석
새누리당 최고위원 새누리당 대표 역임
출생　: 　1958년 10월 13일 (62세) 대한민국 전라남도 곡성군 목사동면
*우병우는 대한민국의 검사 출신 법조인　신념 과 불굴의 투지의사나이,
박근혜 정부 제4대 민정수석비서관을 지냈다.
출생: 1967년 1월 28일 (54세), 대한민국 봉화군"
심상치 않았던 행보…'존재감' 높일 시점 고른 듯,2021-03-04 19:56:00,유규*,2021-03-05 11:08:52,"기자님
겨냥이라고요?
범죄협의가 있으면 수사해서 진상을 밝히면 될일
기자들이
매사를 당파적 프레임으로 떠들어 대는 것이 더욱 문제라고 보는데 아닌가요?
잘 좀 합시다."
심상치 않았던 행보…'존재감' 높일 시점 고른 듯,2021-03-04 19:56:00,박용*,2021-03-05 09:25:54,이제 한동훈이는 어떻게 되나요? 그동안 썪은 동앗줄을 붙잡고 살아 왔을텐데...
심상치 않았던 행보…'존재감' 높일 시점 고른 듯,2021-03-04 19:56:00,고상*,2021-03-05 05:59:00,윤석열의 공은 크다. 그가 아니었으면 검찰 조직이 이런 무도하고 막되먹은 세력이었는지 모르고 존경할뻔 했지. 검찰개혁을 국민이 저지할뻔 했던.
심상치 않았던 행보…'존재감' 높일 시점 고른 듯,2021-03-04 19:56:00,Justso*,2021-03-05 01:22:53,"순진한 인간
ㅋㅋㅋㅋㅋㅋㅋㅋㅋ

네 ""기질""이 무슨 대단한 ""신념""처럼 보엿던 게
이제서야 그 신기루가 박살나며, 너의 실체가
분명해진다.
오늘따라 네가 ""국민""하는 허세 소리가 서글퍼지며
네 미래가 참 암담해 보인다."
[국회M부스] '내가 MB아바타냐'던 안철수의 국민의힘 합당 선언…'새정치'는?,2021-03-17 09:24:00,이병*,2021-04-05 11:57:55,허접쓰레기들의 하치장
[국회M부스] '내가 MB아바타냐'던 안철수의 국민의힘 합당 선언…'새정치'는?,2021-03-17 09:24:00,김영*,2021-03-18 11:22:38,"철새 안철수 그만 철수하고
본업으로 가시오"
[국회M부스] '내가 MB아바타냐'던 안철수의 국민의힘 합당 선언…'새정치'는?,2021-03-17 09:24:00,최오*,2021-03-18 05:46:38,에라 그것은 안뗘줄거지?
[국회M부스] '내가 MB아바타냐'던 안철수의 국민의힘 합당 선언…'새정치'는?,2021-03-17 09:24:00,이창*,2021-03-18 01:15:55,권력에 눈먼 MB아바타 맞고요.당신을 철새라말합니당
[국회M부스] '내가 MB아바타냐'던 안철수의 국민의힘 합당 선언…'새정치'는?,2021-03-17 09:24:00,황금*,2021-03-18 00:13:04,한마디로 권력 욕심에 미쳐버린 챌수가 지 럴 발광해 보는 견 수작. 이런 놈이 정치하니... 미개 조선이라고 하지.
"[국회M부스] ""재질문 효과 톡톡히 본 오세훈""…안철수에도 승리할까",2021-03-05 11:36:00,강창*,2021-03-08 22:06:22,야당대권 후보가 서울시장후보에 나선격이네!
"[국회M부스] ""재질문 효과 톡톡히 본 오세훈""…안철수에도 승리할까",2021-03-05 11:36:00,김철*,2021-03-07 20:54:54,"아. 진짜 인물이 없나. 권력이 그렇게 탐나나.
막장이군"
"[국회M부스] ""재질문 효과 톡톡히 본 오세훈""…안철수에도 승리할까",2021-03-05 11:36:00,신동*,2021-03-05 13:40:07,"이제 국힘당 대표로 복귀하셔야지요.
어차피 국민 밉상이 청와대 가기엔 역부족이니, 당 간판으로 나서서 다음 대권 후보를 좌지 우지 하시고
또 한번 민주당에게 청와대를 선물로 상납해야지요."
"[국회M부스] ""재질문 효과 톡톡히 본 오세훈""…안철수에도 승리할까",2021-03-05 11:36:00,박준*,2021-03-05 12:35:56,"어차피 안 될 애들끼리 대가리 들이미는 건데,
좋~댄다."
"이낙연 ""시대정신은 신복지·혁신성장…지지율 하락은 제 부족함""",2021-03-09 18:17:00,이상*,2021-03-10 03:35:43,"총리 되면 대똥감인가
참나원
나원참
원참나
총리는 대통령 구두닼이 수준인데
서열상2위라고 대똥나올 능력 수준된다고 새이ㅏㄱ하네 ...꼴깞떨고지빠졌네"
