﻿Title,Date,ID,Comment,Comment_date,Channel,Like,Dislike,Comment_like
2030 선거 혁명으로 文주주의 깨부순다,2021. 4. 6.,삼월이,오늘은 서울은 박씨가 사고쳐서 오씨를 뽑고            부산은 오씨가 사고를쳐서 박씨를 뽑아야 한다,2주 전,2022어벤저스,2.1천,7,71
2030 선거 혁명으로 文주주의 깨부순다,2021. 4. 6.,byung choi,저희 어머니 올해 연세가 91세신데 다리가 아프셔서 안갈려고 하셔서 죄송하지만  꼭 투표하시라고 설득해서 지금 막 투표하러 가셨습니다  단지 이기는게 아니라  20% 이상 확실히 이기기 위해서요!!,2주 전,2022어벤저스,2.1천,7,49
2030 선거 혁명으로 文주주의 깨부순다,2021. 4. 6.,이동일,이번에는 하늘이 반쪽나도 바꿔야 합니다,2주 전,2022어벤저스,2.1천,7,46
2030 선거 혁명으로 文주주의 깨부순다,2021. 4. 6.,Eli Kim,짝짝짝 🍀🌹🍋🍆🎀 응원합니다,2주 전,2022어벤저스,2.1천,7,39
2030 선거 혁명으로 文주주의 깨부순다,2021. 4. 6.,냉얼음,2030 이번에 오세훈후보 연설때 다시 봤어요.외모들도 출중하지만 자신들만의 사회를 바라보는 시선이 뚜렷하고 거침없고 똑똑해서 부끄러웠어요.그래도 그런 젊은이들을 보며 우리나라의 미래가 희망으로 느껴졌습니다 ✌✌✌❤,2주 전,2022어벤저스,2.1천,7,52
2030 선거 혁명으로 文주주의 깨부순다,2021. 4. 6.,Young SS,"신지호의원, 이현종위원,장예찬 위원👍👍👍어려운 시기에 등불되주시니감사와 응원 보냅니다✌정론 듣고 있노라면눈물이 나네요...어쩌다 나라를 이지경까지 ᆢ~~~~~~~~이 시간대 좋습니다~~",2주 전(수정됨),2022어벤저스,2.1천,7,79
2030 선거 혁명으로 文주주의 깨부순다,2021. 4. 6.,심명자,귀한분들이 이시대의 등불입니다~감사드립니다~~^^🥰🥰🥰,2주 전,2022어벤저스,2.1천,7,58
2030 선거 혁명으로 文주주의 깨부순다,2021. 4. 6.,여희망,무조건2번 투표하러가야죠~ㅋ  압승기대하면서🙏,2주 전,2022어벤저스,2.1천,7,38
2030 선거 혁명으로 文주주의 깨부순다,2021. 4. 6.,김영희,투표하고 왔어요 꼭 투표합시다,2주 전,2022어벤저스,2.1천,7,55
2030 선거 혁명으로 文주주의 깨부순다,2021. 4. 6.,파란지붕 속에 빨간 놈.,오늘은 원순이 거돈이 성변태로 시작된 보궐선거 날입니다내일영서니는 생태탕 집 서빙하러세후니는 서울시청 시장실로영추니는 가덕도 생태 잡으로형주니는 부산시청 시장실로참을만큼 참았다오늘은 못참지,2주 전,2022어벤저스,2.1천,7,74
2030 선거 혁명으로 文주주의 깨부순다,2021. 4. 6.,낭인,서울 부산  부정부패  낼부터  대청소 시작하자   나라대청소는  지금 힘들지만  작은바람이  곧  폭풍 됀다,2주 전,2022어벤저스,2.1천,7,27
2030 선거 혁명으로 文주주의 깨부순다,2021. 4. 6.,#윤석열#법통령,위선과 무능 문재인 심판의 날 입니다 💪 투표해야 바꿉니다 💏 반드시 투표 🗳 합시다 정치에 무관심하고 외면하면 가장 저질스러운 인간들의 지배를 당하게 됩니다2번에는 2번 오세훈 박형준 찍고 승리✌ 합시다,2주 전(수정됨),2022어벤저스,2.1천,7,29
2030 선거 혁명으로 文주주의 깨부순다,2021. 4. 6.,배리양,20대 반란 투사들의 유세장 연설은 순수를 넘어 너무너무 핵사이다  명연설👍👍👍대선  때도 밴치 마킹🙏🙏🙏,2주 전,2022어벤저스,2.1천,7,16
2030 선거 혁명으로 文주주의 깨부순다,2021. 4. 6.,영희함,"꼭 심판 해야 합니다 .. 정권교체가 답,  부패완판..",2주 전,2022어벤저스,2.1천,7,16
2030 선거 혁명으로 文주주의 깨부순다,2021. 4. 6.,이영희,20대들의 울분.분노세분 말씀들으면서.우리 아들도 감동하네요.우리는 아침체조하면서  하루를 맞이하는 세대였는데 우리자식들은 벌써 자기들 앞날이 너무 불투명하다고 걱정하는데세분 말씀에 가슴이 먹먹해집니다앞으로 좋은 말씀 자주 듣게 되기를,2주 전,2022어벤저스,2.1천,7,19
2030 선거 혁명으로 文주주의 깨부순다,2021. 4. 6.,고진영,사전투표가 의심되어새벽에 본  오세훈 2번꾸욱 눌렀어요좋은결과있겠지요^^우리모두마지막까지 힘을 모읍시다방심은 절대안되요^^,2주 전,2022어벤저스,2.1천,7,21
2030 선거 혁명으로 文주주의 깨부순다,2021. 4. 6.,유인옥,강남구 논현1동 제2투표소 다녀왔습니다 ~~10여명 대기줄에 약간 실망했는데 그러나 기대됩니다 ~~오후8시까지라서 오후에 많이 투표하실거같아요~~오세훈 서울시장 승리 ✌,2주 전,2022어벤저스,2.1천,7,23
2030 선거 혁명으로 文주주의 깨부순다,2021. 4. 6.,이영순,"Tv조선,채널A 시사프로에서 뵈면서귀가울여 봣던 세분 너무 존경스럽습니다. 보수 진보를 떠나서 깊은 애국심이 느껴저 많이 시청하고 전파하겠읍니다 ~~",2주 전,2022어벤저스,2.1천,7,13
2030 선거 혁명으로 文주주의 깨부순다,2021. 4. 6.,kim kim,좋으시고.구구절절 맞는말씀들 듣고 있노라니.정말 어찌 나라가 이리 되었는지. 가슴이 미어지네요.저도 이십대 아들이 있습니다.생각하면 그세대들한테 미안하지요.좋은 유튜브 방송 만들어주셔서 감사하게 잘보고 있습니다.,2주 전,2022어벤저스,2.1천,7,16
2030 선거 혁명으로 文주주의 깨부순다,2021. 4. 6.,lunari park,세분  말씀에 정말 공감합니다.정말 걱정입니다.,2주 전,2022어벤저스,2.1천,7,15
2030 선거 혁명으로 文주주의 깨부순다,2021. 4. 6.,김예찬,나라 살려주세요 악한인간들   주님께서  선하게 하실것이다♡♡♡,2주 전,2022어벤저스,2.1천,7,12
2030 선거 혁명으로 文주주의 깨부순다,2021. 4. 6.,산세베리아,서울시민 부산시민도 광양시민인 내가  왜 이렇게 애가 타나요?나라가 이렇게 무너지는것을 더이상 못보겠고 맘만 애가 타서 죽겠네요,2주 전,2022어벤저스,2.1천,7,10
2030 선거 혁명으로 文주주의 깨부순다,2021. 4. 6.,Kor팔공,진리.팩트를 전해주시는 세분께 감사드립니다!,2주 전,2022어벤저스,2.1천,7,32
2030 선거 혁명으로 文주주의 깨부순다,2021. 4. 6.,김영희,이현종 신지호 장예찬 세분  열렬히 지지합니다 많이 배웁니다  고맙습니다,2주 전(수정됨),2022어벤저스,2.1천,7,8
2030 선거 혁명으로 文주주의 깨부순다,2021. 4. 6.,sumire ris,어벤져스 Superhero 세분 선생님 안녕하세요^-^나이가 들어도 정신이 나간 사람들 의외로 많아요보선에서 승리 하여 대선까지 승리로 밀고 가야합니다무능하며 무책임한문정권.그것뿐만아니라 오만과 독선에 빠진 문정권 심판 해야합니다.,2주 전,2022어벤저스,2.1천,7,11
2030 선거 혁명으로 文주주의 깨부순다,2021. 4. 6.,원행심,저자들의 협박 무시무시합니다오세훈 살인 하겟다는 글과 무기도 준비햇다고 하네요 이런글이 올라왔다고 ㅠ어쩌다 국민성이 이래 됫는지 살벌하네요 ㅠ,2주 전(수정됨),2022어벤저스,2.1천,7,13
2030 선거 혁명으로 文주주의 깨부순다,2021. 4. 6.,새마을,늦었지만오늘도 어김없이응원할라고 들어왔습니다세분 말씀 듣다보면온나라가 정상적으로작동하는듯한느낌 받습니다제발 이나라가바르게 자유롭게 공정하게제자리 찾기를소원합니다울자식 세대들이살맛나는 세상이 돼야지요세분 오늘도 힘내시고그힘 힘든 국민들에게도전염시켜주십시오세분👍👍👍입니다,2주 전,2022어벤저스,2.1천,7,6
2030 선거 혁명으로 文주주의 깨부순다,2021. 4. 6.,카리스마황후,👏👏👏👏👏👏👏👏마무리 말씀에 가슴이 뭉클하고  코끝이 찡해옵니다정말 우리 아이들에게  꿈과 희망을  가질수 있는 세상을 만들어 줍시다,2주 전,2022어벤저스,2.1천,7,8
2030 선거 혁명으로 文주주의 깨부순다,2021. 4. 6.,권재도,아침 일찍 투표했습니다~~~~,2주 전,2022어벤저스,2.1천,7,7
2030 선거 혁명으로 文주주의 깨부순다,2021. 4. 6.,Monica K,투표로 건달 정권 심판을! (소리가 모노로 나왔다가 스테레오로 나왔다가...개선이 필요함),2주 전(수정됨),2022어벤저스,2.1천,7,23
2030 선거 혁명으로 文주주의 깨부순다,2021. 4. 6.,조윤재,똑똑한 20대입니다  !  공작정치에 안넘어갑니다,2주 전,2022어벤저스,2.1천,7,14
2030 선거 혁명으로 文주주의 깨부순다,2021. 4. 6.,리디아신,귀한 말씀 감사합니다!,2주 전,2022어벤저스,2.1천,7,11
2030 선거 혁명으로 文주주의 깨부순다,2021. 4. 6.,유라임,이 방송을  젊은들에게 널리널리 공유했으면 좋겟습니다,2주 전,2022어벤저스,2.1천,7,29
2030 선거 혁명으로 文주주의 깨부순다,2021. 4. 6.,lunari park,종편에서 나오신 세분 말씀시간이 너무짧아 늘~아쉬웠는데 정말 이런채널을 개설해주셔서 너무 감사드립니다.이방송 언제 올라오나만 기다립니다.,2주 전,2022어벤저스,2.1천,7,12
2030 선거 혁명으로 文주주의 깨부순다,2021. 4. 6.,산딸나무,"2022 어벤져스  시그널부터 우렁차고 힘찬기상 !! 세분의 박학다식 예리한 정세분석과 암울한 현재를 타파해니갈 미래지향 적해답을 안내해주심 감사합니다 생각만으로도 울렁이고 자랑스러운 우리 대한민국이었는데, 순식간에 이렇게 양아치건달 나라로 망가뜨려져 넘넘 가슴아픕니다",2주 전,2022어벤저스,2.1천,7,20
2030 선거 혁명으로 文주주의 깨부순다,2021. 4. 6.,최바라기,세분 말씀에 동의합니다 회사를 골라  다녔던  시절이 다시오길 바래 봅니다,2주 전,2022어벤저스,2.1천,7,22
2030 선거 혁명으로 文주주의 깨부순다,2021. 4. 6.,Albert,소대갈통 떼떼  앵무새라고 일반 국민이 그랬다면 명예훼손으로 고소당했을겁니다,2주 전,2022어벤저스,2.1천,7,7
2030 선거 혁명으로 文주주의 깨부순다,2021. 4. 6.,문영애,세분 수고 많으십니다♡큰일들 하실려면 건강 잘 챙기시면서 하시길 ~ 살기좋은 나라위해 기도 많이 하겠읍니다~~~,2주 전,2022어벤저스,2.1천,7,7
2030 선거 혁명으로 文주주의 깨부순다,2021. 4. 6.,바바로미,연일 나라 미래를 위해 애쓰시는 세 분 감사합니다,2주 전,2022어벤저스,2.1천,7,7
2030 선거 혁명으로 文주주의 깨부순다,2021. 4. 6.,HOUSE KIM,1시간 기다려 2번찍고 왔는데 오세훈이 꼭 되야하는데 불안합니다 민주당이 되면 그꼴을 봐야하는 스트레스  지옥입니다  항상 세분께 감사합니다,2주 전,2022어벤저스,2.1천,7,9
2030 선거 혁명으로 文주주의 깨부순다,2021. 4. 6.,장승호,세분 노고에진심으로 감사드립니다 ^^~,2주 전,2022어벤저스,2.1천,7,10
2030 선거 혁명으로 文주주의 깨부순다,2021. 4. 6.,sook eun,오늘  투표  잘하고  오세(훈)요개미친 영선생때(태)탕  잊지 마세요  😷,2주 전,2022어벤저스,2.1천,7,11
2030 선거 혁명으로 文주주의 깨부순다,2021. 4. 6.,이희선,장예찬님의 야무진 꿈이선배님들을 모시고 꼭이루어져서 어둠속에헤매는 젊은세대에 고민을들어주고 함께 풀어나가는 어벤저스가 되길 기원합니다!,2주 전(수정됨),2022어벤저스,2.1천,7,15
2030 선거 혁명으로 文주주의 깨부순다,2021. 4. 6.,최쑥희,tv보면서 늘 응원했던 세 분~유툽에서도 뵐수있어  넘 반갑고 좋으네요.좋은 말씀 기대합니다💟,2주 전,2022어벤저스,2.1천,7,11
2030 선거 혁명으로 文주주의 깨부순다,2021. 4. 6.,임화선,신지호교수님  음량이 다른분보다 작게나옵니다ㅜ,2주 전(수정됨),2022어벤저스,2.1천,7,15
2030 선거 혁명으로 文주주의 깨부순다,2021. 4. 6.,Hun Chae Chung,20~30대와의 대화 지지 해요,2주 전,2022어벤저스,2.1천,7,10
2030 선거 혁명으로 文주주의 깨부순다,2021. 4. 6.,남오뚜기,세분을 여기서 뵙는군요.수고들하셨습니다!,2주 전,2022어벤저스,2.1천,7,14
2030 선거 혁명으로 文주주의 깨부순다,2021. 4. 6.,NMC,투표하러 갈겁니다.  2번으로!,2주 전,2022어벤저스,2.1천,7,9
2030 선거 혁명으로 文주주의 깨부순다,2021. 4. 6.,Asli Kium,우리가 It강국 이란 건 자위다,2주 전(수정됨),2022어벤저스,2.1천,7,7
2030 선거 혁명으로 文주주의 깨부순다,2021. 4. 6.,최경영,"이 시대의 정의를 펴시는 세 분 정말 든든하고 고맙습니다.근데, 세 분이라 힘드시겠지만, 오디오에 좀더 신경 써 주시면 좋겠습니다.",2주 전,2022어벤저스,2.1천,7,4
2030 선거 혁명으로 文주주의 깨부순다,2021. 4. 6.,푸들블랙,이제는 어벤져스가 시간이기다려지세요세분 항상건강하세요홧팅~~👍👍,2주 전,2022어벤저스,2.1천,7,23
2030 선거 혁명으로 文주주의 깨부순다,2021. 4. 6.,Veron Free,이렇게 고품격 방송 어벤저스 구독자수가 좀더 광속으로 늘어나야 할텐데요,2주 전,2022어벤저스,2.1천,7,30
2030 선거 혁명으로 文주주의 깨부순다,2021. 4. 6.,이은선,맞아요~젊은이들의 말에 귀기울여야 꼰대정당소리 안들어요.기득권도 내려놓아야 2030도 참여할거같네요~~~말씀 너무 공감되네요~~~,2주 전,2022어벤저스,2.1천,7,4
2030 선거 혁명으로 文주주의 깨부순다,2021. 4. 6.,원지현,미디어 매체가 부족한 시절 젊은 층이 좌쪽의  프레임에 씌여있었어요 시류가 바뀌였으니 정책을 잘만들어 잘 전달될수 있게  젊은 층을 보듬어 안기를 바랍니다,2주 전,2022어벤저스,2.1천,7,8
2030 선거 혁명으로 文주주의 깨부순다,2021. 4. 6.,이경애,세분~!!신뢰 100%,2주 전,2022어벤저스,2.1천,7,13
2030 선거 혁명으로 文주주의 깨부순다,2021. 4. 6.,강동희,세분👍파이팅입니다         티비에서도  반갑게 잘보고있습니다💕,2주 전,2022어벤저스,2.1천,7,6
2030 선거 혁명으로 文주주의 깨부순다,2021. 4. 6.,신정애,정수기 커버는 최고의 브랜드로만 엄청 많이 챙겨 놨지 않았을까요?!,2주 전(수정됨),2022어벤저스,2.1천,7,10
2030 선거 혁명으로 文주주의 깨부순다,2021. 4. 6.,bok.w lee,수고많으셨습니다 잘들었습니다 어벤저스 빠른시일내에 10만 30만 으로 응원합니다 화이팅 입니다 🙌,2주 전,2022어벤저스,2.1천,7,4
2030 선거 혁명으로 文주주의 깨부순다,2021. 4. 6.,한 강,세 분의 아주 좋은 의견들 너무 좋습니다.문재인 정권이 망가뜨려 놓은 현재의 우리 대한민국을 다시 살리려면 정권탈환이 필수인데그 젊은 세대들에게 다가가는 방법론이 아주 머리에 쏙쏙 들어 옵니다.열렬한 응원과 박수를 보내 드립니다.,2주 전,2022어벤저스,2.1천,7,8
2030 선거 혁명으로 文주주의 깨부순다,2021. 4. 6.,김답답,"TV에서 여당쪽의 말도 안되는 궤변을 이기는 세분의 정치 분석과 해설덕분에 뉴스를 위로받으며 봅니다세분 건강하시고, 승승장구 하시길 기원합니다! 💖",2주 전,2022어벤저스,2.1천,7,6
2030 선거 혁명으로 文주주의 깨부순다,2021. 4. 6.,서미경,이런 합리적인 유트브방송이 많아져야할텐데. 너무극우적이고. 자극적인 유트브들이 많아서. 걱정이에요,2주 전,2022어벤저스,2.1천,7,8
2030 선거 혁명으로 文주주의 깨부순다,2021. 4. 6.,K쏘머즈,공감가는 말씀 고맙습니다^^,2주 전,2022어벤저스,2.1천,7,8
2030 선거 혁명으로 文주주의 깨부순다,2021. 4. 6.,배리양,한 주제 당 13~15분 설정에 두 가지 주제를 설정  해 주시면 어떨까요 🙆‍♀️🙆‍♀️🙆‍♀️,2주 전,2022어벤저스,2.1천,7,5
2030 선거 혁명으로 文주주의 깨부순다,2021. 4. 6.,ku kim,정치성황을 정확히 논평하시는 분들이 모이셨네요!! 구독자들이  많아서 옳바른 정치 감각을 가질수 있으면 좋겠습니다!!!,2주 전,2022어벤저스,2.1천,7,8
2030 선거 혁명으로 文주주의 깨부순다,2021. 4. 6.,김예찬,사람답게 살아야지   악한것들 참 🤦   상식과  정의  도덕적으로  살아야지,2주 전,2022어벤저스,2.1천,7,4
2030 선거 혁명으로 文주주의 깨부순다,2021. 4. 6.,강제나,부지런한 어벤저스님 !감사합니다,2주 전,2022어벤저스,2.1천,7,17
2030 선거 혁명으로 文주주의 깨부순다,2021. 4. 6.,김명옥,장예찬님 젊은 분이 날카토운 지적 훌륭 합니다.♡♡♡,2주 전,2022어벤저스,2.1천,7,2
2030 선거 혁명으로 文주주의 깨부순다,2021. 4. 6.,이복심,"요즘 20,30생각하면너무 가슴 아파요.",2주 전,2022어벤저스,2.1천,7,9
2030 선거 혁명으로 文주주의 깨부순다,2021. 4. 6.,쟝고,명쾌하다! 시원하다! 냉장된 사이다 큰컵에 마신것같다! 속이 팍트인다!!,2주 전,2022어벤저스,2.1천,7,8
2030 선거 혁명으로 文주주의 깨부순다,2021. 4. 6.,김영하,진정으로 마음을 열고 20대들이 이야기 하는것을 들어 주고 토론해서 진정성있게 무엇을 바라는것인지 알아야 할것이다,2주 전(수정됨),2022어벤저스,2.1천,7,4
2030 선거 혁명으로 文주주의 깨부순다,2021. 4. 6.,전두환,굿 평론💖,2주 전,2022어벤저스,2.1천,7,4
2030 선거 혁명으로 文주주의 깨부순다,2021. 4. 6.,최숙희,꼭  이기면 좋겠습니다  납작코가  되게!,2주 전,2022어벤저스,2.1천,7,6
2030 선거 혁명으로 文주주의 깨부순다,2021. 4. 6.,폴리빌리,2030...혁명을 이루라....이 나라를 살려라,2주 전,2022어벤저스,2.1천,7,6
2030 선거 혁명으로 文주주의 깨부순다,2021. 4. 6.,grace kim,포플리즘을 막는 걸 헌법에 명시하는 거 정말 좋은 생각입니다,2주 전,2022어벤저스,2.1천,7,2
2030 선거 혁명으로 文주주의 깨부순다,2021. 4. 6.,오영희,공감💯💯💯💯💯,2주 전,2022어벤저스,2.1천,7,5
2030 선거 혁명으로 文주주의 깨부순다,2021. 4. 6.,코스모스,나라를 바꾸는 맨앞줄에 세분이 계셔서 희망을품게 되었슴다. 그래도 절망을 뒤로할수 있어 감사합니다.,2주 전,2022어벤저스,2.1천,7,3
2030 선거 혁명으로 文주주의 깨부순다,2021. 4. 6.,하지인,어벤저스  야호!!우리우파의  힘받는  세분   존경합니다의지할곳없는  우파의  심정  달내주시는 어벤저스  야호!!,2주 전,2022어벤저스,2.1천,7,4
2030 선거 혁명으로 文주주의 깨부순다,2021. 4. 6.,강호,이제는  자만의길을 걷지말고정말  민심이  무었을 원하는지뼈저리게  느끼고 잊지말아야삽니다,2주 전,2022어벤저스,2.1천,7,1
2030 선거 혁명으로 文주주의 깨부순다,2021. 4. 6.,김태수,찿아네요 ㆍ여기들계시네요,2주 전,2022어벤저스,2.1천,7,4
2030 선거 혁명으로 文주주의 깨부순다,2021. 4. 6.,정웅식,너무 감사드리고 항상 건강하시길 기원합니다,2주 전,2022어벤저스,2.1천,7,1
2030 선거 혁명으로 文주주의 깨부순다,2021. 4. 6.,ss pp,어벤져스를 보면서 희망이 있는 미래를 봅니다  화이팅입니다 감사합니다,2주 전,2022어벤저스,2.1천,7,5
2030 선거 혁명으로 文주주의 깨부순다,2021. 4. 6.,김동순,대학생들과의 토크 콘서트 꼭  해야  할 과제입니다. 기대하겠습니다.,2주 전,2022어벤저스,2.1천,7,1
2030 선거 혁명으로 文주주의 깨부순다,2021. 4. 6.,이영숙,세분도   얼마나 기다린   시간   입니까   기분  좋은밤  입니다,2주 전,2022어벤저스,2.1천,7,1
2030 선거 혁명으로 文주주의 깨부순다,2021. 4. 6.,투게더,오디오 좀.. 약해요 ㅠㅜ..,2주 전,2022어벤저스,2.1천,7,9
2030 선거 혁명으로 文주주의 깨부순다,2021. 4. 6.,Sky Blue,멋집니다 ^^!!,2주 전,2022어벤저스,2.1천,7,6
2030 선거 혁명으로 文주주의 깨부순다,2021. 4. 6.,김성환,어밴저스.우파중도 애국 정의방송 사랑합니다.,2주 전,2022어벤저스,2.1천,7,5
2030 선거 혁명으로 文주주의 깨부순다,2021. 4. 6.,바람돌이,오늘 서울시장 선거에서 국힘의 오세훈후보가 당선되었네요..작년선거 끝났을때 생각하니  찡~~합니다...지금부터라 생각합니다..많은 힘 되어주세요..응원합니다🍒🍒🍒,2주 전,2022어벤저스,2.1천,7,1
2030 선거 혁명으로 文주주의 깨부순다,2021. 4. 6.,이신식,세분 진짜로 좋은 역사이야기 감사합니다,2주 전,2022어벤저스,2.1천,7,1
2030 선거 혁명으로 文주주의 깨부순다,2021. 4. 6.,유명종,오디오 점검요,2주 전,2022어벤저스,2.1천,7,4
2030 선거 혁명으로 文주주의 깨부순다,2021. 4. 6.,young Ho Song,늘 좋은정보와 말씀에 감사드립니다특히 좋아하는 신지호님.이현종님.장예찬님 정말 정말 고맙습니다다만 오디오가 조금은 울리는것 같아요 음량도 조금은 작은것 같구요한번 점검해주세요,2주 전,2022어벤저스,2.1천,7,6
2030 선거 혁명으로 文주주의 깨부순다,2021. 4. 6.,*망고스틱,실시간도 부탁드려요~~~~^^,2주 전,2022어벤저스,2.1천,7,8
2030 선거 혁명으로 文주주의 깨부순다,2021. 4. 6.,백성기,2022어벤져스 화이팅!,2주 전,2022어벤저스,2.1천,7,7
2030 선거 혁명으로 文주주의 깨부순다,2021. 4. 6.,고릴라,구구 절절히 맞는 말이네요 아 ~~~ 희망이 없는게 문제 입니다,2주 전,2022어벤저스,2.1천,7,1
2030 선거 혁명으로 文주주의 깨부순다,2021. 4. 6.,이천형,항상  좋은정보감사합니다 수고하세요,2주 전,2022어벤저스,2.1천,7,5
2030 선거 혁명으로 文주주의 깨부순다,2021. 4. 6.,하지인,나라빚은  이천조래요이나라   어떻게 하나요,2주 전,2022어벤저스,2.1천,7,5
2030 선거 혁명으로 文주주의 깨부순다,2021. 4. 6.,chang woo Lee,당연한 현상 아닙니까?20대들도 듣고 보는 판단력이 대단한 것 같네요~~~기본적인 공정이 공정하지 않았으니 20대가 열받은 거죠!!!,2주 전,2022어벤저스,2.1천,7,1
2030 선거 혁명으로 文주주의 깨부순다,2021. 4. 6.,그래그래,2030 세대는 매우 개인주의적이며 많은 이해관계들을 현명하게 판단하는 세대입니다 가족주의적이고 워라벨정신을 가지고 있으며 성평등에 매우 선도적인 세대이지요 그러므로 현명함에 방점을 두고 대응하시는건 어떨까 싶습니다 이들은 생각보다 똑똑합니다 그만큼 정보가 많아졌고 커무니티가 발달된 세대이기도 합니다,2주 전,2022어벤저스,2.1천,7,12
2030 선거 혁명으로 文주주의 깨부순다,2021. 4. 6.,이영숙,소맥하며   티비  보고   있어요,2주 전,2022어벤저스,2.1천,7,1
2030 선거 혁명으로 文주주의 깨부순다,2021. 4. 6.,김상추,항상   좋은말   들어서 정말 감사합니다,2주 전,2022어벤저스,2.1천,7,1
2030 선거 혁명으로 文주주의 깨부순다,2021. 4. 6.,고목,"늘옳은판단으로한목소리를내주시는분들이여기계셨군요!세분덕에오세훈시장이당선되었다할정도로세분패널큰수고칭찬드려요!부탁드려요,상식있는나라다시찾는데큰역활들해주시기를응원합니다~~✌🏻✌🏻",2주 전,2022어벤저스,2.1천,7,0
2030 선거 혁명으로 文주주의 깨부순다,2021. 4. 6.,Nono No,이겼다!!! 고맙습니다!,2주 전,2022어벤저스,2.1천,7,1
2030 선거 혁명으로 文주주의 깨부순다,2021. 4. 6.,정휘연,우~와~ 이 세분 진짜 최고입니다볼수록 빠져들고 문제의식과 해결방안까지 너무 알찹니다..내년대선의 정권교체에 큰힘이될 것을 확신합니다..,2주 전,2022어벤저스,2.1천,7,1
2030 선거 혁명으로 文주주의 깨부순다,2021. 4. 6.,이크리스티나,오늘 꼭 이겨서 무능정권 심판해야됩니다 서울 부산 시민 여러분! 꼭 투표해주세요 여러분의 손이 이나라를 구해냅니다~,2주 전,2022어벤저스,2.1천,7,25
2030 선거 혁명으로 文주주의 깨부순다,2021. 4. 6.,Moon Kill,어벤져스....외에  20.30.40.50.60이  함께  토론하는것도  좋을듯요...서로의  고민을  하나씩  들어보고  이해하고  위로하며  앞으로  나아가는  방송도  생겼음 해요,2주 전,2022어벤저스,2.1천,7,1
2030 선거 혁명으로 文주주의 깨부순다,2021. 4. 6.,terarose K,나라를 바로세울 멋진 세분의 해법을 응원합니다~ ^^,2주 전,2022어벤저스,2.1천,7,6
2030 선거 혁명으로 文주주의 깨부순다,2021. 4. 6.,castoro,"연극은 막이 내렸는데,,공수처 문제와 선거관리위원회 문제는 해결이 되야 하지 않을까 싶다,, !!!",2주 전,2022어벤저스,2.1천,7,1
2030 선거 혁명으로 文주주의 깨부순다,2021. 4. 6.,taeyoung heo,이렇게 상황을 냉철히 보고 해결 가능성이 보이는 어른들께서는 왜 문제를 해결할 수 있는 위치에 안계신지 참 안타깝습니다. 현실의 결과가 주어졌는데도 눈가리고 아웅하는 위에 계신 답답한 어른들 정말 몽둥이질 하고싶습니다.,1주 전,2022어벤저스,2.1천,7,0
2030 선거 혁명으로 文주주의 깨부순다,2021. 4. 6.,k sky,김현종씨 소리가 안 나옵니다,2주 전,2022어벤저스,2.1천,7,2
2030 선거 혁명으로 文주주의 깨부순다,2021. 4. 6.,테레핀,소리 볼륨 자체가 좀 약합니다~~,2주 전,2022어벤저스,2.1천,7,2
2030 선거 혁명으로 文주주의 깨부순다,2021. 4. 6.,ᄆᄆᄆ,이땅.대한민국에서.미래를보며.살고싶습니다.,2주 전,2022어벤저스,2.1천,7,0
2030 선거 혁명으로 文주주의 깨부순다,2021. 4. 6.,노복남,현종이행님 멋째이  방송에서 짤릴까 걱정됩니다,2주 전,2022어벤저스,2.1천,7,2
2030 선거 혁명으로 文주주의 깨부순다,2021. 4. 6.,로이클,젊은얘들 짠하네요.,2주 전,2022어벤저스,2.1천,7,1
2030 선거 혁명으로 文주주의 깨부순다,2021. 4. 6.,Pink Lady,이현종님 오디오가 안들리네요,2주 전,2022어벤저스,2.1천,7,1
2030 선거 혁명으로 文주주의 깨부순다,2021. 4. 6.,이정호,광우병은 지금생각해도 ㅋㅋㅋㅋㅋ 그땐 너무 어려서 몰랐는데 지금와서 생각해보면 ㄹㅇ 멍청하다,1주 전,2022어벤저스,2.1천,7,0
2030 선거 혁명으로 文주주의 깨부순다,2021. 4. 6.,무법자,투표안하신분들 바쁘시더라도 꼭. 기호2번 오세훈 박형준에 투표해주세요 ㅡ정권교체의 지름길 임니다 ㅡ부탁드림니다 투표해주세요,2주 전,2022어벤저스,2.1천,7,5
2030 선거 혁명으로 文주주의 깨부순다,2021. 4. 6.,김재중,40대가 아직 덜 망해서 그래.,2주 전,2022어벤저스,2.1천,7,4
2030 선거 혁명으로 文주주의 깨부순다,2021. 4. 6.,이성제,AI 때문에 몇몇 직업이 없어질지는 몰라도 일자리가 부족해지지는 않을거에요,2주 전,2022어벤저스,2.1천,7,0
2030 선거 혁명으로 文주주의 깨부순다,2021. 4. 6.,Sungwoo Lim,"이 상태로 가면 2,3,40대는 직장이 없기도 하겠지만 공공사업이나 기간시설 건설 등에 강제노역에 내몰리게 될 것이다. 의료보험료를 내기 위해서라도 강제노역에 나서야 할 것이다. 제발 정신차리기 바란다.",2주 전(수정됨),2022어벤저스,2.1천,7,0
2030 선거 혁명으로 文주주의 깨부순다,2021. 4. 6.,이성제,잘 들어주는거 필요없어요,2주 전,2022어벤저스,2.1천,7,0
2030 선거 혁명으로 文주주의 깨부순다,2021. 4. 6.,최명길,공무원 절 반 줄여라!,2주 전,2022어벤저스,2.1천,7,4
2030 선거 혁명으로 文주주의 깨부순다,2021. 4. 6.,이복심,"선관위에서도인정한 무능,내로남불위선 정권을무너뜨릴 소중한 한표꼭 투표합시다.",2주 전,2022어벤저스,2.1천,7,5
2030 선거 혁명으로 文주주의 깨부순다,2021. 4. 6.,정경숙,열심히 해 주세요,2주 전,2022어벤저스,2.1천,7,1
2030 선거 혁명으로 文주주의 깨부순다,2021. 4. 6.,최명길,"40대들, 앞으로 40년 잘 살아라",2주 전,2022어벤저스,2.1천,7,1
2030 선거 혁명으로 文주주의 깨부순다,2021. 4. 6.,부정선거어쩔,📣이제 우파유투 여러분은 부정을 저지르지 못하게 하는 대 기획을 해서 미리 선관위에 알려서 못하게 해야하는 일을 국민들과 함께 해야합니다.👉처음부터 끝까지 국민들이 직접 개입을 할것을 알려서 부정은 꿈도 꾸지못하게 해야 합니다.저지른후는  이제 잡을수 없으니.전문가들을 공개모집을 하여서...국민들은 후원을 아끼지 않을것입니다.빨리 모이셔서 추진을 하십시요.위캔두잇 유투님을 앞세우세요.,2주 전(수정됨),2022어벤저스,2.1천,7,0
2030 선거 혁명으로 文주주의 깨부순다,2021. 4. 6.,김근숙,선거승리할수있게 전략좀 밝혀주세요,2주 전,2022어벤저스,2.1천,7,2
2030 선거 혁명으로 文주주의 깨부순다,2021. 4. 6.,김명옥,이현종님 늘 존경 합니다.  논리 아무도 능가 할수 없구요!!! 품위 있으시고 ~~  존경 합니다.!!!,2주 전,2022어벤저스,2.1천,7,2
2030 선거 혁명으로 文주주의 깨부순다,2021. 4. 6.,최지환,너무 좋은 말씀들 감사합니다. 그런데 밑의분 말씀대로 음향 시스템은 좀 개선부탁드려요.,2주 전(수정됨),2022어벤저스,2.1천,7,0
2030 선거 혁명으로 文주주의 깨부순다,2021. 4. 6.,김은태,소리가  잘 안들려요,2주 전,2022어벤저스,2.1천,7,0
2030 선거 혁명으로 文주주의 깨부순다,2021. 4. 6.,shop girl10,음량이 너무 작아서 잘 들리지 읺아요ㅜㅜ 정권이 바뀔때까지 응원합니다!!!!!!,2주 전(수정됨),2022어벤저스,2.1천,7,1
2030 선거 혁명으로 文주주의 깨부순다,2021. 4. 6.,팀캠피,아직 오디오가 이상하네요 이어폰으로들으면 오른쪽왼쪽 패널별로 그쪽만 나오네요,2주 전,2022어벤저스,2.1천,7,1
2030 선거 혁명으로 文주주의 깨부순다,2021. 4. 6.,Howard kim,대화 내용은 정말 특특A급 수준이신데...음! 오디오는 집중해서 듣기에 많이 부족한 느낌으로 아쉽네요!,2주 전,2022어벤저스,2.1천,7,2
2030 선거 혁명으로 文주주의 깨부순다,2021. 4. 6.,낭인,문씨  사진 모자이크  처리  잘했습니다,2주 전,2022어벤저스,2.1천,7,5
2030 선거 혁명으로 文주주의 깨부순다,2021. 4. 6.,김여우,세분ㅡㅋㅋㅡ이겼네요ㅡ넘좋아요ㅡ보수는아니지만ㅡ이정권에ㅡ넘화가났었는데요ㅡ잘했다싶어요ㅡ그런데ㅡ나쁜말한마디만할께요ㅡ분리수거해야할것같아요ㅡ선관위ㅡ어준방송,2주 전,2022어벤저스,2.1천,7,1
2030 선거 혁명으로 文주주의 깨부순다,2021. 4. 6.,br219 k,이현종  위원님  장예찬님  힘내시고  좋은 방송  기대합니다,2주 전,2022어벤저스,2.1천,7,1
2030 선거 혁명으로 文주주의 깨부순다,2021. 4. 6.,이교주,"세분말씀에 백퍼 공감합니다.문정권이 들어서게된 이유가 젊은세대들때문이기에 젊은 세대들이 고통을 받아야 됩니다. 자업자득,",2주 전,2022어벤저스,2.1천,7,2
2030 선거 혁명으로 文주주의 깨부순다,2021. 4. 6.,천사에이미,무너지는 대한민국을 다시 세워야합니다.2030이 희망입니다.,2주 전,2022어벤저스,2.1천,7,1
2030 선거 혁명으로 文주주의 깨부순다,2021. 4. 6.,2021 Bright side,"영서니와 이 정부가 일자리 안말들고 AI 자꾸 거론하는건 분명 그 사업에 지들편 끼리 무슨 사업을 시작했겠지! 태왕광 처럼~ LH 처럼, 여기저기 개발땅 사놓은 것처럼, 고속도로 까지 바꾸는 것처럼...나라는 없고 국민도 없고 오직 우리끼리, 지들 끼리만 있는 거대한 범죄집단!",2주 전,2022어벤저스,2.1천,7,2
2030 선거 혁명으로 文주주의 깨부순다,2021. 4. 6.,성지원,일자리  같은 일자리싹 다 몰아내고  지들편  일자리만  만드는 좌파정권 ᆢ씬물 난다알바자리도 없으니 ᆢ,2주 전,2022어벤저스,2.1천,7,7
2030 선거 혁명으로 文주주의 깨부순다,2021. 4. 6.,최수빈,세금퍼주는담배꽁줍는일자리창출,2주 전,2022어벤저스,2.1천,7,1
2030 선거 혁명으로 文주주의 깨부순다,2021. 4. 6.,Miss Kim,젊은세대를공감할수있는 보수가돼야지요~,2주 전,2022어벤저스,2.1천,7,13
2030 선거 혁명으로 文주주의 깨부순다,2021. 4. 6.,SY Oh,"Good,good!",2주 전,2022어벤저스,2.1천,7,2
2030 선거 혁명으로 文주주의 깨부순다,2021. 4. 6.,사과콜라 TV,😀👍👍👍💯,2주 전,2022어벤저스,2.1천,7,2
2030 선거 혁명으로 文주주의 깨부순다,2021. 4. 6.,금은화,소리가잘안들려요,2주 전,2022어벤저스,2.1천,7,1
2030 선거 혁명으로 文주주의 깨부순다,2021. 4. 6.,정금숙,모두 투표해서 나라를바로세우고 꼭 정권교체합시다  오세훈 박형준 승리!!!,2주 전,2022어벤저스,2.1천,7,2
2030 선거 혁명으로 文주주의 깨부순다,2021. 4. 6.,김미숙,👏👏👏👏👏👏👏😁,1주 전,2022어벤저스,2.1천,7,0
2030 선거 혁명으로 文주주의 깨부순다,2021. 4. 6.,낭인,문씨 마스크사진 위에  눈깔이도  모자이크  처리부탁요,2주 전,2022어벤저스,2.1천,7,5
2030 선거 혁명으로 文주주의 깨부순다,2021. 4. 6.,박현숙,👍,2주 전,2022어벤저스,2.1천,7,1
2030 선거 혁명으로 文주주의 깨부순다,2021. 4. 6.,김명옥,신지호님 !!! 옳은 말씀입니다. ~~존경 합니다. 지우 할머니가요!!!!,2주 전,2022어벤저스,2.1천,7,1
2030 선거 혁명으로 文주주의 깨부순다,2021. 4. 6.,Juu Sik,ㅋㅋ ㅡ 찾았어요   이현종 의원님   장예찬 평론가님 ㅡ 너무 반갑습니다   ㅡ   응원합니다   수고하셨습니다,2주 전,2022어벤저스,2.1천,7,1
2030 선거 혁명으로 文주주의 깨부순다,2021. 4. 6.,산세베리아,무능력의 끝판왕이 끝까지 자리보전은 하고 싶어서 참 기가 찹니다 이번에 국민의힘 이십대 청년들 연설을 들으니 그나마 조금은 위안은 되더이다,2주 전,2022어벤저스,2.1천,7,2
2030 선거 혁명으로 文주주의 깨부순다,2021. 4. 6.,m j,이런 개판나라처음본다 내로남불의 나라 아래위도없고 ㆍ정 의   공정 찾아볼수가 없다 ㆍ,2주 전,2022어벤저스,2.1천,7,1
2030 선거 혁명으로 文주주의 깨부순다,2021. 4. 6.,m j,김진욱 퇴출 그자리에두면 더ㅡ개판된다,2주 전,2022어벤저스,2.1천,7,1
2030 선거 혁명으로 文주주의 깨부순다,2021. 4. 6.,전성희,저무능하고 뻔뻔한 더불당 제발  2022어벤져스 시청쫌 했으면 좋겠네요 세분이 우리들의 희망 입니다,2주 전,2022어벤저스,2.1천,7,1
2030 선거 혁명으로 文주주의 깨부순다,2021. 4. 6.,Asli Kium,장평론가.. 20대 지난지 한참된거죠?,2주 전,2022어벤저스,2.1천,7,2
2030 선거 혁명으로 文주주의 깨부순다,2021. 4. 6.,green G,우리나라도 노령연금 나이에 따라 모두 줄것이아니라 노인도 여러곳에서 일할수 있는곳에서 일하고 젊은세대에게 지원을 해줘서 결혼과 자녀양육등 삶의 패턴을 바꾸어야 합니다.장년층들의 그동안 많은 혜택 받은세대라 빈곤층은 복지대상으로 해줘야하지만 재정을 20~30대에게 집중하는계획  지지합니다.,2주 전,2022어벤저스,2.1천,7,1
2030 선거 혁명으로 文주주의 깨부순다,2021. 4. 6.,이영남,180석가지고.이따위로밖에못하는무능한정권꼭.심판해야합니다.세분도.앞장서주세요.국민들스트레스로다죽습니다.,2주 전,2022어벤저스,2.1천,7,2
2030 선거 혁명으로 文주주의 깨부순다,2021. 4. 6.,Who Who,저는 20대 여자인데 솔직히 커뮤니티나 sns에서 문재인 지지하는애들도 왜지지하는지모를거에요 민주당이 다음카페들 관리한다고말도있던데 진짜 누가 선동하면 그냥따라가는것같아요 그래서 주위에 sns안하면 세월호인신공양설 이딴것도 안믿고 객관적으로 생각할수있는데 저는 주위에 대깨친구들도 없어요(제가 극혐하는걸 알아서 티를 안내는건지도 모르겠지만).. 20대여자가문재인 지지층이라고 할때마다 속터지고 여자인것도 쪽팔리고 그렇네요..제발 정신들좀차리자 페미운동하는것도 나라에서 갈라치기하는거같아서 다차단해버렸어요,2주 전,2022어벤저스,2.1천,7,6
2030 선거 혁명으로 文주주의 깨부순다,2021. 4. 6.,남박찬호,일본 자동차 전용도로에는 전부  사람들이 수납을합니다일본은 AI가없는모양이죠~~^^~,2주 전,2022어벤저스,2.1천,7,2
2030 선거 혁명으로 文주주의 깨부순다,2021. 4. 6.,김명옥,이현종 해설 위원님 옳은 말씀 입니다.  !!!!,2주 전,2022어벤저스,2.1천,7,2
2030 선거 혁명으로 文주주의 깨부순다,2021. 4. 6.,이무열무열,"좋아요,세분  다음 정권에서 꼭한자리하셔서 국민들 편안하게 해주세요. 사실은 박근혜탄핵,촛불집회에 앞장서 참석했습니다. 속은것에 분괴합니다.내년 보수정권 선거운동 앞장서겠습니다.파이팅!",2주 전,2022어벤저스,2.1천,7,2
2030 선거 혁명으로 文주주의 깨부순다,2021. 4. 6.,강성은,"범죄 소굴 적와대ᆢ모조리 처단혀서 넘처나는형무소보다 적와대 현판을 적와형무소로 개칭 통채로 용도변경해서 시간과 돈과 인력과 절차를 최소화하여 궁민혈쒜를 절감ᆢ   ""쩝""",2주 전,2022어벤저스,2.1천,7,1
2030 선거 혁명으로 文주주의 깨부순다,2021. 4. 6.,그래그래,2030은 공짜도 좋아하지만 공정한 경쟁을 원합니다 일자리를 나눠주는 사회주의적 형태보다는 무한 경쟁이 힘들고 어렵지만 그럼에도 공정한 경쟁을 통해 자신을 만들고 이루려는 세대입니다 청탁과 낙하산 그리고 정보를 빼내 사리사욕을 채우는 세대가 아니라는것이지요 사리사욕만 채우는 586에 분노하는 이유이기도 합니다,2주 전,2022어벤저스,2.1천,7,2
2030 선거 혁명으로 文주주의 깨부순다,2021. 4. 6.,채명 희,박 정희 대통령이 그립습니다  대한민국을 살린 대통령이었습니다,2주 전,2022어벤저스,2.1천,7,5
2030 선거 혁명으로 文주주의 깨부순다,2021. 4. 6.,황정원,문가 4 년 동안 훼꾸지만했지,2주 전,2022어벤저스,2.1천,7,4
2030 선거 혁명으로 文주주의 깨부순다,2021. 4. 6.,이영남,소대가리는퇴임후.양산말고.북한으로보냅시다,2주 전,2022어벤저스,2.1천,7,1
2030 선거 혁명으로 文주주의 깨부순다,2021. 4. 6.,배경한,"에휴 겨우찾아서 들어왖어요,신지호,이형종,장예찬 평론가님항상냉철하신평론감사해요,반드시 좌빨정부를하루빨리 끚장내야함니다",2주 전,2022어벤저스,2.1천,7,1
2030 선거 혁명으로 文주주의 깨부순다,2021. 4. 6.,ᄆᄆᄆ,같은시절.! 운동귄! 열심히살았는데.내자식미래.안보입니다.이정부가.쇼로.빛으로.독재로.미래를.부셨습니다.아!저도.베트남어배웁니다.이제.난민입니다.대한민국미래가!!,2주 전,2022어벤저스,2.1천,7,0
2030 선거 혁명으로 文주주의 깨부순다,2021. 4. 6.,그래그래,집결해서 투표하고 정권교체를 이룹시다 투표투표 합시다,2주 전,2022어벤저스,2.1천,7,7
2030 선거 혁명으로 文주주의 깨부순다,2021. 4. 6.,곽민채,서울 부산 시민들나라 망하기 전에 222번투표해서 좌빨정권갈아엎어 버립시다~^♥*,2주 전(수정됨),2022어벤저스,2.1천,7,1
2030 선거 혁명으로 文주주의 깨부순다,2021. 4. 6.,이미선,저는 대구사람 입니다선거좀 잘하세요,2주 전,2022어벤저스,2.1천,7,5
2030 선거 혁명으로 文주주의 깨부순다,2021. 4. 6.,윤희굉,"오늘 중앙일보에 문재인 정부의 부채관련, 문정부에서 공무원  무분별 증원도 큰 원인이라고 하던데 거꾸로 가는 정부,  인구는 절벽인데 공무원을 엄청나게 늘리는 말도 안되는 짓거리를 한다.그렇다고 복지 사각지대  국민을 지켜내고 있나?그것도 아니지 않는가.",2주 전,2022어벤저스,2.1천,7,2
2030 선거 혁명으로 文주주의 깨부순다,2021. 4. 6.,유한형,민주당 종치는  날 입니다..,2주 전,2022어벤저스,2.1천,7,1
2030 선거 혁명으로 文주주의 깨부순다,2021. 4. 6.,나무늘보,일제 6.25거친 세대가 고생했듯이 20대두 무능한 좌파정권때문에 불행한 세대가 되었습니다~~,2주 전(수정됨),2022어벤저스,2.1천,7,2
2030 선거 혁명으로 文주주의 깨부순다,2021. 4. 6.,시나브로,우리나라도 독일처림 신규채무 GDP 0.35%이내로 명시하는 대통령에게 투표해야 겠네요.,2주 전,2022어벤저스,2.1천,7,1
2030 선거 혁명으로 文주주의 깨부순다,2021. 4. 6.,SJ,"아~,  PD님은 소리 좀 들어보세요.  다른 영상 보다기 이 영상 보면 오디오 수준이 북딱 떨어지는게 느껴져요.  응원하지만 분발하세요",2주 전,2022어벤저스,2.1천,7,1
2030 선거 혁명으로 文주주의 깨부순다,2021. 4. 6.,Albert,2030세대에 희망을 제시해주고 정의로운  심판관이어야하는데 지금의 좌파는 자기  정치이득만을 위해  물불 안가리죠 김영삼 김대중 노무현의 좌파는 아니죠,2주 전,2022어벤저스,2.1천,7,1
2030 선거 혁명으로 文주주의 깨부순다,2021. 4. 6.,Churl Koh,악독한 페미니즘이 젋은 남성들에게 좌파에 대한 적대심을 키워주고있지....남녀를 편갈라서 싸움붙였다고 평생 저주받을꺼다,2주 전(수정됨),2022어벤저스,2.1천,7,1
2030 선거 혁명으로 文주주의 깨부순다,2021. 4. 6.,황준호,very good,2주 전,2022어벤저스,2.1천,7,1
2030 선거 혁명으로 文주주의 깨부순다,2021. 4. 6.,김우종,오세훈 안철수승리  세분도승리  국민의힘승리  민주당박살내자,2주 전,2022어벤저스,2.1천,7,1
2030 선거 혁명으로 文주주의 깨부순다,2021. 4. 6.,그래그래,선진국에서 자동화 왜 안할까요?  일자리때문인 걸 모르는 여당후보의 말은 막말이었다는겁니다 자동화는 좋은 면도 있지만 적절한 선에서 사회적 합의가 필요한 부분입니다,2주 전,2022어벤저스,2.1천,7,1
2030 선거 혁명으로 文주주의 깨부순다,2021. 4. 6.,조윤재,응원합니다!사회주의자 조국이 법무부 장관하는  나라는 안되! 우리나라는 민주주의의입니다!,2주 전,2022어벤저스,2.1천,7,1
2030 선거 혁명으로 文주주의 깨부순다,2021. 4. 6.,임하돈,"수준높은 세 분의 정치분석을 지지합니다.헌데, 진행 중간의 효과음은 이 채널의 수준을 떨어지게 하는 것 같습니다.방송에 집중하기 힘듭니다.꼭 참고해 주시길 바랍니다.",2주 전,2022어벤저스,2.1천,7,3
2030 선거 혁명으로 文주주의 깨부순다,2021. 4. 6.,김근숙,한겨래기자 잘 잘렸내 한겨래 신문 뉴스 귀담아 안듣는다 다 가짜뉴스인것을 알기따문이다,2주 전,2022어벤저스,2.1천,7,2
2030 선거 혁명으로 文주주의 깨부순다,2021. 4. 6.,Chris Kim,"사십대 어설픈 진보들은 반성해야 한다. 90년 초반 대학 사학년때 대기업 다니던 선배들이 매주 번갈아 가면서 와서 술.고기 사주며 자기 기업 오라고 삼고초려 했었는데. 그게 다 전둣환 노태우 대통령의 경제수석들  덕분이였는데. 지금은 사류, 오류 경제학자들의 어설픈 경제이론을 실험하느라고 이십대들이 고생을 하고 있다. 사십대들아 정신차려라. 니들 뇌가 썩고 있다.",2주 전(수정됨),2022어벤저스,2.1천,7,2
2030 선거 혁명으로 文주주의 깨부순다,2021. 4. 6.,정복주,박정희대통령 아니면 벌써 아시아에서 최빈국이였을  겁니다.   박정희 대통령의 크나큰 업적을잃어버린  이  세대는 어디로 갈 것인가 ?세대  보다 지역이 더 문제입니다.  김대중 김영삼역사의 죄인입니다.,2주 전(수정됨),2022어벤저스,2.1천,7,0
2030 선거 혁명으로 文주주의 깨부순다,2021. 4. 6.,요로시 대구 아지야,"내가 40대인데 김영삼은 정말싫다. 각종 사건사고에 imf국가부도사태, 젤싫고, 그다음 문재인, 박근혜, 노무현등. 중도파의 평가",2주 전(수정됨),2022어벤저스,2.1천,7,0
2030 선거 혁명으로 文주주의 깨부순다,2021. 4. 6.,Juhyun Chun,지금도 젊은세대는 진보적이고 기성세대는 보수적입니다 이건 동서고금을 막론하죠 하지만 이것도 일반적경우이고 진보보수 떠나서 상황이 비상식적 비도덕적이니 이게 무너지는거죠박근혜정권때 세대를 안가리고 다 분노했죠지금도 마찬가지일뿐입니다비상식적정권에 젊은세대 기성세대가 어디있습니까 솔직히 노인세대는 현실적이고 수동적이라 노인연금준다 재난지원금준다하면 표팝니다젊은세대는 혈기가 있으니 재난지원금이니 교통비니 푼돈에도 눈깜짝안해요 오히려 더 분노하죠,2주 전(수정됨),2022어벤저스,2.1천,7,1
2030 선거 혁명으로 文주주의 깨부순다,2021. 4. 6.,김미,과학본질분석없이ㅡ선동당하는게 ㅡ께시민?ㅡ지금 2년께방역은 어케 참음?ㅡ전염병기본수칙이 전염병ㆍ원천도입이니?,2주 전(수정됨),2022어벤저스,2.1천,7,0
2030 선거 혁명으로 文주주의 깨부순다,2021. 4. 6.,m j,2030정신차려라 나라가 이콜인데도 문빠 가좋다고 떠들어되나  ㆍ집값 세금 폭판봐라 ᆢ,2주 전,2022어벤저스,2.1천,7,1
2030 선거 혁명으로 文주주의 깨부순다,2021. 4. 6.,ku kim,이재명이가 정권을 잡으면 나라가 거덜난다!! 아르헨티나 처럼!! 국민세금을 자기의 쌈지돈으로 아는 작자지!!! 절대 반대!!,2주 전,2022어벤저스,2.1천,7,2
