﻿Title,Date,ID,Comment,Comment_date,Channel,Like,Dislike,Comment_like
[2030 시민참여유세#7] 청년들의 분노 섞인 외침에 귀 기울여 주십시오!,2021. 4. 5.,도레미도미,진짜 선거천재 이준석 .. 하버드라 아이디어가 남달라 .. 당선되신다면 이거 꼭 칭찬해주시면 좋겠습니다 당내에서도 !!,2주 전,오세훈TV,1.2천,29,97
[2030 시민참여유세#7] 청년들의 분노 섞인 외침에 귀 기울여 주십시오!,2021. 4. 5.,김정국,똑똑한 청년들은 다 여기있네~!!,3주 전,오세훈TV,1.2천,29,83
[2030 시민참여유세#7] 청년들의 분노 섞인 외침에 귀 기울여 주십시오!,2021. 4. 5.,MIN MIN,아들딸들  장하십니다~세계를 향해 쭉쭉 뻗어가세요~~대한민국 미래세대가 깨어있어 가슴벅차네요👏 👏 👏 👏 👏,3주 전,오세훈TV,1.2천,29,94
[2030 시민참여유세#7] 청년들의 분노 섞인 외침에 귀 기울여 주십시오!,2021. 4. 5.,coriander,오늘도 울었습니다.내 아들의 청년들의 분노에 부끄럽습니다.청년의 이 나라의 미래를 위하여!!,3주 전,오세훈TV,1.2천,29,61
[2030 시민참여유세#7] 청년들의 분노 섞인 외침에 귀 기울여 주십시오!,2021. 4. 5.,최불자,애기들이 언제 이렇게 주관이 또렸한 청년으로 성장했는지 우리 손자도 밖에 나가면 휼륭한 청년이겠죠.뿌듯합니다 그리고 고맙습니다.,3주 전,오세훈TV,1.2천,29,77
[2030 시민참여유세#7] 청년들의 분노 섞인 외침에 귀 기울여 주십시오!,2021. 4. 5.,김지운,대한민국의 미래가 밝습니다.,3주 전,오세훈TV,1.2천,29,57
[2030 시민참여유세#7] 청년들의 분노 섞인 외침에 귀 기울여 주십시오!,2021. 4. 5.,namu5,젊은 청년들 진짜 멋집니다!사상이 바른 걸 보니 눈물이 나네요,3주 전,오세훈TV,1.2천,29,34
[2030 시민참여유세#7] 청년들의 분노 섞인 외침에 귀 기울여 주십시오!,2021. 4. 5.,ej j,✌✌✌✌✌진짜 머 찌 다BGM까지 2002년 월드컵때 그 젊은 열기가 가슴뛰게 한다🇰🇷🇰🇷🇰🇷🇰🇷🇰🇷,3주 전,오세훈TV,1.2천,29,45
[2030 시민참여유세#7] 청년들의 분노 섞인 외침에 귀 기울여 주십시오!,2021. 4. 5.,구엽초삼지,청년분들이 미래고 국보입니다 응원합니다 홧팅👍👍👍,3주 전,오세훈TV,1.2천,29,52
[2030 시민참여유세#7] 청년들의 분노 섞인 외침에 귀 기울여 주십시오!,2021. 4. 5.,홍땅크,캬... 진짜 2030이 뒤집고 일어서니깐 빛이 보인다...,2주 전,오세훈TV,1.2천,29,13
[2030 시민참여유세#7] 청년들의 분노 섞인 외침에 귀 기울여 주십시오!,2021. 4. 5.,윤왕,"미국에서 살다가 온 한국인 청년입니다, 한국의 사회를 보며 삶이 우울하고 무기력 해졌습니다. 오세훈님이 우리나라의 사회에 큰 영향을 줄 수 있는 사람이라규 믿습니다. 오세훈님 화이팅 꼭 당선되시길 바랍니다.",2주 전,오세훈TV,1.2천,29,40
[2030 시민참여유세#7] 청년들의 분노 섞인 외침에 귀 기울여 주십시오!,2021. 4. 5.,ja moon,이준석! 기획 멋찌다.2030 청년들 용기에 큰 박수를 보냅니다👏D-2 오세훈 후보님의 승리의 깃발을 꽂아보아요~✌✌✌,3주 전,오세훈TV,1.2천,29,33
[2030 시민참여유세#7] 청년들의 분노 섞인 외침에 귀 기울여 주십시오!,2021. 4. 5.,DRX한동훈,니네들이 나라 살렷다,2주 전,오세훈TV,1.2천,29,19
[2030 시민참여유세#7] 청년들의 분노 섞인 외침에 귀 기울여 주십시오!,2021. 4. 5.,이현우,민심이 곧 천심 이라고 하지요.저 청년들의 외침이 대한민국의미래가 아닐런지요.이번 선거에 투표로 민심의 향방을 가려 주심이 ᆢ,3주 전,오세훈TV,1.2천,29,44
[2030 시민참여유세#7] 청년들의 분노 섞인 외침에 귀 기울여 주십시오!,2021. 4. 5.,신명희,청년 들이  언제 이렇계  성장    되다니  흐뭇 하고    감격에 눈물이 남니다  오세 훈  의원이  꼭   되시길 기도들 합시다 화이팅,2주 전,오세훈TV,1.2천,29,36
[2030 시민참여유세#7] 청년들의 분노 섞인 외침에 귀 기울여 주십시오!,2021. 4. 5.,쁘라나,이준석대표님😁😁😁청년들의 장을 마련해 주셔서 감사합니다우리 아이들ᆢ어린 마음에ᆢ 얼마나 맺힌것이 많았겠습니까?이렇게 한풀이할수 있게 해주심에 감사합니다사연도 가지각색 구구절절느낀점도 많고배울점도 많았습니다앞으로 이런 장면많이 만들어 주심이이나라 발전에 매우 필요한 일이라 생각합니다,2주 전,오세훈TV,1.2천,29,30
[2030 시민참여유세#7] 청년들의 분노 섞인 외침에 귀 기울여 주십시오!,2021. 4. 5.,#윤석열#법통령,"국민의 힘 의원들, 당직자, 지지자들은 청년들의 목소리를 듣고 반성하고 또 혁신해야 합니다 💪 투표해야 바꿉니다 💏 반드시 투표 🗳 합시다 2번에는 2번 오세훈 박형준 찍고 승리✌ 합시다",3주 전(수정됨),오세훈TV,1.2천,29,44
[2030 시민참여유세#7] 청년들의 분노 섞인 외침에 귀 기울여 주십시오!,2021. 4. 5.,Benjamin K,오세훈 !청년들에게 잘 해줘야 되겠다,2주 전,오세훈TV,1.2천,29,18
[2030 시민참여유세#7] 청년들의 분노 섞인 외침에 귀 기울여 주십시오!,2021. 4. 5.,한재호,준석이가 참 잘하네^^준석이 화이팅이다 자랑스럽다!!!!!!!!!!!!!!!!!!,2주 전,오세훈TV,1.2천,29,15
[2030 시민참여유세#7] 청년들의 분노 섞인 외침에 귀 기울여 주십시오!,2021. 4. 5.,h k,애국정신이 투철한 젊은청년 여러분들 심장이 뛰는 겁니다청년여러분들 화이팅,2주 전,오세훈TV,1.2천,29,20
[2030 시민참여유세#7] 청년들의 분노 섞인 외침에 귀 기울여 주십시오!,2021. 4. 5.,Nal-Da-ram-g 1,나라좀 살려주세요 제발,2주 전,오세훈TV,1.2천,29,11
[2030 시민참여유세#7] 청년들의 분노 섞인 외침에 귀 기울여 주십시오!,2021. 4. 5.,언더커버,대한민국의 아저씨 오저씨 가즈아~~!!금이빨 빼고 모두 찍어줄게,3주 전,오세훈TV,1.2천,29,14
[2030 시민참여유세#7] 청년들의 분노 섞인 외침에 귀 기울여 주십시오!,2021. 4. 5.,이석경,끝까지 최선을 다해서 반드시 승리의 함성을 올릴수 있도록 2번 오세훈  2번 오세훈!!!,2주 전,오세훈TV,1.2천,29,11
[2030 시민참여유세#7] 청년들의 분노 섞인 외침에 귀 기울여 주십시오!,2021. 4. 5.,join so,내가 소속된 20대 남자!!!1등 공신은 우리다~~(선관위 및 TBS의 편파 따위는 우릴 막을수 없다~),2주 전,오세훈TV,1.2천,29,10
[2030 시민참여유세#7] 청년들의 분노 섞인 외침에 귀 기울여 주십시오!,2021. 4. 5.,무이야호,기특하고 뿌듯하고 사랑한다 나의 벗들아 멀리서나마 당신들의 삶과 오세훈 후보를 응원한다^^,2주 전,오세훈TV,1.2천,29,9
[2030 시민참여유세#7] 청년들의 분노 섞인 외침에 귀 기울여 주십시오!,2021. 4. 5.,쁘라나,이나라의 재산도 청년이요 👍미래도 청년입니다 👍이렇게 똑똑한 청년들인데이나라 절대 부칸에 안넘어 갑니다,2주 전,오세훈TV,1.2천,29,10
[2030 시민참여유세#7] 청년들의 분노 섞인 외침에 귀 기울여 주십시오!,2021. 4. 5.,쁘라나,4월7일ᆢ오세훈ᆢ찍는날✌,2주 전,오세훈TV,1.2천,29,8
[2030 시민참여유세#7] 청년들의 분노 섞인 외침에 귀 기울여 주십시오!,2021. 4. 5.,snake white,오세훈 서울시장 당선확실,3주 전,오세훈TV,1.2천,29,15
[2030 시민참여유세#7] 청년들의 분노 섞인 외침에 귀 기울여 주십시오!,2021. 4. 5.,쁘라나,ㅡ당신의 존재 자체가 거짖이다ㅡ이말듣고 상대의 기가 꺽이는게 보였습니다KO한방으로모든 군말 날린겁니다 ✌✌,2주 전,오세훈TV,1.2천,29,9
[2030 시민참여유세#7] 청년들의 분노 섞인 외침에 귀 기울여 주십시오!,2021. 4. 5.,이세계식당,준슥이 잘한다 ㅋㅋ이번에 사고친듯 ㅋㅋ,2주 전,오세훈TV,1.2천,29,12
[2030 시민참여유세#7] 청년들의 분노 섞인 외침에 귀 기울여 주십시오!,2021. 4. 5.,이지은,오세훈 후보님 저도 20대 인데 이 어두운 미래 꼭 보살펴주시고 바른길 올바른길로 다시 잡아주세요 부탁드려요,2주 전,오세훈TV,1.2천,29,8
[2030 시민참여유세#7] 청년들의 분노 섞인 외침에 귀 기울여 주십시오!,2021. 4. 5.,쁘라나,많은분야에 막힘 없으신다재다능 능수능란((경험부자)) 오세훈후보님서울도 나라도 다 맏기고 싶습니다이제 우리 살수 있는 겁니다🙏🙏,2주 전,오세훈TV,1.2천,29,8
[2030 시민참여유세#7] 청년들의 분노 섞인 외침에 귀 기울여 주십시오!,2021. 4. 5.,김탁현,"네,  응원합니다",3주 전,오세훈TV,1.2천,29,23
[2030 시민참여유세#7] 청년들의 분노 섞인 외침에 귀 기울여 주십시오!,2021. 4. 5.,수,국민이 잘먹고 잘사는 나라를 ~~꿈이 아닌 현실이길 바랍니다오세훈 화이팅 ✌✌✌✌✌,2주 전,오세훈TV,1.2천,29,11
[2030 시민참여유세#7] 청년들의 분노 섞인 외침에 귀 기울여 주십시오!,2021. 4. 5.,딸따리,오세훈화이팅,2주 전,오세훈TV,1.2천,29,5
[2030 시민참여유세#7] 청년들의 분노 섞인 외침에 귀 기울여 주십시오!,2021. 4. 5.,Benjamin K,아직 나라에 미래가 있다,2주 전,오세훈TV,1.2천,29,7
[2030 시민참여유세#7] 청년들의 분노 섞인 외침에 귀 기울여 주십시오!,2021. 4. 5.,쁘라나,지금 생태탕아들 나이 31살16년전엔 중학생ᆢ낮에 학교 안가고 뭐했다는건지??그 생태탕집은10년전에 도박장 혐의로벌금이 1200만원ᆢ지금이면 1억이 다되갈듯ᆢ하우스 였다는 거네요ᆢ,2주 전,오세훈TV,1.2천,29,4
[2030 시민참여유세#7] 청년들의 분노 섞인 외침에 귀 기울여 주십시오!,2021. 4. 5.,쁘라나,저라도ᆢ16년전 일이면ᆢ기억도 안나고ᆢ누가 뭘 물어봐도자세한 답 못하겠습니다그러다 보니 말이 꼬일수 있는거고한번 말이 꼬이니계속 곤란해 졌던 거겠죠충분히 이해갑니다 😁😁,2주 전(수정됨),오세훈TV,1.2천,29,8
[2030 시민참여유세#7] 청년들의 분노 섞인 외침에 귀 기울여 주십시오!,2021. 4. 5.,김성아,우리 젊은이들에게 행복한 자유 민주주의 대한민국을 물려 줍시다 !!!,2주 전,오세훈TV,1.2천,29,6
[2030 시민참여유세#7] 청년들의 분노 섞인 외침에 귀 기울여 주십시오!,2021. 4. 5.,레전드TV,대한민국 자랑스런 청년들입니다! 오세훈 후보님 파이팅입니다!,3주 전,오세훈TV,1.2천,29,18
[2030 시민참여유세#7] 청년들의 분노 섞인 외침에 귀 기울여 주십시오!,2021. 4. 5.,Leeyumi이유미,대한민국 청년 사랑합니다~~모두 함께 일어납시다!,2주 전,오세훈TV,1.2천,29,1
[2030 시민참여유세#7] 청년들의 분노 섞인 외침에 귀 기울여 주십시오!,2021. 4. 5.,쁘라나,듣고 또 들어도눈물이 콸콸 나고가슴이 미어집니다2030을 누가 이렇게 비참하게 만들었냐 C발ㅡ,4일 전,오세훈TV,1.2천,29,1
[2030 시민참여유세#7] 청년들의 분노 섞인 외침에 귀 기울여 주십시오!,2021. 4. 5.,y서진,20대가 깨어있었다니..너무 다행입니다.나라에 미래가 있네요,2일 전,오세훈TV,1.2천,29,1
[2030 시민참여유세#7] 청년들의 분노 섞인 외침에 귀 기울여 주십시오!,2021. 4. 5.,김명자,우리 아덜ᆢ흑흑흑넘 기특하고  ᆢ넘  잘 자라주어서ᆢ눈물이 나네요우리  모두   ᆢ  우리나라 청넌들을 위해  어른들이ᆢ 어른답게 ᆢ양심을  가지고  ᆢ모범이 되게  살아갑시다우리는ᆢ대한민국 원팀이니깐요,2주 전,오세훈TV,1.2천,29,1
[2030 시민참여유세#7] 청년들의 분노 섞인 외침에 귀 기울여 주십시오!,2021. 4. 5.,진초록,어윽~~경험치없는 20대들?~~ 이케 똑소리 나는데 ㅂㅇㅅ아줌은 도대체 어떤 20대들을 만나고 다니는겨?,2주 전,오세훈TV,1.2천,29,3
[2030 시민참여유세#7] 청년들의 분노 섞인 외침에 귀 기울여 주십시오!,2021. 4. 5.,S K,정말 멋진 청년들이네요. 속이 뻥 뚤림,2주 전,오세훈TV,1.2천,29,1
[2030 시민참여유세#7] 청년들의 분노 섞인 외침에 귀 기울여 주십시오!,2021. 4. 5.,gh . KIM,든든합니다 !!! 오세훈 서울시장 !!!,2일 전,오세훈TV,1.2천,29,1
[2030 시민참여유세#7] 청년들의 분노 섞인 외침에 귀 기울여 주십시오!,2021. 4. 5.,정간호사,40세 입니다.이제껏 국힘만 찍었는데..요즘 맥빠졌는데..오시장님 당선되고 너무 힘이 생겨요..대한민국좀 살려주세요,1주 전,오세훈TV,1.2천,29,1
[2030 시민참여유세#7] 청년들의 분노 섞인 외침에 귀 기울여 주십시오!,2021. 4. 5.,최행운,젊은 학생들이 저울분을어쩌노?,2주 전,오세훈TV,1.2천,29,5
[2030 시민참여유세#7] 청년들의 분노 섞인 외침에 귀 기울여 주십시오!,2021. 4. 5.,신수빈,대한민국 미래가보인다청년 화이팅!!!!🇰🇷🇰🇷🇰🇷🇰🇷🇰🇷🇰🇷🇰🇷🇰🇷🇰🇷🇰🇷,2주 전,오세훈TV,1.2천,29,2
[2030 시민참여유세#7] 청년들의 분노 섞인 외침에 귀 기울여 주십시오!,2021. 4. 5.,Hopo Ha,젊은이들  너무 고맙습니다  감사합니다   여러분들  너무  감사합니다,2주 전,오세훈TV,1.2천,29,1
[2030 시민참여유세#7] 청년들의 분노 섞인 외침에 귀 기울여 주십시오!,2021. 4. 5.,이우연,그나마 청년들 숨쉬게 해주시길,1주 전,오세훈TV,1.2천,29,1
[2030 시민참여유세#7] 청년들의 분노 섞인 외침에 귀 기울여 주십시오!,2021. 4. 5.,금목서,마냥 어리고철없는 20대라고 생각했는데잘 배웠고 똑똑한 대한의 아들입니다.오시장님~꼭20대 청년들의 꿈을이루어주십시요.,2주 전,오세훈TV,1.2천,29,0
[2030 시민참여유세#7] 청년들의 분노 섞인 외침에 귀 기울여 주십시오!,2021. 4. 5.,이자현,장하다청년들 최고다지금 하는 선거도앞으로 우리 청년들빚이야깨어 잇어 다행 다행청년들 장하네요,2주 전,오세훈TV,1.2천,29,2
[2030 시민참여유세#7] 청년들의 분노 섞인 외침에 귀 기울여 주십시오!,2021. 4. 5.,유수진,멋지고 똑똑한 청년들  응원합니다.오세훈 후보님 절대적으로 서울시를 지켜주세요.  오세훈 후보님 힘내시고 조금만 기운내셔셔 4월7일 모든 서울 시민들이  뜻 깊은 날이 될 수 있도록화이팅! 해주세요. 승리의 기호 2번 오세훈 후보님 엄지 👍척 입니다. ~~^^,2주 전,오세훈TV,1.2천,29,4
[2030 시민참여유세#7] 청년들의 분노 섞인 외침에 귀 기울여 주십시오!,2021. 4. 5.,강나원,청년의 목소리는 이 어른의 가슴을 청년의 가슴으로 뛰게 합니다 이뻐요 ~ 진짜 ! 자랑스러워요 진짜 ! 힘이되요 진짜 ! 고마와요 진짜 !  우리 어른들도 여러분에게 그런 존재가 되려고 노력할께요 아자 아자 대한민국 홧팅 !!,2주 전,오세훈TV,1.2천,29,0
[2030 시민참여유세#7] 청년들의 분노 섞인 외침에 귀 기울여 주십시오!,2021. 4. 5.,벚꽃,정신박힌 청년들이 잇어 다행이다 정말,1주 전,오세훈TV,1.2천,29,1
[2030 시민참여유세#7] 청년들의 분노 섞인 외침에 귀 기울여 주십시오!,2021. 4. 5.,MK K,우리들  아들들  정말  감동입니다 이제라도   늦지않았습다  청년들이    얼마나힘들면  이렇게라도  외침을대신하게습니까정치인들   정신줌  차리세요,2주 전,오세훈TV,1.2천,29,1
[2030 시민참여유세#7] 청년들의 분노 섞인 외침에 귀 기울여 주십시오!,2021. 4. 5.,이승준,갓준석,2주 전,오세훈TV,1.2천,29,1
[2030 시민참여유세#7] 청년들의 분노 섞인 외침에 귀 기울여 주십시오!,2021. 4. 5.,뎀나,다들 똘똘하고 잘생겻구연,2주 전,오세훈TV,1.2천,29,0
[2030 시민참여유세#7] 청년들의 분노 섞인 외침에 귀 기울여 주십시오!,2021. 4. 5.,ah kim,말 잘하네!! 우리나라 끝났다 생각했는데 이런 청년들 있어 너무 다행이다ㅜㅜㅜ,2주 전,오세훈TV,1.2천,29,0
[2030 시민참여유세#7] 청년들의 분노 섞인 외침에 귀 기울여 주십시오!,2021. 4. 5.,새벽,청년들이여ㅡ함께싸웁시다,2주 전,오세훈TV,1.2천,29,1
[2030 시민참여유세#7] 청년들의 분노 섞인 외침에 귀 기울여 주십시오!,2021. 4. 5.,esther kim,깨어있는 젊은피들~~~ 응원하고 축복합니다,2주 전(수정됨),오세훈TV,1.2천,29,0
[2030 시민참여유세#7] 청년들의 분노 섞인 외침에 귀 기울여 주십시오!,2021. 4. 5.,크크루삥뽕,형들 멋지다.오세훈 시장님 남성들도 좀 챙겨주시길 바랍니다 제발,2주 전,오세훈TV,1.2천,29,0
[2030 시민참여유세#7] 청년들의 분노 섞인 외침에 귀 기울여 주십시오!,2021. 4. 5.,2277 72,✌👍👍,3주 전,오세훈TV,1.2천,29,3
[2030 시민참여유세#7] 청년들의 분노 섞인 외침에 귀 기울여 주십시오!,2021. 4. 5.,오혜원,아들딸들 파이팅!!!!,1주 전,오세훈TV,1.2천,29,0
[2030 시민참여유세#7] 청년들의 분노 섞인 외침에 귀 기울여 주십시오!,2021. 4. 5.,김애숙,"2030의  외침에 박수보냅니다,  화이팅!!!",2주 전,오세훈TV,1.2천,29,0
[2030 시민참여유세#7] 청년들의 분노 섞인 외침에 귀 기울여 주십시오!,2021. 4. 5.,신지,강원도는왜개발안하냐? ㅋㅋㅋㅋㅋㅋㅋㅋ,3주 전,오세훈TV,1.2천,29,2
[2030 시민참여유세#7] 청년들의 분노 섞인 외침에 귀 기울여 주십시오!,2021. 4. 5.,HyunJin park,오시장님!  청년들의 이유 있는 절규도 꼭!!! 챙겨주세요. 前 서울시장 피해자 분 챙기시겠다는 말씀에 울컥했습니다.,2주 전,오세훈TV,1.2천,29,0
[2030 시민참여유세#7] 청년들의 분노 섞인 외침에 귀 기울여 주십시오!,2021. 4. 5.,원태영,20대여 자랑스럽다.,2주 전,오세훈TV,1.2천,29,1
[2030 시민참여유세#7] 청년들의 분노 섞인 외침에 귀 기울여 주십시오!,2021. 4. 5.,지상선TV,"젊은이들이 맑습니다. 젊은이들의 세상, 응원합니다.",2주 전,오세훈TV,1.2천,29,1
[2030 시민참여유세#7] 청년들의 분노 섞인 외침에 귀 기울여 주십시오!,2021. 4. 5.,박혜진,저도  오세훈 시장님 응원하고싶어요★힘내세요 축하드려요,6일 전,오세훈TV,1.2천,29,1
[2030 시민참여유세#7] 청년들의 분노 섞인 외침에 귀 기울여 주십시오!,2021. 4. 5.,하경아,젊은피 젏은 청춘 대단하십니다 앞으로 오세훈 믿고 갑시다 20  30대 화이팅입니다,2주 전,오세훈TV,1.2천,29,0
[2030 시민참여유세#7] 청년들의 분노 섞인 외침에 귀 기울여 주십시오!,2021. 4. 5.,jh y,이번 선거를 왜 하는지 생각해보면.. 어시오,3주 전,오세훈TV,1.2천,29,7
[2030 시민참여유세#7] 청년들의 분노 섞인 외침에 귀 기울여 주십시오!,2021. 4. 5.,김귀자,낼이~기다려지네요여당에서내곡동수사한다고하는데기가막힙니다꼭승리하세요~~홧팅,2주 전,오세훈TV,1.2천,29,0
[2030 시민참여유세#7] 청년들의 분노 섞인 외침에 귀 기울여 주십시오!,2021. 4. 5.,도절,이번에 민주당이 시장 됐으면 서울은 진짜 답이 없겠구나 생각하고 떠날라했는데 다행이네요~ 오세훈 시장님께서 20대가 살기 좋은 서울을 만들어서 제가 서울을 다시 좋아하게 되었음 좋겠네요,2주 전,오세훈TV,1.2천,29,1
[2030 시민참여유세#7] 청년들의 분노 섞인 외침에 귀 기울여 주십시오!,2021. 4. 5.,Benjamin K,오세훈을 청년들의 염원으로~~/흥해라 !오세훈 시장님 !,2주 전,오세훈TV,1.2천,29,1
[2030 시민참여유세#7] 청년들의 분노 섞인 외침에 귀 기울여 주십시오!,2021. 4. 5.,김훈민,5세훈이  50셔훈이  되었을 때 중대한 판단착온도 본인과 서울의 운명을 나락으로 떨어뜨렸었지만  60 세훈이 되어 판단력을 회복하고  이제  모든것을 되돌려놓고자  다시 나섰습니다. 도와주십시오  라고 유세하면 더많은 호응을 얻을 듯.,2주 전,오세훈TV,1.2천,29,1
[2030 시민참여유세#7] 청년들의 분노 섞인 외침에 귀 기울여 주십시오!,2021. 4. 5.,Esther J.G,정의!!!!!!!,1주 전,오세훈TV,1.2천,29,0
[2030 시민참여유세#7] 청년들의 분노 섞인 외침에 귀 기울여 주십시오!,2021. 4. 5.,드림행복,희망을 보아 기쁨니다젊은청년들이  앞으로의 주인공들입니다오세훈 시장님 당선을 축하합니다꼭 상식이 통하는 대한민국 만들어 주세요,2주 전,오세훈TV,1.2천,29,0
[2030 시민참여유세#7] 청년들의 분노 섞인 외침에 귀 기울여 주십시오!,2021. 4. 5.,마중물,우리 나라 청년들을 응원합니다 💚💚💚💚💚💚💚💚,1주 전,오세훈TV,1.2천,29,1
[2030 시민참여유세#7] 청년들의 분노 섞인 외침에 귀 기울여 주십시오!,2021. 4. 5.,SR Kim,20대 .. 이제 그들의 미래를 생각해야지. 두사람의 성추행범 시장 때문에 선거하게 된 건데  잘했어.. 정말 정 싸웠어요,2주 전,오세훈TV,1.2천,29,1
[2030 시민참여유세#7] 청년들의 분노 섞인 외침에 귀 기울여 주십시오!,2021. 4. 5.,홍정의,2030잘~한다!!!말이.아닌.행동으로!!!오세훈 ~화이팅!!!,2주 전(수정됨),오세훈TV,1.2천,29,1
[2030 시민참여유세#7] 청년들의 분노 섞인 외침에 귀 기울여 주십시오!,2021. 4. 5.,Hopo Ha,오세훈 시장님께서는  우리의 모두가  희망이될수있는  그런서울을  만들어주실수  있을거라  믿고확신  합니다,2주 전,오세훈TV,1.2천,29,1
[2030 시민참여유세#7] 청년들의 분노 섞인 외침에 귀 기울여 주십시오!,2021. 4. 5.,쁘라나,✔용산참사ㅡ(쇠구술)에ㅡ과격행태ㅡ노조관련 의심됨ㅡ4명중3명은 용역이었다고ㅡ,2주 전,오세훈TV,1.2천,29,2
[2030 시민참여유세#7] 청년들의 분노 섞인 외침에 귀 기울여 주십시오!,2021. 4. 5.,딸따리,잘한다  젊,2주 전,오세훈TV,1.2천,29,1
[2030 시민참여유세#7] 청년들의 분노 섞인 외침에 귀 기울여 주십시오!,2021. 4. 5.,고진영,앞으로 젊은이들이대한민국을짊어지고가야하는  희망의청년들입니다빛만잔뜩 남겨주면안되지요요즘 젊은세대들은똑톡합니다희망이 보입니다본투표 오세훈2번꼬옥시간내서단결해주세요,2주 전,오세훈TV,1.2천,29,1
[2030 시민참여유세#7] 청년들의 분노 섞인 외침에 귀 기울여 주십시오!,2021. 4. 5.,정찬영,총선때도 이러지 총선개처발리길래 국민들 진짜 북한같이 멍청이됬구나 했는데 존나당해야 정신차리네 ㅋㅋ,2일 전,오세훈TV,1.2천,29,0
[2030 시민참여유세#7] 청년들의 분노 섞인 외침에 귀 기울여 주십시오!,2021. 4. 5.,김윤,오세훈 후보님 저는 20대 청년 장애인입니다. 서울시 장애인 버스요금 할인이 되었으면 좋겠습니다.. 정말 목놓아 간청히 부탁드립니다...,2주 전,오세훈TV,1.2천,29,4
[2030 시민참여유세#7] 청년들의 분노 섞인 외침에 귀 기울여 주십시오!,2021. 4. 5.,아랑이네,좌빨이 되면 절대 안됐는데 정말 감사합니다!!!,1주 전,오세훈TV,1.2천,29,1
[2030 시민참여유세#7] 청년들의 분노 섞인 외침에 귀 기울여 주십시오!,2021. 4. 5.,James Dean,올바른 정치관을 갖고 있는 20대가 있어 든든합니다!! 파이팅!!!!!!!!!!!!!!,2주 전,오세훈TV,1.2천,29,1
[2030 시민참여유세#7] 청년들의 분노 섞인 외침에 귀 기울여 주십시오!,2021. 4. 5.,박리다메,"서울,부산은 좋겠네요 강원도는 지금 작은중국만든다고 병떨고있는데",1주 전,오세훈TV,1.2천,29,0
[2030 시민참여유세#7] 청년들의 분노 섞인 외침에 귀 기울여 주십시오!,2021. 4. 5.,김덕배,다행히 젊은 청년 세대는 깨어있구나 진짜 다행이다...이 깨어있는 청년들이 현 정권에 대한 분노로 이어지고 그 분노가 오세훈시장님 당선으로 이어진거 같아서 뿌듯하다!,2주 전,오세훈TV,1.2천,29,1
[2030 시민참여유세#7] 청년들의 분노 섞인 외침에 귀 기울여 주십시오!,2021. 4. 5.,mic off,오죽했으면 오백삼 때문에 죽어가던 당이 젊은이들에 의해 부활하냐!?,2주 전(수정됨),오세훈TV,1.2천,29,3
[2030 시민참여유세#7] 청년들의 분노 섞인 외침에 귀 기울여 주십시오!,2021. 4. 5.,Jeongwon Lee,중국 견제해야 합니다.,2주 전,오세훈TV,1.2천,29,1
[2030 시민참여유세#7] 청년들의 분노 섞인 외침에 귀 기울여 주십시오!,2021. 4. 5.,사랑Love,잘한다. 우리 청년들 너희들이살아가야하는. 자유대한민국.너희들이 대한민국에 수도서울의  주인이되어 세계를정복할수있는 무너진 자유대한민국 을 다시찻아야한다  4. 7 서울시장오세훈 화이팅 우리청년들 화이팅   승리는 수도서울 청년들과  오세훈 화이팅 대한민국 만세! !!!!!,2주 전,오세훈TV,1.2천,29,2
[2030 시민참여유세#7] 청년들의 분노 섞인 외침에 귀 기울여 주십시오!,2021. 4. 5.,참새와냥이,👍👍👍👏👏👏,2주 전,오세훈TV,1.2천,29,1
[2030 시민참여유세#7] 청년들의 분노 섞인 외침에 귀 기울여 주십시오!,2021. 4. 5.,김수진,미래의 우리 희망들.  절망이 아닌 희망을 봅니다. 청년발언 기획한 이준석의원 칭찬합니다.^^,1주 전,오세훈TV,1.2천,29,0
[2030 시민참여유세#7] 청년들의 분노 섞인 외침에 귀 기울여 주십시오!,2021. 4. 5.,s ms,오세훈 화이팅이준석  화이팅국민힘  화이팅힘내십시요  응원합니다 아자아자👍✌✌✌✌,2주 전(수정됨),오세훈TV,1.2천,29,4
[2030 시민참여유세#7] 청년들의 분노 섞인 외침에 귀 기울여 주십시오!,2021. 4. 5.,강Martha,"이준석,   어시스트  잘하고  있어요.젊음 상대는 젊은 정치인이 , 기성세대는  기성세대가  서로 이해하며싱어게인*인  오세훈어게인**으로 되었네요.세계에서  가장 아름다운 한강을 기반으로 세계적  상징도시 만드시길서울은 더  좋아질겁니다.아직  서울의 가치평가가  더 나와야합니다.",2주 전,오세훈TV,1.2천,29,0
[2030 시민참여유세#7] 청년들의 분노 섞인 외침에 귀 기울여 주십시오!,2021. 4. 5.,조세연,오후보님  제발 사전투표함 3일 동안  밤을 세워 지켜주세요  터진당  발설하는 말들이  의심스럽습니다 총선에 유시민이 180석 말하고나니  180석 차지 했습니다  사기꾼들이  조작부정선거 할려고 지금 말을 발설합니다 꼭 투표함  3일동안 밤을새고  지키세요,3주 전,오세훈TV,1.2천,29,5
[2030 시민참여유세#7] 청년들의 분노 섞인 외침에 귀 기울여 주십시오!,2021. 4. 5.,REAL RINA,내 또래 친구들 왜 내맘이 벅차냐 정말 힘들었다 문재앙 밑에서,2주 전,오세훈TV,1.2천,29,0
[2030 시민참여유세#7] 청년들의 분노 섞인 외침에 귀 기울여 주십시오!,2021. 4. 5.,박영선,청년들을보니 대한민국의 미래가밝습니다  오세훈후보님화이팅하시고 청년들의소리를귀기울여주시기 바랍니다.,2주 전,오세훈TV,1.2천,29,0
[2030 시민참여유세#7] 청년들의 분노 섞인 외침에 귀 기울여 주십시오!,2021. 4. 5.,정초본,이준석은 진짜 대통령 후보로 새우자,6일 전,오세훈TV,1.2천,29,0
[2030 시민참여유세#7] 청년들의 분노 섞인 외침에 귀 기울여 주십시오!,2021. 4. 5.,신지,서초동ㅋㅋ북아현급후진빌딩디자인은?철거안하나요? 방배반포서초양재잠원바꿀수있을까? 궁굼하다기대된다..아저씨가 욕안먹길빈다.ㅋㅋ제발 여의도도 도곡동도 바까주세요,3주 전,오세훈TV,1.2천,29,0
[2030 시민참여유세#7] 청년들의 분노 섞인 외침에 귀 기울여 주십시오!,2021. 4. 5.,신지,국토부나다시뽑읍시다.김포과천분당부천다망해갑니다.대전도 울산도 광주도ㅋㅋ,3주 전(수정됨),오세훈TV,1.2천,29,3
[2030 시민참여유세#7] 청년들의 분노 섞인 외침에 귀 기울여 주십시오!,2021. 4. 5.,이미자,정권교체도같이,1주 전,오세훈TV,1.2천,29,2
[2030 시민참여유세#7] 청년들의 분노 섞인 외침에 귀 기울여 주십시오!,2021. 4. 5.,호딱,근데 왜 20대 여자는 한명도없지,2주 전,오세훈TV,1.2천,29,0
[2030 시민참여유세#7] 청년들의 분노 섞인 외침에 귀 기울여 주십시오!,2021. 4. 5.,금아리,똑똑한 20대 자유민주주의 대한민국 미래가 밝다.2030세대만 믿는다.,1주 전,오세훈TV,1.2천,29,0
[2030 시민참여유세#7] 청년들의 분노 섞인 외침에 귀 기울여 주십시오!,2021. 4. 5.,cosmos,오시장님 국민이 보고있습니다 내년에 꼭 다시찾아와야합니다 힘들더라도 나라를 위해 국민을 위해 계속 힘을내주세요 오세훈 화이팅입니다,1주 전,오세훈TV,1.2천,29,1
[2030 시민참여유세#7] 청년들의 분노 섞인 외침에 귀 기울여 주십시오!,2021. 4. 5.,레몬트리,청년들이 바보네~,2주 전,오세훈TV,1.2천,29,1
[2030 시민참여유세#7] 청년들의 분노 섞인 외침에 귀 기울여 주십시오!,2021. 4. 5.,권용진,성추행당 소속 마포구 비례대표 최은하 구의원...오만거만 독재당 소속 최은하 마포구의원 최은하 의원 페이스북...주민들 단톡방서 오세훈 비판 그사람 드러난 정체는...https://www.chosun.com/national/national_general/2021/04/05/BBMR6JHHDVG7VI7BE5D3773N5I/이것들이 해도해도 너무한다.. 법도 위반도 개무시하며.. 국민을 몰로 보나...이들은 공약과 정책을 어데로 갓나... 당은 겉으론.. 반성?.. 사죄?.. 죽을죄?.. 하더니...온갖 상대방 혈뜯고 비방에 억지로 부리며.. 애네들 정치선거 다 어데로 갓나.. 반칙도 완전 퇴장감 몰수 패다.....,2주 전,오세훈TV,1.2천,29,2
[2030 시민참여유세#7] 청년들의 분노 섞인 외침에 귀 기울여 주십시오!,2021. 4. 5.,신토불이,"꼭 자랑스러운 시장이 되주세요 , , , ,이청년들 실망시키면 저두 지지철회할거입니다 . . 청년들을 위한 정책 마니 피시고 꼭 상식이 통하는 정권 찾읍시다 , ,더이상 독재자는 안됩니다",2주 전,오세훈TV,1.2천,29,0
[2030 시민참여유세#7] 청년들의 분노 섞인 외침에 귀 기울여 주십시오!,2021. 4. 5.,지구,공정과상생 솔직히 불가능하지 사람사는곳인데 어찌 차별이 없고 권력이 없겠어 근데 적당히 해쳐먹었어야지 적당히 입 나불거렸어야지 적당히 차별했어야지 니들이 20대 버렸지? 특히 남성표는 아예 버렸지? 이제 받아봐,2주 전(수정됨),오세훈TV,1.2천,29,0
[2030 시민참여유세#7] 청년들의 분노 섞인 외침에 귀 기울여 주십시오!,2021. 4. 5.,이성림,"나도 모르게 재산이 불어나고, 불리한 일은  기억앞에 겸손해져 기억이 나지 않는 그런 축복된 삶을 살고 싶습니다.... 나도 모르게 상속받았던 싸구려 땅을 어느날 측량하자 마자 곧바로 개발호재가 생겨 값이 치솟아 오르게 되고,  누군가에게 나쁜 짓을 하여 심한 상처를 주었었도 그런 기억자체가 나지 않아 자책으로 괴로와 할 일이 없는.... 인생이 무한대로 행복해지는 그런 축복된 삶을 살고 싶습니다.... 오세훈님이시라면  저의 멘토가 되어 저를 도와주실 수 있을것 같습니다... 제발 인생 멘토가 되어주세요...",3주 전,오세훈TV,1.2천,29,1
[2030 시민참여유세#7] 청년들의 분노 섞인 외침에 귀 기울여 주십시오!,2021. 4. 5.,신지,대치동 도곡동 니들은재건축좀하자꼬마빌딩빌라촌후진아파트가99프로인데대치현대 도곡현대미친ㅋㅋ재건축좀하자해남아파트나용인만도못한새기들이40억?ㅋㅋㅋㅋㅋㅋㅋㅋ철거좀,3주 전,오세훈TV,1.2천,29,2
[2030 시민참여유세#7] 청년들의 분노 섞인 외침에 귀 기울여 주십시오!,2021. 4. 5.,커피,정치는 보수가 해야합니다~ 오세훈님 꼭당선되시길~ 🤩🤩🤩🤩👍👍🍓,2주 전,오세훈TV,1.2천,29,2
[2030 시민참여유세#7] 청년들의 분노 섞인 외침에 귀 기울여 주십시오!,2021. 4. 5.,쁘라나,오세훈후보님ᆢ말씀처럼ᆢ대한민국의 역사를 다시 써 주십시요👍👍👍👏👏👏✌✌✌,2주 전,오세훈TV,1.2천,29,2
[2030 시민참여유세#7] 청년들의 분노 섞인 외침에 귀 기울여 주십시오!,2021. 4. 5.,역사잼,2030의 열기는 리얼이였습니다페미 버리세요 저 젋은이들은 영원히 님들을 배신하지않을것입니다,1주 전,오세훈TV,1.2천,29,1
[2030 시민참여유세#7] 청년들의 분노 섞인 외침에 귀 기울여 주십시오!,2021. 4. 5.,윤기섭,범내려온다. 제2의  윤지호 출현또 생태탕집  범  내려온다  그때 그드라마 정부민주당   국회에서Tv.  신문. 얼마나 대작이였는가  민주당은윤지호 다시 데려오면 성공한다고요,2주 전,오세훈TV,1.2천,29,0
[2030 시민참여유세#7] 청년들의 분노 섞인 외침에 귀 기울여 주십시오!,2021. 4. 5.,쁘라나,남자들은 여자들처럼 💥💥꼬찌꼬찌 따지며 따따부따 잘못합니다그래서 더 오세훈씨가 머뭇거리는거로 보였을수 있고그것이 의문있어 보였을수도 있습니다게다가 16년이나 된 일이고ᆢ그렇지만ᆢ본질과 상황이 확실한데뭔상관 이란건지@@조작선동의 달인인저자들의 술수에 말려호대게 당하네요그래도 진실이 드러나 다행입니다,2주 전(수정됨),오세훈TV,1.2천,29,2
[2030 시민참여유세#7] 청년들의 분노 섞인 외침에 귀 기울여 주십시오!,2021. 4. 5.,부산오뎅,박근혜대통령님 보는 눈이 역시 있으셧네요이준석을 뽑으셧다던이 박근혜대통령님 석방해주세요 오세훈 서울시장님 부탁합니다 🙏,2주 전(수정됨),오세훈TV,1.2천,29,1
[2030 시민참여유세#7] 청년들의 분노 섞인 외침에 귀 기울여 주십시오!,2021. 4. 5.,21세기헤이그 특사,그래. 나는 바보가 아니고 우리 청년들은 바보가 아니다. 그래서 거짓말이 통하지 않는다. 5V야. 청년들은 이미 5V사건을 다 보았단다. 왜냐면 청년들은 인터넷 세대기 때문이지.아래 댓글보니 민심이 천심이라지. 누가 이기나 보자고.,2주 전(수정됨),오세훈TV,1.2천,29,1
[2030 시민참여유세#7] 청년들의 분노 섞인 외침에 귀 기울여 주십시오!,2021. 4. 5.,최순두부,오세훈에게 묻는다 국민 한사람으로서 제발부탁이니 국민세금으로 콩밥 그만 먹이자 전기관에 반동쎅 깔러있다  이승만이 했던거처럼 공산세력 몽땅 붙잡아 사형시키자  후손들에게 빚진나라 공산당나라 통제나라 거짓선동나라 물러줄수없다 자유대한민국 국민 한사람으로서 멸공,2주 전(수정됨),오세훈TV,1.2천,29,1
[2030 시민참여유세#7] 청년들의 분노 섞인 외침에 귀 기울여 주십시오!,2021. 4. 5.,이한성,나는 우리 사회가 청렴결백하고 공정해지길 바라지않음.. 그건 불가능에 가까운 영역.. 인간이란 동물은 욕심을 기반으로 지금까지 왔기 때문에. 절대로 투명한 사회는 있을 수 없음. 내가 생각하는 바람직한 사회는 잘못된 것이 드러났을 때 그걸 잘못됐다고 말할 수 있고. 그걸 옳게 처벌할 수 있는 사회임. 근데 성추행 원숭이. LH 꼬락서니를 보면 더민당이라는 이유 하나로 유야무야 넘어가려하고 잘못됐다고 비판하는 상대에게는 일베아니냐. 태극기부대아니냐 이런 헛소리를 하는 지금 사회에 토악질이 나옴. 내년까지 딱 기다려라. 투표해줄게.,2주 전,오세훈TV,1.2천,29,0
[2030 시민참여유세#7] 청년들의 분노 섞인 외침에 귀 기울여 주십시오!,2021. 4. 5.,정헌우,우와..문재인이 이런걸 보아야..정당을 떠나 젊은이들의 현실을 보아야..,2주 전,오세훈TV,1.2천,29,0
[2030 시민참여유세#7] 청년들의 분노 섞인 외침에 귀 기울여 주십시오!,2021. 4. 5.,iron Jo,"서울시민여러분!   또  젊은청소년들 대학생들이여~     거짓말정권의 의석 180석의 오만의 극치로 국민을 무시하고 의회민주주의를 무시하고 방자하게 지놈들만 잘살겠다고 법안을 남발하고 힘으로 밀어부치는 민주당, 이번 선거 서울시장과 ,부산시장의 전임시장들의 권력과 힘으로 성추행으로 여성의  인권을 짓밟은 파렴치한 인간들입니다,  이선거의 비용이 840억원의 비용이듭니다!   국민혈세입니다,   원제의 제공자는 민주당입니다,  민주당의 시장이 잘못하여 파면될경우 민주당은 후보를 내지않기로 당원당규에 명시되어 있습니다,   이것을 당규를 깨고힘으로 막가파식으로 후보를 내는 국민과 약속을 깨고 오만과 방자한 태도로 국민을 절대무시한 일당독재의 국회를 점령한 민주당입니다,   민주당은 희망이 없습니다,  거짓과, 말바꾸는 민주당, 이제는 더이상 속지맙시다,",2주 전,오세훈TV,1.2천,29,2
[2030 시민참여유세#7] 청년들의 분노 섞인 외침에 귀 기울여 주십시오!,2021. 4. 5.,Shapantooth karon,오세훈후보 지지하는 사람들멋있네 난서민으로써 바라는점은 불법노동자외국인이 용역에서 일하는걸 단속했으면 좋겠고 페미들이말하는 여성할당제같은 쓰레기법 말고   그 직업특성에 맞게 남여 가리지말고 실력대로 공정하게 일할 기회를 주세요. (여경 여소방관 같이 국민 생명과 관련된 직업에서는 그냥직업 페미니즘이아닌 능력과 실력으로 뽑아야합니다.,2주 전,오세훈TV,1.2천,29,0
[2030 시민참여유세#7] 청년들의 분노 섞인 외침에 귀 기울여 주십시오!,2021. 4. 5.,쁘라나,거짖과 선동 조작이 난무하는ᆢ박대통령의 선의의 독재가 아니었다면부칸에 벌써 넘어갔을 겁니다,2주 전(수정됨),오세훈TV,1.2천,29,2
[2030 시민참여유세#7] 청년들의 분노 섞인 외침에 귀 기울여 주십시오!,2021. 4. 5.,Sooja Kang,20 30 화이팅!!!40대들도 정신 좀차리자~ 어린자식들에게 사회주의 물려 주고싶나요.민주당 과 부화 상태다,2주 전(수정됨),오세훈TV,1.2천,29,3
[2030 시민참여유세#7] 청년들의 분노 섞인 외침에 귀 기울여 주십시오!,2021. 4. 5.,3호리,사전선거 민주당 100%조작합니다 방심하지 마십시오 선관위랑 짜고 고민정과 경합을 벌였을때처럼 사기칠겁니다 이에 대응방안을 모색하시길요!,2주 전,오세훈TV,1.2천,29,0
[2030 시민참여유세#7] 청년들의 분노 섞인 외침에 귀 기울여 주십시오!,2021. 4. 5.,freedom,박영선 참. 한심하다. 저런인간이 서울시장된다면 서울의 미래는 대한민국의 미래는 완전히 사라질것이다 말도안되는 억지에다 도로 한곳판에다가 아파트 를 세우겠다니 참 서울의 발전이 걱정되고 불안하다.. 4월7일 꼭투표해서 대한민국의 미래를 되찾을 것이다.. 민주당××××××× 아웃,2주 전,오세훈TV,1.2천,29,4
[2030 시민참여유세#7] 청년들의 분노 섞인 외침에 귀 기울여 주십시오!,2021. 4. 5.,정은주,야  문재인너거  똘마니들ㅡㅡ양아치  정권다 내려온나걍우리  젊은 청년들로  국회에  다 앉혀놓아도  되겠다ᆢ올바른 마인드와  소신있게  말들을  잘  하는지앞으로대한민국어둡지는  않겠다잘,2주 전,오세훈TV,1.2천,29,0
[2030 시민참여유세#7] 청년들의 분노 섞인 외침에 귀 기울여 주십시오!,2021. 4. 5.,쁘라나,박O선ᆢ거짖 &선동 &공작ᆢ당신이 곤산당이 아니면누가 곤산당인가??,2주 전,오세훈TV,1.2천,29,3
[2030 시민참여유세#7] 청년들의 분노 섞인 외침에 귀 기울여 주십시오!,2021. 4. 5.,밀크소다,다 좋은데 왜 코까지 마스크를 안하죠? 좀 아닌거 같네요. 너무 불편해요. 방역수칙좀 잘 지켜 주세요,1주 전,오세훈TV,1.2천,29,0
[2030 시민참여유세#7] 청년들의 분노 섞인 외침에 귀 기울여 주십시오!,2021. 4. 5.,김복남,저는 시민의 한 사람으로서 누워도 지지 않았다는데 옛날 한나라당 부끄럽지 않습니까 여기 시장 그만두세요,3주 전,오세훈TV,1.2천,29,0
