﻿Title,Date,ID,Comment,Comment_date,Channel,Like,Dislike,Comment_like
[2030 시민참여유세#6] 청년의 꿈과 희망을 짓밟은 정부·여당! 용서하지 않겠습니다!,2021. 4. 4.,David Koo,"안녕하세요영상에 나온 시민참여 유세자 입니다.많은 인파에 많이 더듬기도 했고 시험 준비 등 연설 준비에 미흡했습니다. 이점 죄송하게 생각됩니다.저는 2019년도 일본 워킹홀리데이 중 이였으며  XX여행사 소속의 면세점에 근무하면서 일본 취업 준비를 하고 있었습니다.해당 발생된 사건은 2019년 7월 1일 일본의 불화수소 화이트리스트 제외로 한국에서는 노재팬(반일운동)이 발생하였습니다.이후 단체 관광여행 패키지 및 공무연 연수 등 취소되는 사태가 발생하였고 면세점과 한인간 사업은 큰 타격을 입게 되었습니다.그로인해 8월부터 급격하게 일이 줄어들었고 저는 어떻게든 버텨볼려고 야간에는 식당에서 일을하며 버텼습니다.그러나 결국에는 9월을 기점으로 권고사직을 받았습니다. 이후 10월부터 Applied 주식회사라는 컴퓨터 조립 공장에서 아침에 출근해서 저녁 6시까지 일을 하였고7시에 식당에 출근해서 밤 11시까지 일을 하고 집에 돌아와 일본어 공부와 전공 공부를 하면서 생활하였습니다. 10월 중순 자고 일어났더니 양족 두 눈이 충열되면서 앞이 보이지 않았습니다. 그래서 일본에서 사귄 친한 형을 대리고 병원에 갔더니 각막상피미란이라는 병명을 듣게 되었습니다.각막이 손상되어 각막이 낫지 않고 계속 벗겨지는 증상이며 회복해도 재발성이 높은 병입니다.지금은 많이 회복되었지만 안구건조증과 재발할 수가 있어서 인공눈물을 달고 삽니다. 눈이 회복할때 까지 많은 시간이 걸리고 직장에 나가서 일을 하려고 해도 보이지 않고 집에서 쉰다고 해도 저를 돌봐줄 사람도 없고 자금은 계속해서 빠져나갔기에 결국 일본 취업을 포기하고 귀국하게 되었습니다. 이후 국내에 와서 노재팬 운동을 기획하고 실행 했던 집권여당과 집권여당을 따르는 수많은 단체를 보고 분노할 수 밖에 없었습니다. 어떻게든 취업을 하기위해 발버둥을 쳐보려는 20대의 꿈을 이렇게 짓밟을 수 있습니까?  그리고 일본에서 정착하고 한일간 관련된 일을 하는 수 많은 재외국민은 국민이 아니라서 보호해줄 가치가 없는겁니까? 더불어 한국에서 일본과 관련된 일을 하는 수 많은 근로자들은 무슨 죄를 지었습니까? 여러분 집권여당과 정부는 일자리 창출 했다고 말합니다. 그러나 그건 노인일자리 및 공공일자리이며 심지어 중소 중견 기업체에 지원받는 국가 지원금으로 뽑는 것은 대부분 체험형 인턴이며, 4대보험 납부만 하고 허위로 신고하여 지원금 횡령하는 곳이 대부분입니다.본문이 너무 길었습니다. 이번 서울시장, 부산시장 선거는 20, 30대에게 매우 중요한 선거입니다. 저는 경기도민이라서 아쉽지만 투표권이 없습니다.서울에 거주하시는 20대 30대 여러분 또 5년동안 더 겪어보실 겁니까?그리고 서울에 벼농사 짓고 양봉하고 수직정원 세워서 퇴보되는 서울을 지켜보실겁니까?4월 7일 소중한 한 표 꼭 부탁드리겠습니다. ps. 본문에서 서술한 내용은 일본에서 있었던 일이며 증언자 및 증거 제출 가능합니다.",2주 전(수정됨),오세훈TV,2.3천,56,149
[2030 시민참여유세#6] 청년의 꿈과 희망을 짓밟은 정부·여당! 용서하지 않겠습니다!,2021. 4. 4.,오늘도happy,"일본에 아파트 있으면 서울시장 나오면 안 되냐는 얘기 누가 하길래 울컥 하더라구요. 저 청년 뿐 아닙니다. 아사* 맥주 다니던 분들, 유니*로 다니던 한국인 근로자는 한국사람 아닙니까?반일 선동 때문에 실직자 만들어놓고, 죽창 들라던 시기에 일본 주식 사던 사람이 서울시장 후보랍니다. 정말 양심은 어디 있나요? 표 팔이를 위해서는 무슨 짓이라도 해도 되나 싶습니다.수요일에 다들 꼭 투표하러 나와주셔요.",3주 전,오세훈TV,2.3천,56,199
[2030 시민참여유세#6] 청년의 꿈과 희망을 짓밟은 정부·여당! 용서하지 않겠습니다!,2021. 4. 4.,김미영,이제 국민모두 깨달으셔야 합니다적화통일이꿈인  북한처럼반미 반일 감정부추기고노동자 서민을 외치며기업들 힘들게 하고경제망치는 정책을 펼치는게민주당입니다연설하는 청년을보니 너무마음이 아픕니다  나라가 이게 뭡니까,3주 전,오세훈TV,2.3천,56,124
[2030 시민참여유세#6] 청년의 꿈과 희망을 짓밟은 정부·여당! 용서하지 않겠습니다!,2021. 4. 4.,피자치즈,정말 가슴이 아픕니다 이번 선거 꼭이겨서 이 학생의 한이 조금이라도 풀어주셨으면 합니다,3주 전,오세훈TV,2.3천,56,126
[2030 시민참여유세#6] 청년의 꿈과 희망을 짓밟은 정부·여당! 용서하지 않겠습니다!,2021. 4. 4.,정의,가슴이 아프네요 20대의  아들을둔 엄마로써 그저 미안한마음뿐입니다힘내세요  우리의 아들 과  딸들아~~~,3주 전(수정됨),오세훈TV,2.3천,56,114
[2030 시민참여유세#6] 청년의 꿈과 희망을 짓밟은 정부·여당! 용서하지 않겠습니다!,2021. 4. 4.,임소옥,힘네요정권이바꾸면세상이바로설거예요정권교체가답입니다여러분이미래예요,3주 전,오세훈TV,2.3천,56,94
[2030 시민참여유세#6] 청년의 꿈과 희망을 짓밟은 정부·여당! 용서하지 않겠습니다!,2021. 4. 4.,이희망,이번 기회로 이훌륭한 젊은이들 오후보님께서 품으시길 부탁드립니다  멋지고 훌륭한 인재가 될거라믿습니다,3주 전,오세훈TV,2.3천,56,59
[2030 시민참여유세#6] 청년의 꿈과 희망을 짓밟은 정부·여당! 용서하지 않겠습니다!,2021. 4. 4.,join so,"오후보님...비단 이번 선거가 끝이 아닙니다...현재 대한민국은 9회말 2아웃 입니다..기적같이.. 상대 선수들의 실책으로주자는 만루!! 4번타자 ""오세훈""의 강력한 만루홈런으로 대한민국을 재건합시다!!!",3주 전(수정됨),오세훈TV,2.3천,56,67
[2030 시민참여유세#6] 청년의 꿈과 희망을 짓밟은 정부·여당! 용서하지 않겠습니다!,2021. 4. 4.,daebak77,근모 청년 넘 눈물난다. ㅅㅂ미친 공산당 땜에  ...,2주 전,오세훈TV,2.3천,56,18
[2030 시민참여유세#6] 청년의 꿈과 희망을 짓밟은 정부·여당! 용서하지 않겠습니다!,2021. 4. 4.,쁘라나,그렇게 열심히 일하다건강까지 잃었다니ᆢ우는 모습에. 제맘이 무너집니다토닥이시는 오후보님의 손길에제 손길을 얹습니다어쩔줄 모르겠습니다 ㅠ부디 모든문제가 해결되시고행복해지시기 기도합니다🙏🙏,3주 전,오세훈TV,2.3천,56,44
[2030 시민참여유세#6] 청년의 꿈과 희망을 짓밟은 정부·여당! 용서하지 않겠습니다!,2021. 4. 4.,돈이최고,22살 대학생입니다 오늘 오 후보님 유세장에서 연설을 한 20대들을 취업에서 떨어뜨리라는 짐승만도 못한 글을 기사로 봤습니다 더 이상은 못 참겠습니다 굳이 세대갈등 세대간의 전쟁을 원한다면 2030이 힘을 합하고 극악무도하고 오만방자한 586세대와 40대들과 전쟁이라도 치룰수 있습니다 이 글을 보고 국민분열을 조장한다고 생각할수 있지만 애시당초 국민을 분열시킨게 누군지 생각해보면 될겁니다 굳이 내전을 원한다면 얼마든지 해드리죠 자유대한민국과 자본주의를 지키기 위해 뭔들 못하겠습니까,3주 전,오세훈TV,2.3천,56,192
[2030 시민참여유세#6] 청년의 꿈과 희망을 짓밟은 정부·여당! 용서하지 않겠습니다!,2021. 4. 4.,최민이,제발 질서있고공정한나라을 되찾읍시다,3주 전,오세훈TV,2.3천,56,39
[2030 시민참여유세#6] 청년의 꿈과 희망을 짓밟은 정부·여당! 용서하지 않겠습니다!,2021. 4. 4.,홍길동,아들 세대들에게 미안합니다. 힘내시고 오세훈시장이 해주리라 믿습니다.,3주 전,오세훈TV,2.3천,56,35
[2030 시민참여유세#6] 청년의 꿈과 희망을 짓밟은 정부·여당! 용서하지 않겠습니다!,2021. 4. 4.,소은,자랑스러운 우리나라의 청년입니다. 힘내세요. 아주 똑똑한 청년이군요.최~고입니다.,3주 전,오세훈TV,2.3천,56,52
[2030 시민참여유세#6] 청년의 꿈과 희망을 짓밟은 정부·여당! 용서하지 않겠습니다!,2021. 4. 4.,s.m,울지마요..~,3주 전,오세훈TV,2.3천,56,66
[2030 시민참여유세#6] 청년의 꿈과 희망을 짓밟은 정부·여당! 용서하지 않겠습니다!,2021. 4. 4.,HyunJin park,제발 제발 투표 잘합시다!장기 집권만을 위해 국익과 국민은 안중에도 없는 사람들에게 더 이상 나라 맡길수가 없습니다!,3주 전,오세훈TV,2.3천,56,37
[2030 시민참여유세#6] 청년의 꿈과 희망을 짓밟은 정부·여당! 용서하지 않겠습니다!,2021. 4. 4.,김인희,니가    주식을사고    아파트사며     반일  하는동안       누군가는  니 반일때문에  생계가  어려워진다,3주 전(수정됨),오세훈TV,2.3천,56,73
[2030 시민참여유세#6] 청년의 꿈과 희망을 짓밟은 정부·여당! 용서하지 않겠습니다!,2021. 4. 4.,Trump Donald,진짜 나도 경기도민이 되버림..,3주 전,오세훈TV,2.3천,56,49
[2030 시민참여유세#6] 청년의 꿈과 희망을 짓밟은 정부·여당! 용서하지 않겠습니다!,2021. 4. 4.,아비가일,눈물나네요..  그러나 응원합니다!!!,3주 전,오세훈TV,2.3천,56,21
[2030 시민참여유세#6] 청년의 꿈과 희망을 짓밟은 정부·여당! 용서하지 않겠습니다!,2021. 4. 4.,글로리,사랑합니다 힘을 내세요~~,3주 전,오세훈TV,2.3천,56,26
[2030 시민참여유세#6] 청년의 꿈과 희망을 짓밟은 정부·여당! 용서하지 않겠습니다!,2021. 4. 4.,Z i w o n,오세훈시장님이 돌아와야 서울에 희망이 있다.,3주 전,오세훈TV,2.3천,56,41
[2030 시민참여유세#6] 청년의 꿈과 희망을 짓밟은 정부·여당! 용서하지 않겠습니다!,2021. 4. 4.,JS YANG,저도 눈물이 나네요ᆢ힘내세요ᆢ 같이 좋은 세상 만들어야죠! 화이팅!,3주 전,오세훈TV,2.3천,56,42
[2030 시민참여유세#6] 청년의 꿈과 희망을 짓밟은 정부·여당! 용서하지 않겠습니다!,2021. 4. 4.,Bee cosmos,청년들이여!!!!!!! 그대들이 있어 대한민국 미래가 분명히 더욱  밝을 것입니다청년들의 말을 들으면서 느낀것은 옳고 그름을 떠나 절절하다는것에 저또한 목이 메여올뿐입니다,3주 전,오세훈TV,2.3천,56,47
[2030 시민참여유세#6] 청년의 꿈과 희망을 짓밟은 정부·여당! 용서하지 않겠습니다!,2021. 4. 4.,윤실비아,눈물을 흘리면서 이  댓글을 쓰고 있습니다. 저 역시 대학생을 둔 엄마라 더 공감이 가네요 . 청년들에게  희망의 삶을 보장해줘야 하는 게 나라요 정치인데...너무너무 가슴이 아픕니다. 젊은이여 희망을 잃지말고 부디 새롭게 삶을 개척해 나가길 꼭 기원합니다.오세훈후보님 많은 청년들의 말을 귀담아 들어셨죠.. 시장이 되셔서 다 반영해주세요. 오세훈 화이팅!!,3주 전,오세훈TV,2.3천,56,47
[2030 시민참여유세#6] 청년의 꿈과 희망을 짓밟은 정부·여당! 용서하지 않겠습니다!,2021. 4. 4.,ᅳᅳ해피,오세훈시장이 운영하는 최고의도시 서울에서 살고 싶다.,3주 전,오세훈TV,2.3천,56,78
[2030 시민참여유세#6] 청년의 꿈과 희망을 짓밟은 정부·여당! 용서하지 않겠습니다!,2021. 4. 4.,조정옥,너무 가슴 아픕니다~~평범한 부모님의 자식들은 희망이 없이 하루하루 힘들게 살아가는 이현실 ~~세상을 바뀌게 2번 찍어요,2주 전,오세훈TV,2.3천,56,7
[2030 시민참여유세#6] 청년의 꿈과 희망을 짓밟은 정부·여당! 용서하지 않겠습니다!,2021. 4. 4.,송현진,정권교체 무조건 시작은 서울시장부터다!!!,3주 전,오세훈TV,2.3천,56,18
[2030 시민참여유세#6] 청년의 꿈과 희망을 짓밟은 정부·여당! 용서하지 않겠습니다!,2021. 4. 4.,K elly,이번에 알게된사실은 우리 젊은이들이 대견스럽습니다 힘내세요!!,3주 전,오세훈TV,2.3천,56,21
[2030 시민참여유세#6] 청년의 꿈과 희망을 짓밟은 정부·여당! 용서하지 않겠습니다!,2021. 4. 4.,namu5,젊은 청춘들 힘내세요!!!,3주 전,오세훈TV,2.3천,56,29
[2030 시민참여유세#6] 청년의 꿈과 희망을 짓밟은 정부·여당! 용서하지 않겠습니다!,2021. 4. 4.,정원,오세훈 시장님!꼭 이런 청년들에게 꿈과 희망을 주세요~~~화이팅!,3주 전,오세훈TV,2.3천,56,17
[2030 시민참여유세#6] 청년의 꿈과 희망을 짓밟은 정부·여당! 용서하지 않겠습니다!,2021. 4. 4.,조은희,아이고 딱해라젊은이 이제 힘내시고 더좋은나라  더좋은 미래 만들어 주실겁니다그래서 오세훈 후보가 돼야합니다힘내세요~~~~,3주 전,오세훈TV,2.3천,56,38
[2030 시민참여유세#6] 청년의 꿈과 희망을 짓밟은 정부·여당! 용서하지 않겠습니다!,2021. 4. 4.,현하늘,서울 토박이 초-중-고-대 서울에서 나고 자랐어요. 당연히 서울시민으로 살고 싶었죠. 현실은 저 멀리멀리 외곽으로 밀려 살고 있지만 언제든 고향인 서울로 돌아오고 싶네요.활기찬 서울. 세계적인 도시로 만들어 주세요^^,3주 전,오세훈TV,2.3천,56,25
[2030 시민참여유세#6] 청년의 꿈과 희망을 짓밟은 정부·여당! 용서하지 않겠습니다!,2021. 4. 4.,Kim Cynthia,내가 다 울컥하네...그노무 노노재팬 같은 나라 사람들에게도 피해를 주는지도 모르고 도덕성 운운하면서 선동하더니,3주 전,오세훈TV,2.3천,56,15
[2030 시민참여유세#6] 청년의 꿈과 희망을 짓밟은 정부·여당! 용서하지 않겠습니다!,2021. 4. 4.,junghyun park,눈물나네 ㅜㅜ,3주 전,오세훈TV,2.3천,56,43
[2030 시민참여유세#6] 청년의 꿈과 희망을 짓밟은 정부·여당! 용서하지 않겠습니다!,2021. 4. 4.,#NotmyBattlefield,근모형 힘내 ㅠㅠ,3주 전,오세훈TV,2.3천,56,50
[2030 시민참여유세#6] 청년의 꿈과 희망을 짓밟은 정부·여당! 용서하지 않겠습니다!,2021. 4. 4.,송애숙,아유 청년 힘내요 눈물나내요,3주 전,오세훈TV,2.3천,56,33
[2030 시민참여유세#6] 청년의 꿈과 희망을 짓밟은 정부·여당! 용서하지 않겠습니다!,2021. 4. 4.,최수정,모든 청년들! 20~30대 힘주십시요!,3주 전,오세훈TV,2.3천,56,20
[2030 시민참여유세#6] 청년의 꿈과 희망을 짓밟은 정부·여당! 용서하지 않겠습니다!,2021. 4. 4.,오마갓,볼때마다 눈물..  청년 힘내요 좋은날 올거예요,3주 전,오세훈TV,2.3천,56,49
[2030 시민참여유세#6] 청년의 꿈과 희망을 짓밟은 정부·여당! 용서하지 않겠습니다!,2021. 4. 4.,join so,"내가 ""오세훈"" 이다!!!우리가  ""오세훈"" 이다!!!",3주 전(수정됨),오세훈TV,2.3천,56,31
[2030 시민참여유세#6] 청년의 꿈과 희망을 짓밟은 정부·여당! 용서하지 않겠습니다!,2021. 4. 4.,박또순,눈물난다어찌나우리나라 살려주세요여긴 지방 입니다,2주 전,오세훈TV,2.3천,56,1
[2030 시민참여유세#6] 청년의 꿈과 희망을 짓밟은 정부·여당! 용서하지 않겠습니다!,2021. 4. 4.,grace kim,아 청년말에 나도 눈물나고 분노가 납니다 이 악하고 무능하고 위선덩어리 정권을 빨리 무너뜨려야 합니다,1주 전,오세훈TV,2.3천,56,4
[2030 시민참여유세#6] 청년의 꿈과 희망을 짓밟은 정부·여당! 용서하지 않겠습니다!,2021. 4. 4.,Good Man,보는데 눈물이 나네요.. 힘내세요..,2주 전,오세훈TV,2.3천,56,3
[2030 시민참여유세#6] 청년의 꿈과 희망을 짓밟은 정부·여당! 용서하지 않겠습니다!,2021. 4. 4.,미합중국,우리가 오세훈이다-!,3주 전,오세훈TV,2.3천,56,14
[2030 시민참여유세#6] 청년의 꿈과 희망을 짓밟은 정부·여당! 용서하지 않겠습니다!,2021. 4. 4.,황계성,문재인 보고있나? 저 청년의 절규를!,3주 전,오세훈TV,2.3천,56,19
[2030 시민참여유세#6] 청년의 꿈과 희망을 짓밟은 정부·여당! 용서하지 않겠습니다!,2021. 4. 4.,이순신,우리동생 뻘인데 가슴이 아프네 ㅠㅠㅠㅠ,3주 전,오세훈TV,2.3천,56,23
[2030 시민참여유세#6] 청년의 꿈과 희망을 짓밟은 정부·여당! 용서하지 않겠습니다!,2021. 4. 4.,이코코,오세훈화이팅,3주 전,오세훈TV,2.3천,56,32
[2030 시민참여유세#6] 청년의 꿈과 희망을 짓밟은 정부·여당! 용서하지 않겠습니다!,2021. 4. 4.,sa l,청년들이   많이 돌아 섰군요그래도 대깨문들  정신차리세요이번에   선거 잘해야  젊은이들에게  미래가 있습니다오세훈 서울시장 2 번을 투표해서✌✌✌  서울도 살리고정권심판으로   대한민국 살립시다,3주 전,오세훈TV,2.3천,56,21
[2030 시민참여유세#6] 청년의 꿈과 희망을 짓밟은 정부·여당! 용서하지 않겠습니다!,2021. 4. 4.,"자유,새벽이슬",제발요 직을 간다는거는두번다시는하지말아 주세요자유민주주의 대한민국을 🇰🇷 위하여 반중친미 국익우선 꼭 부탁드립니다 🙏,3주 전,오세훈TV,2.3천,56,12
[2030 시민참여유세#6] 청년의 꿈과 희망을 짓밟은 정부·여당! 용서하지 않겠습니다!,2021. 4. 4.,ㅇㅇㅇ,전세계인이  다시 오고 싶은 서울의 틀을 만들어준 오세훈 시장님!이번에도 당선 되시어~청년의 꿈 짓밟히지 않는 든든한 국민의 미래를 여는 시장님 되어 주세요~👍,3주 전,오세훈TV,2.3천,56,12
[2030 시민참여유세#6] 청년의 꿈과 희망을 짓밟은 정부·여당! 용서하지 않겠습니다!,2021. 4. 4.,커피,🥺🥺🥺🥺🥺🥺 힘내세요 ㅠ 저도 눈물이 나네요🥺🥺🥺🥺🥺,3주 전,오세훈TV,2.3천,56,27
[2030 시민참여유세#6] 청년의 꿈과 희망을 짓밟은 정부·여당! 용서하지 않겠습니다!,2021. 4. 4.,ᅳᅳ해피,서울시민 되고싶다.,3주 전,오세훈TV,2.3천,56,8
[2030 시민참여유세#6] 청년의 꿈과 희망을 짓밟은 정부·여당! 용서하지 않겠습니다!,2021. 4. 4.,김선희,대한민국 이끌 청년들 이왠말인가 눈물이납니다 청년들 이여 화이팅.,3주 전,오세훈TV,2.3천,56,18
[2030 시민참여유세#6] 청년의 꿈과 희망을 짓밟은 정부·여당! 용서하지 않겠습니다!,2021. 4. 4.,주영광,제발 부정선거 막으세요사전선거함 지키세요 제발.,3주 전(수정됨),오세훈TV,2.3천,56,9
[2030 시민참여유세#6] 청년의 꿈과 희망을 짓밟은 정부·여당! 용서하지 않겠습니다!,2021. 4. 4.,lakey Jun,어우씨 ...안타깝네..,3주 전,오세훈TV,2.3천,56,5
[2030 시민참여유세#6] 청년의 꿈과 희망을 짓밟은 정부·여당! 용서하지 않겠습니다!,2021. 4. 4.,반얀트리,🤠오세훈 후보 다시 🏃🏃뛰는 🇰🇷대한민국의 💖심장 🌈서울을 🙋🙆청년들이 🛫도약할 🛣발판으로 ✌반드시 🏗만들어줄 🌟것입니다🌞.,3주 전(수정됨),오세훈TV,2.3천,56,11
[2030 시민참여유세#6] 청년의 꿈과 희망을 짓밟은 정부·여당! 용서하지 않겠습니다!,2021. 4. 4.,알송달송,힘내자~~~청년들아~~!맘다잡고 세상 바로 잡자구요~!,3주 전,오세훈TV,2.3천,56,12
[2030 시민참여유세#6] 청년의 꿈과 희망을 짓밟은 정부·여당! 용서하지 않겠습니다!,2021. 4. 4.,김지혜,잘 되실겁니다! 마음으로 응원합니다 🙏🏻,3주 전,오세훈TV,2.3천,56,5
[2030 시민참여유세#6] 청년의 꿈과 희망을 짓밟은 정부·여당! 용서하지 않겠습니다!,2021. 4. 4.,최기 원,저 청년에게 우선 위로의 말과 절대 공감 합니다,3주 전,오세훈TV,2.3천,56,4
[2030 시민참여유세#6] 청년의 꿈과 희망을 짓밟은 정부·여당! 용서하지 않겠습니다!,2021. 4. 4.,ᄋᄋ,"유니클로 티 안돼요, 렉서스 돼요 삼성 대기업 나빠요, 일본항공 투자해보아요야스쿠니 신사 나빠요, 야스쿠니 신사뷰 아파트 좋아요",3주 전,오세훈TV,2.3천,56,53
[2030 시민참여유세#6] 청년의 꿈과 희망을 짓밟은 정부·여당! 용서하지 않겠습니다!,2021. 4. 4.,코스모스,오세훈 서울시장 화이팅,3주 전,오세훈TV,2.3천,56,7
[2030 시민참여유세#6] 청년의 꿈과 희망을 짓밟은 정부·여당! 용서하지 않겠습니다!,2021. 4. 4.,김애숙,"청년들의 외침이 하루빨리 잘사는 나라가 되야 합니다,청년들의 마음 고생이얼마나 많으세요,",2주 전,오세훈TV,2.3천,56,2
[2030 시민참여유세#6] 청년의 꿈과 희망을 짓밟은 정부·여당! 용서하지 않겠습니다!,2021. 4. 4.,JAE SOO KIM,진짜 울분이 느껴진다,2주 전,오세훈TV,2.3천,56,1
[2030 시민참여유세#6] 청년의 꿈과 희망을 짓밟은 정부·여당! 용서하지 않겠습니다!,2021. 4. 4.,들꽃,젊은 청년들 돌아와줘 정말 고맙고 잘했습니다👏👏👏,2주 전,오세훈TV,2.3천,56,1
[2030 시민참여유세#6] 청년의 꿈과 희망을 짓밟은 정부·여당! 용서하지 않겠습니다!,2021. 4. 4.,윤혜정,거의 모든 국민이 죽어가고 있습니다ㅠ저도 살기힘든 와중에 대출규제로 죽지 못해 삽니다일어설 수가 없어요ㅠ,2주 전,오세훈TV,2.3천,56,1
[2030 시민참여유세#6] 청년의 꿈과 희망을 짓밟은 정부·여당! 용서하지 않겠습니다!,2021. 4. 4.,K Hello,심판합시다 !!!!!!!!,3주 전,오세훈TV,2.3천,56,3
[2030 시민참여유세#6] 청년의 꿈과 희망을 짓밟은 정부·여당! 용서하지 않겠습니다!,2021. 4. 4.,보수우파,저런 애국청년이있어서 대한민국의 희망이있습니다 화이팅!!!,3주 전,오세훈TV,2.3천,56,2
[2030 시민참여유세#6] 청년의 꿈과 희망을 짓밟은 정부·여당! 용서하지 않겠습니다!,2021. 4. 4.,Benjamin K,힘내세요 !,3주 전,오세훈TV,2.3천,56,3
[2030 시민참여유세#6] 청년의 꿈과 희망을 짓밟은 정부·여당! 용서하지 않겠습니다!,2021. 4. 4.,의信,눈물 흘리는 청년들 ㅠ넘넘 가슴 아픕니다 ㅠ오세훈 시장님?제발 우리 젊은 청년들이며 등등 단순히 서울시장으로서만이 아니라 대한민국을 위해 일해 주십시요!!믿습니다🙏,2주 전,오세훈TV,2.3천,56,1
[2030 시민참여유세#6] 청년의 꿈과 희망을 짓밟은 정부·여당! 용서하지 않겠습니다!,2021. 4. 4.,judy ryu,그래 아무리 일본이 싫어도 롯데 같은 기업 자르면 거기 다니는 사람들과 가족들은 가장을 잃는 거임,2주 전,오세훈TV,2.3천,56,4
[2030 시민참여유세#6] 청년의 꿈과 희망을 짓밟은 정부·여당! 용서하지 않겠습니다!,2021. 4. 4.,이은영,오세훈 시장님 화이팅!!!,3주 전,오세훈TV,2.3천,56,6
[2030 시민참여유세#6] 청년의 꿈과 희망을 짓밟은 정부·여당! 용서하지 않겠습니다!,2021. 4. 4.,SANGHUN OH,열심히일하다건강을잃은게맘아파요,3주 전,오세훈TV,2.3천,56,5
[2030 시민참여유세#6] 청년의 꿈과 희망을 짓밟은 정부·여당! 용서하지 않겠습니다!,2021. 4. 4.,이한울,저도 일자리 구하는 입장이라 눈물만 나네요... 20대분들 힘냅시다 우린 할수있습니다.,2주 전,오세훈TV,2.3천,56,1
[2030 시민참여유세#6] 청년의 꿈과 희망을 짓밟은 정부·여당! 용서하지 않겠습니다!,2021. 4. 4.,Grazia,눈물나네요... 힘내시고 우리 연합하여 승리합시다!!!,2주 전,오세훈TV,2.3천,56,1
[2030 시민참여유세#6] 청년의 꿈과 희망을 짓밟은 정부·여당! 용서하지 않겠습니다!,2021. 4. 4.,KD A,10번 보는데 또 눈물난다,2주 전,오세훈TV,2.3천,56,1
[2030 시민참여유세#6] 청년의 꿈과 희망을 짓밟은 정부·여당! 용서하지 않겠습니다!,2021. 4. 4.,Jake,우는모습에 울컥함 ㅜㅜ,2주 전,오세훈TV,2.3천,56,1
[2030 시민참여유세#6] 청년의 꿈과 희망을 짓밟은 정부·여당! 용서하지 않겠습니다!,2021. 4. 4.,쁘라나,우리 아이들 눈에서피눈물 쏟게 하는 저것들열배 백배 생지옥에 빠지길,3주 전,오세훈TV,2.3천,56,25
[2030 시민참여유세#6] 청년의 꿈과 희망을 짓밟은 정부·여당! 용서하지 않겠습니다!,2021. 4. 4.,러시아제국,우리는 버려졌어 ㅠㅠ,3주 전,오세훈TV,2.3천,56,1
[2030 시민참여유세#6] 청년의 꿈과 희망을 짓밟은 정부·여당! 용서하지 않겠습니다!,2021. 4. 4.,정도하,이번에도 부정선거 얘기가 있는데 걱정입니다 저들은 나라나 국민은 안중에도 없는것 같고 어떡해서든지  기득권만 유지할려고 하는 나쁜 집단이라는 생각입니다,3주 전,오세훈TV,2.3천,56,2
[2030 시민참여유세#6] 청년의 꿈과 희망을 짓밟은 정부·여당! 용서하지 않겠습니다!,2021. 4. 4.,물멍하는강아지,갑자기 가슴이 찡..ㅠㅠㅠㅠ,1주 전,오세훈TV,2.3천,56,1
[2030 시민참여유세#6] 청년의 꿈과 희망을 짓밟은 정부·여당! 용서하지 않겠습니다!,2021. 4. 4.,육튜브,이번에 꿈하나는 이루어 졌네요.다행입니다..,2주 전,오세훈TV,2.3천,56,2
[2030 시민참여유세#6] 청년의 꿈과 희망을 짓밟은 정부·여당! 용서하지 않겠습니다!,2021. 4. 4.,사직의중심에서씨발을외치다,생태탕 증언한 사람 고소 안하십니까?,3주 전,오세훈TV,2.3천,56,2
[2030 시민참여유세#6] 청년의 꿈과 희망을 짓밟은 정부·여당! 용서하지 않겠습니다!,2021. 4. 4.,myjins P,아들도 21살인데 가슴 뭉클합니다.힘내세요~,2주 전,오세훈TV,2.3천,56,0
[2030 시민참여유세#6] 청년의 꿈과 희망을 짓밟은 정부·여당! 용서하지 않겠습니다!,2021. 4. 4.,신나라,멋진 청년 화이팅!!!  멋져요. 힘내세요. 갓 브래스 유♡♡♡,2주 전,오세훈TV,2.3천,56,1
[2030 시민참여유세#6] 청년의 꿈과 희망을 짓밟은 정부·여당! 용서하지 않겠습니다!,2021. 4. 4.,소은,이번 선거는 기호2번 오세훈 후보님이 당선되어야 서울을 바로 잡을수있습니다.,3주 전,오세훈TV,2.3천,56,16
[2030 시민참여유세#6] 청년의 꿈과 희망을 짓밟은 정부·여당! 용서하지 않겠습니다!,2021. 4. 4.,김영빈,저도  20대지만 다담주에 실업자가 됩니다. 잘 다니던 2년동안에 직장이었는데..  이번 정부 진짜 열받습니다. 한 게 없습니다..여러분 진짜 지금도 지금이지만 다음 대선에 더 바뀌어야 합니다,2일 전,오세훈TV,2.3천,56,0
[2030 시민참여유세#6] 청년의 꿈과 희망을 짓밟은 정부·여당! 용서하지 않겠습니다!,2021. 4. 4.,MYLES Enzo ANG,울지말아요!! 加油!!👍👍,2주 전,오세훈TV,2.3천,56,1
[2030 시민참여유세#6] 청년의 꿈과 희망을 짓밟은 정부·여당! 용서하지 않겠습니다!,2021. 4. 4.,myjins P,요즘 젊은 사람들 정말 똑 부러지게 말 잘하네요~~^^,2주 전,오세훈TV,2.3천,56,2
[2030 시민참여유세#6] 청년의 꿈과 희망을 짓밟은 정부·여당! 용서하지 않겠습니다!,2021. 4. 4.,부산오뎅,에고ㅡㅡㅡ눈물난다 지금우리에 현실이다 청년 우리모두힘냅시다 나쁜 🚪 새끼,2주 전(수정됨),오세훈TV,2.3천,56,1
[2030 시민참여유세#6] 청년의 꿈과 희망을 짓밟은 정부·여당! 용서하지 않겠습니다!,2021. 4. 4.,jh y,어시오!!,3주 전,오세훈TV,2.3천,56,1
[2030 시민참여유세#6] 청년의 꿈과 희망을 짓밟은 정부·여당! 용서하지 않겠습니다!,2021. 4. 4.,수르정,내일 압도적으로 이기자 오세훈,2주 전,오세훈TV,2.3천,56,1
[2030 시민참여유세#6] 청년의 꿈과 희망을 짓밟은 정부·여당! 용서하지 않겠습니다!,2021. 4. 4.,MK K,너무  맘아파요우리젊은청년 들이너무  안스럽네요 정말  이나라가  몰라도  너무모른다절은청년  문화혜택과  취업결혼자금  근본적인대출문제등등  정권교체가  답이다,2주 전,오세훈TV,2.3천,56,3
[2030 시민참여유세#6] 청년의 꿈과 희망을 짓밟은 정부·여당! 용서하지 않겠습니다!,2021. 4. 4.,이명희,대한의 청년들이여 당신들이 바로 대한민국의 희망이고 등불입니다,2주 전,오세훈TV,2.3천,56,1
[2030 시민참여유세#6] 청년의 꿈과 희망을 짓밟은 정부·여당! 용서하지 않겠습니다!,2021. 4. 4.,쁘라나,외롭고 아픈 우리 아들딸들꿈의 날개를 꺽인 애절함아프고 아픕니다아이들이 꿈의 날개를다시 활짝 펼수있도록오후보님 꼭 시장님 되시기 바랍니다 🙏🙏,3주 전(수정됨),오세훈TV,2.3천,56,16
[2030 시민참여유세#6] 청년의 꿈과 희망을 짓밟은 정부·여당! 용서하지 않겠습니다!,2021. 4. 4.,김하늬바람,에구ㅡ가슴아파여ㅡ힘내세여ㅡ!,2주 전,오세훈TV,2.3천,56,0
[2030 시민참여유세#6] 청년의 꿈과 희망을 짓밟은 정부·여당! 용서하지 않겠습니다!,2021. 4. 4.,이진석,오세훈파이팅!!!,2주 전,오세훈TV,2.3천,56,1
[2030 시민참여유세#6] 청년의 꿈과 희망을 짓밟은 정부·여당! 용서하지 않겠습니다!,2021. 4. 4.,김하늬바람,멋지다ㅡ홧팅!,2주 전,오세훈TV,2.3천,56,0
[2030 시민참여유세#6] 청년의 꿈과 희망을 짓밟은 정부·여당! 용서하지 않겠습니다!,2021. 4. 4.,esther kim,청년여러분 앞으로도 절대 속지마세요 진심으로  응원합니다.,2주 전,오세훈TV,2.3천,56,1
[2030 시민참여유세#6] 청년의 꿈과 희망을 짓밟은 정부·여당! 용서하지 않겠습니다!,2021. 4. 4.,hero pak,오시장님 당선 축하드립니다. 어렵게 당선 되신만큼 서울을 잘 이끌어 주시길 바라겠습니다. 한가지 건의드리고 싶은 것이 있는데 이번 선거기간동안 2030공 청년 유세 정말 인상깊게 봤습니다. 청년들의 생생한 육성을 들으니 나혼자 생각하고 있던 것이 아니구나라는 느낌이 들어 더욱 와닿았던 것 같습니다. 이러한 청년들과의 접촉을 선거 때만 하지마시고 시정에도 반영하여 청년들의 고충 및 건의를 들을 수 있는 청년옴부즈만 같은 창구가 있었으면 좋겠습니다. 이러한 창구를 통해 이번에 참여해준 청년 유세단 사람들의 일부라도 계속 네트워킹을 하면서 시민과 긴밀히 소통하는 시장이 되셨으면 좋겠습니다.,2주 전,오세훈TV,2.3천,56,1
[2030 시민참여유세#6] 청년의 꿈과 희망을 짓밟은 정부·여당! 용서하지 않겠습니다!,2021. 4. 4.,맛있는 삶,굿,2주 전,오세훈TV,2.3천,56,1
[2030 시민참여유세#6] 청년의 꿈과 희망을 짓밟은 정부·여당! 용서하지 않겠습니다!,2021. 4. 4.,스톱워치,박영선 도쿄 아파트 ㅅㅂ 내로남불 끝판왕 이구먼.....,2주 전,오세훈TV,2.3천,56,2
[2030 시민참여유세#6] 청년의 꿈과 희망을 짓밟은 정부·여당! 용서하지 않겠습니다!,2021. 4. 4.,박Sun,일하다 아프면 쉬어,2주 전,오세훈TV,2.3천,56,0
[2030 시민참여유세#6] 청년의 꿈과 희망을 짓밟은 정부·여당! 용서하지 않겠습니다!,2021. 4. 4.,수채화,힘내세요,2주 전,오세훈TV,2.3천,56,0
[2030 시민참여유세#6] 청년의 꿈과 희망을 짓밟은 정부·여당! 용서하지 않겠습니다!,2021. 4. 4.,고진영,힘내세요 우리희망에 오세훈님이계시니까요~이번에는 2번 오세훈투표!,2주 전,오세훈TV,2.3천,56,0
[2030 시민참여유세#6] 청년의 꿈과 희망을 짓밟은 정부·여당! 용서하지 않겠습니다!,2021. 4. 4.,오금자,젊은청년너무가슴이아프네요. 그래도힘내서  열심히노력하면좋은. 내일을기다려보세요.,1주 전,오세훈TV,2.3천,56,1
[2030 시민참여유세#6] 청년의 꿈과 희망을 짓밟은 정부·여당! 용서하지 않겠습니다!,2021. 4. 4.,고객님,힘내세요 힘내세요,2주 전,오세훈TV,2.3천,56,0
[2030 시민참여유세#6] 청년의 꿈과 희망을 짓밟은 정부·여당! 용서하지 않겠습니다!,2021. 4. 4.,장보영,지금 사전투표 조작질 하는중인데 유세한다고 됩니까??😘😘😘😘😘,3주 전,오세훈TV,2.3천,56,0
[2030 시민참여유세#6] 청년의 꿈과 희망을 짓밟은 정부·여당! 용서하지 않겠습니다!,2021. 4. 4.,박소현,오세훈 시장님 힘내셔서 꼭 잘해주세요..,2주 전,오세훈TV,2.3천,56,0
[2030 시민참여유세#6] 청년의 꿈과 희망을 짓밟은 정부·여당! 용서하지 않겠습니다!,2021. 4. 4.,GWH,"오세훈 후보님 저런 청년들 얘기 흘려 듣지 마시고, 참된 희망과 구체적인 일자리가 마련되는 서울 만들어 주세요. !!",3주 전,오세훈TV,2.3천,56,2
[2030 시민참여유세#6] 청년의 꿈과 희망을 짓밟은 정부·여당! 용서하지 않겠습니다!,2021. 4. 4.,마중물,우리 청년들을 응원합니다~~힘내셔요💚💚💚💚💚💚💚,1주 전,오세훈TV,2.3천,56,1
[2030 시민참여유세#6] 청년의 꿈과 희망을 짓밟은 정부·여당! 용서하지 않겠습니다!,2021. 4. 4.,보더콜리,다시 르네상스 서울,2주 전,오세훈TV,2.3천,56,0
[2030 시민참여유세#6] 청년의 꿈과 희망을 짓밟은 정부·여당! 용서하지 않겠습니다!,2021. 4. 4.,근육이완맥그리거,ㅋㅋㅋㅋㅋㅋㅋㅋㅋㅋㅋㅋㅋㅋㅋㅋㅋㅋㅋㅋㅋㅋㅋㅋㅋㅋㅋㅋㅋㅋㅋㅋㅋㅋㅋㅋㅋㅋㅋㅋㅋㅋㅋㅋㅋㅋㅋㅋㅋㅋㅋㅋ,3주 전,오세훈TV,2.3천,56,0
[2030 시민참여유세#6] 청년의 꿈과 희망을 짓밟은 정부·여당! 용서하지 않겠습니다!,2021. 4. 4.,해피트리,우리 젊은이들 참 똑똑합니다!!우리나라 희망이 보입니다^^,2주 전,오세훈TV,2.3천,56,0
[2030 시민참여유세#6] 청년의 꿈과 희망을 짓밟은 정부·여당! 용서하지 않겠습니다!,2021. 4. 4.,Don't HisPanic,문재인 = 여적죄 사형,3주 전,오세훈TV,2.3천,56,13
[2030 시민참여유세#6] 청년의 꿈과 희망을 짓밟은 정부·여당! 용서하지 않겠습니다!,2021. 4. 4.,0 0,생태탕 이 아니구요 본질은 오리발 탕 이랍니다 ㅋㅋ,3주 전,오세훈TV,2.3천,56,0
[2030 시민참여유세#6] 청년의 꿈과 희망을 짓밟은 정부·여당! 용서하지 않겠습니다!,2021. 4. 4.,0 0,생태탕 이 아니구요 본질은 오리발 탕 이랍니다 ㅋㅋ,3주 전,오세훈TV,2.3천,56,0
[2030 시민참여유세#6] 청년의 꿈과 희망을 짓밟은 정부·여당! 용서하지 않겠습니다!,2021. 4. 4.,0 0,생태탕 이 아니구요 본질은 오리발 탕 이랍니다 ㅋㅋ,3주 전,오세훈TV,2.3천,56,0
[2030 시민참여유세#6] 청년의 꿈과 희망을 짓밟은 정부·여당! 용서하지 않겠습니다!,2021. 4. 4.,0 0,생태탕 이 아니구요 본질은 오리발 탕 이랍니다 ㅋㅋ,3주 전,오세훈TV,2.3천,56,0
[2030 시민참여유세#6] 청년의 꿈과 희망을 짓밟은 정부·여당! 용서하지 않겠습니다!,2021. 4. 4.,0 0,생태탕 이 아니구요 본질은 오리발 탕 이랍니다 ㅋㅋ,3주 전,오세훈TV,2.3천,56,0
[2030 시민참여유세#6] 청년의 꿈과 희망을 짓밟은 정부·여당! 용서하지 않겠습니다!,2021. 4. 4.,0 0,생태탕 이 아니구요 본질은 오리발 탕 이랍니다 ㅋㅋ,3주 전,오세훈TV,2.3천,56,0
[2030 시민참여유세#6] 청년의 꿈과 희망을 짓밟은 정부·여당! 용서하지 않겠습니다!,2021. 4. 4.,0 0,생태탕 이 아니구요 본질은 오리발 탕 이랍니다 ㅋㅋ,3주 전,오세훈TV,2.3천,56,0
[2030 시민참여유세#6] 청년의 꿈과 희망을 짓밟은 정부·여당! 용서하지 않겠습니다!,2021. 4. 4.,0 0,생태탕 이 아니구요 본질은 오리발 탕 이랍니다 ㅋㅋ,3주 전,오세훈TV,2.3천,56,0
[2030 시민참여유세#6] 청년의 꿈과 희망을 짓밟은 정부·여당! 용서하지 않겠습니다!,2021. 4. 4.,0 0,생태탕 이 아니구요 본질은 오리발 탕 이랍니다 ㅋㅋ,3주 전,오세훈TV,2.3천,56,0
[2030 시민참여유세#6] 청년의 꿈과 희망을 짓밟은 정부·여당! 용서하지 않겠습니다!,2021. 4. 4.,0 0,생태탕 이 아니구요 본질은 오리발 탕 이랍니다 ㅋㅋ,3주 전,오세훈TV,2.3천,56,0
[2030 시민참여유세#6] 청년의 꿈과 희망을 짓밟은 정부·여당! 용서하지 않겠습니다!,2021. 4. 4.,0 0,생태탕 이 아니구요 본질은 오리발 탕 이랍니다 ㅋㅋ,3주 전,오세훈TV,2.3천,56,0
[2030 시민참여유세#6] 청년의 꿈과 희망을 짓밟은 정부·여당! 용서하지 않겠습니다!,2021. 4. 4.,0 0,생태탕 이 아니구요 본질은 오리발 탕 이랍니다 ㅋㅋ,3주 전,오세훈TV,2.3천,56,0
[2030 시민참여유세#6] 청년의 꿈과 희망을 짓밟은 정부·여당! 용서하지 않겠습니다!,2021. 4. 4.,0 0,생태탕 이 아니구요 본질은 오리발 탕 이랍니다 ㅋㅋ,3주 전,오세훈TV,2.3천,56,0
[2030 시민참여유세#6] 청년의 꿈과 희망을 짓밟은 정부·여당! 용서하지 않겠습니다!,2021. 4. 4.,0 0,생태탕 이 아니구요 본질은 오리발 탕 이랍니다 ㅋㅋ,3주 전,오세훈TV,2.3천,56,0
[2030 시민참여유세#6] 청년의 꿈과 희망을 짓밟은 정부·여당! 용서하지 않겠습니다!,2021. 4. 4.,0 0,생태탕 이 아니구요 본질은 오리발 탕 이랍니다 ㅋㅋ,3주 전,오세훈TV,2.3천,56,0
[2030 시민참여유세#6] 청년의 꿈과 희망을 짓밟은 정부·여당! 용서하지 않겠습니다!,2021. 4. 4.,0 0,생태탕 이 아니구요 본질은 오리발 탕 이랍니다 ㅋㅋ,3주 전,오세훈TV,2.3천,56,0
[2030 시민참여유세#6] 청년의 꿈과 희망을 짓밟은 정부·여당! 용서하지 않겠습니다!,2021. 4. 4.,0 0,생태탕 이 아니구요 본질은 오리발 탕 이랍니다 ㅋㅋ,3주 전,오세훈TV,2.3천,56,0
[2030 시민참여유세#6] 청년의 꿈과 희망을 짓밟은 정부·여당! 용서하지 않겠습니다!,2021. 4. 4.,0 0,생태탕 이 아니구요 본질은 오리발 탕 이랍니다 ㅋㅋ,3주 전,오세훈TV,2.3천,56,0
[2030 시민참여유세#6] 청년의 꿈과 희망을 짓밟은 정부·여당! 용서하지 않겠습니다!,2021. 4. 4.,0 0,생태탕 이 아니구요 본질은 오리발 탕 이랍니다 ㅋㅋ,3주 전,오세훈TV,2.3천,56,0
[2030 시민참여유세#6] 청년의 꿈과 희망을 짓밟은 정부·여당! 용서하지 않겠습니다!,2021. 4. 4.,0 0,생태탕 이 아니구요 본질은 오리발 탕 이랍니다 ㅋㅋ,3주 전,오세훈TV,2.3천,56,0
[2030 시민참여유세#6] 청년의 꿈과 희망을 짓밟은 정부·여당! 용서하지 않겠습니다!,2021. 4. 4.,0 0,생태탕 이 아니구요 본질은 오리발 탕 이랍니다 ㅋㅋ,3주 전,오세훈TV,2.3천,56,0
[2030 시민참여유세#6] 청년의 꿈과 희망을 짓밟은 정부·여당! 용서하지 않겠습니다!,2021. 4. 4.,0 0,생태탕 이 아니구요 본질은 오리발 탕 이랍니다 ㅋㅋ,3주 전,오세훈TV,2.3천,56,0
[2030 시민참여유세#6] 청년의 꿈과 희망을 짓밟은 정부·여당! 용서하지 않겠습니다!,2021. 4. 4.,0 0,생태탕 이 아니구요 본질은 오리발 탕 이랍니다 ㅋㅋ,3주 전,오세훈TV,2.3천,56,0
[2030 시민참여유세#6] 청년의 꿈과 희망을 짓밟은 정부·여당! 용서하지 않겠습니다!,2021. 4. 4.,0 0,생태탕 이 아니구요 본질은 오리발 탕 이랍니다 ㅋㅋ,3주 전,오세훈TV,2.3천,56,0
[2030 시민참여유세#6] 청년의 꿈과 희망을 짓밟은 정부·여당! 용서하지 않겠습니다!,2021. 4. 4.,윤숙경,청년들을 왜 이렇게  만들었냐 미친정부야,2주 전,오세훈TV,2.3천,56,1
[2030 시민참여유세#6] 청년의 꿈과 희망을 짓밟은 정부·여당! 용서하지 않겠습니다!,2021. 4. 4.,lee숯불닭갈비,너무눈물이납니다어떡합니까?우리아들들의현실입니다후보님?제발국일이살수있는나라를만들어주십시오,2주 전,오세훈TV,2.3천,56,0
[2030 시민참여유세#6] 청년의 꿈과 희망을 짓밟은 정부·여당! 용서하지 않겠습니다!,2021. 4. 4.,In Yeop Park,오세훈 특별서울시장님!힘내세요!! 시장님을 위해서 기도하겠습니다!,6일 전,오세훈TV,2.3천,56,1
[2030 시민참여유세#6] 청년의 꿈과 희망을 짓밟은 정부·여당! 용서하지 않겠습니다!,2021. 4. 4.,샷건,남탓  오지네요 ㅜ.ㅜ,2주 전,오세훈TV,2.3천,56,1
[2030 시민참여유세#6] 청년의 꿈과 희망을 짓밟은 정부·여당! 용서하지 않겠습니다!,2021. 4. 4.,lee희성,여가부 반드시폐지할수있기를  바램입니다.. 그리고 성매매특별법도 폐지해서 공창제도입해서 합법화해야 합니다..,1주 전,오세훈TV,2.3천,56,2
[2030 시민참여유세#6] 청년의 꿈과 희망을 짓밟은 정부·여당! 용서하지 않겠습니다!,2021. 4. 4.,0 0,생태탕 이 아니구요 본질은 오리발 탕 이랍니다 ㅋ,3주 전,오세훈TV,2.3천,56,0
[2030 시민참여유세#6] 청년의 꿈과 희망을 짓밟은 정부·여당! 용서하지 않겠습니다!,2021. 4. 4.,InSeok Jeong,20대 남성의 목소리를 들어주신다면 국민의힘을 강하게 지지하겠습니다.,2주 전,오세훈TV,2.3천,56,0
[2030 시민참여유세#6] 청년의 꿈과 희망을 짓밟은 정부·여당! 용서하지 않겠습니다!,2021. 4. 4.,T T,제로페이  시작당시  신청서  받으러  다니는 사람  들한테  1장당  15000원 정도  지급한걸로  알고  있습니다  공무원들한테  지급이  된건지  외주를  준건지  인건비가  서울시민  세금인데  소상공인들은     당연히 가입해야  하는줄  알고 가입한  사람들 엄청  많은데  보여주기식  원순님  업적  때문에  세금  낭비가  심했음,1주 전,오세훈TV,2.3천,56,2
[2030 시민참여유세#6] 청년의 꿈과 희망을 짓밟은 정부·여당! 용서하지 않겠습니다!,2021. 4. 4.,황계성,오세훈 후보님! 청년들의 일자리 많이많이 만들어주세요!!,3주 전,오세훈TV,2.3천,56,1
[2030 시민참여유세#6] 청년의 꿈과 희망을 짓밟은 정부·여당! 용서하지 않겠습니다!,2021. 4. 4.,ᄋᄋ,오세훈이 모두해결해줄꺼예요,2주 전,오세훈TV,2.3천,56,2
[2030 시민참여유세#6] 청년의 꿈과 희망을 짓밟은 정부·여당! 용서하지 않겠습니다!,2021. 4. 4.,김글우,시급 많이 주나보다 생태탕 갔어? 안갔어?!,3주 전,오세훈TV,2.3천,56,2
[2030 시민참여유세#6] 청년의 꿈과 희망을 짓밟은 정부·여당! 용서하지 않겠습니다!,2021. 4. 4.,에펠탑,어이가 없네 ..,3주 전,오세훈TV,2.3천,56,0
[2030 시민참여유세#6] 청년의 꿈과 희망을 짓밟은 정부·여당! 용서하지 않겠습니다!,2021. 4. 4.,Judaddy Song,갓써 안갓써 색햐,3주 전,오세훈TV,2.3천,56,1
[2030 시민참여유세#6] 청년의 꿈과 희망을 짓밟은 정부·여당! 용서하지 않겠습니다!,2021. 4. 4.,홍심이,너무가슴이아픔니다청년들에게어떻하던지양질의일자리를만들어주지는않고전국을공공근로.일자리만만들어막대한예산을써가면헛짓한이무능한정권을용서할수가없읍니다,2주 전,오세훈TV,2.3천,56,1
[2030 시민참여유세#6] 청년의 꿈과 희망을 짓밟은 정부·여당! 용서하지 않겠습니다!,2021. 4. 4.,구독안하시면 프사미래여친,1:56 2:18 3:51 4:02 4:08,3일 전(수정됨),오세훈TV,2.3천,56,1
[2030 시민참여유세#6] 청년의 꿈과 희망을 짓밟은 정부·여당! 용서하지 않겠습니다!,2021. 4. 4.,조성우,속좁은 생각..아이엠에프때 더했지..,3주 전,오세훈TV,2.3천,56,0
[2030 시민참여유세#6] 청년의 꿈과 희망을 짓밟은 정부·여당! 용서하지 않겠습니다!,2021. 4. 4.,심남규,“장인어른 조차도 누구랑 갔는지 기억을 못하세요. 제가(오세훈후보) 안간건 분명하다고 말씀하세요. 큰처남은 분명히 갔습니다. 장인어른도 기억을 하세요. 그런데 큰처남은 작은 처남이 간걸 기억을 못해요. 작은처남은 자기도 잠깐 갔다 왔다고 기억을 합니다. 저역시도 전혀 안갔죠. 제 기억에 없어요” -2021년 3월31일 오세훈 국민의힘 서울시장 후보초청 관훈토론회,3주 전,오세훈TV,2.3천,56,0
[2030 시민참여유세#6] 청년의 꿈과 희망을 짓밟은 정부·여당! 용서하지 않겠습니다!,2021. 4. 4.,이미경,정부공작으로 백신들이는것도 막고 이런게 다고스란히 국민들에게 피해가 갑니다,2주 전,오세훈TV,2.3천,56,0
[2030 시민참여유세#6] 청년의 꿈과 희망을 짓밟은 정부·여당! 용서하지 않겠습니다!,2021. 4. 4.,유인옥,젊은이들이 힘을모아 정권교체 반드시 이뤄내야 합니다!!! 든든합니다 ~~오세훈 서울시장 승리 ✌,2주 전,오세훈TV,2.3천,56,0
[2030 시민참여유세#6] 청년의 꿈과 희망을 짓밟은 정부·여당! 용서하지 않겠습니다!,2021. 4. 4.,Jung David,20대 청년 힘내라. 반드시 자유대한민국을 지켜내자.,2주 전,오세훈TV,2.3천,56,0
[2030 시민참여유세#6] 청년의 꿈과 희망을 짓밟은 정부·여당! 용서하지 않겠습니다!,2021. 4. 4.,Lee SeokJu,?,3주 전,오세훈TV,2.3천,56,2
[2030 시민참여유세#6] 청년의 꿈과 희망을 짓밟은 정부·여당! 용서하지 않겠습니다!,2021. 4. 4.,chen h,나라를 구하자!  오세훈 후보  필승!,2주 전,오세훈TV,2.3천,56,0
[2030 시민참여유세#6] 청년의 꿈과 희망을 짓밟은 정부·여당! 용서하지 않겠습니다!,2021. 4. 4.,2277 72,👍👍,3주 전,오세훈TV,2.3천,56,1
[2030 시민참여유세#6] 청년의 꿈과 희망을 짓밟은 정부·여당! 용서하지 않겠습니다!,2021. 4. 4.,구용기내고화이팅하세요늘변함없이영희,"정말 정말 많이 많이 송강호 이런새끼들,때문에 학생들피해본다",2주 전,오세훈TV,2.3천,56,0
[2030 시민참여유세#6] 청년의 꿈과 희망을 짓밟은 정부·여당! 용서하지 않겠습니다!,2021. 4. 4.,SR Kim,어쩌다 우리 귀한 청년들의 마음을 아프게 해을까?  젊은 친구들이 촛불 들고 광화문 나갔을 때 다를 문 재인 코스프레에 속은 거야.  지금이라도 정신 차려야 돼요,2주 전,오세훈TV,2.3천,56,0
[2030 시민참여유세#6] 청년의 꿈과 희망을 짓밟은 정부·여당! 용서하지 않겠습니다!,2021. 4. 4.,Ji yeong Kim,안보이는데 어떻게 휴대폰을 보고 읽죠...? 너무 궁금해서요...하....오세훈 후보 응원하는데 이건 아니죠....하..,3주 전,오세훈TV,2.3천,56,1
[2030 시민참여유세#6] 청년의 꿈과 희망을 짓밟은 정부·여당! 용서하지 않겠습니다!,2021. 4. 4.,최성진집사,21세기 국제사회에서 과거사에만 얽매여서 파고드는 미친 정부입니다. 현대사회에서 가장 중요한 일은 양 국가가 화합해서 양질의 일자리와 무역을 통해 좋은 관계를 유지하는게 가장 바람직합니다.,1주 전,오세훈TV,2.3천,56,0
[2030 시민참여유세#6] 청년의 꿈과 희망을 짓밟은 정부·여당! 용서하지 않겠습니다!,2021. 4. 4.,간첩이 먼저다,이번 선거때도 분명 선거조작 시도할겁니다. 중국 공산당이 우마오당 홍위병들 대거 풀겁니다.이걸 어떻게 막아내느냐가 중요합니다.,3주 전,오세훈TV,2.3천,56,4
[2030 시민참여유세#6] 청년의 꿈과 희망을 짓밟은 정부·여당! 용서하지 않겠습니다!,2021. 4. 4.,문찌방,젊은이여~세상을넓게보세요,3주 전,오세훈TV,2.3천,56,0
[2030 시민참여유세#6] 청년의 꿈과 희망을 짓밟은 정부·여당! 용서하지 않겠습니다!,2021. 4. 4.,진도개,나라를  좀 먹는  역적새끼들,2주 전,오세훈TV,2.3천,56,0
[2030 시민참여유세#6] 청년의 꿈과 희망을 짓밟은 정부·여당! 용서하지 않겠습니다!,2021. 4. 4.,짱돈돈,제가 바로 나라 망친 40대 전직 대깨문이예요. 학생 보니 저도 울컥합니다. 너무너무 죄송합니다. 정말 죄송해요.,3주 전,오세훈TV,2.3천,56,17
[2030 시민참여유세#6] 청년의 꿈과 희망을 짓밟은 정부·여당! 용서하지 않겠습니다!,2021. 4. 4.,심남규,“KBS라는 유력 언론이 계속해서 증인을 발굴을 해 가지고 측량팀장도 저를 봤다. 누구도 봤다. 밥까지 같이 먹었다. 이렇게 보도하는걸 보고 처음에는 분노했지만 지금은 저도 이거 내가 갔는데 기억 못하는 거 아니야? 처남들처럼 기억이 흐려져서.. “-2021년 3월 31일 오세훈 국민의힘 서울시장 후보 초청 관훈토론회,3주 전,오세훈TV,2.3천,56,1
[2030 시민참여유세#6] 청년의 꿈과 희망을 짓밟은 정부·여당! 용서하지 않겠습니다!,2021. 4. 4.,백미루,저건 진짜 현실적 분노네요학생?? 그러게 왜 문재앙을 지지했어요,2주 전,오세훈TV,2.3천,56,0
[2030 시민참여유세#6] 청년의 꿈과 희망을 짓밟은 정부·여당! 용서하지 않겠습니다!,2021. 4. 4.,권승혁,"저도 문재인 정부의 피해자입니다.저는 경찰시험을 준비하는 취준생입니다.예전부터 꿈이었던 경찰이 되고싶어서 오래전부터 준비했습니다. 그러나 문재인 정부의 공약했던만큼 경찰채용을 많이 뽑지도 않고 있으며 심지어 여경할당 채용이라는 비효율적이고 비합리적인 권고조칙 때문에 많은 남성들이 오히려 역차별을 받고 있습니다. 그저 여성을 일정비율 정해서 뽑으라는 공실주의식 정책 때문에 성별갈등이 조장되었고 문제가 되고있는 여경 체력시험도 바꾸지 않았습니다. 심지어 문재인 정부가 경찰, 소방 채용시험에서 군필자 응시 제한을 풀어버리면서 군 미필자들이 지원을 하게되면서 경쟁률이 이전보다 훨씬 더 높아졌으며 군대를 갔다온 20대 중후반~30대 초반 나이대 남성들만 완전히 바보가 되어버리는 일이 나타나면서 군대를 다녀온 예비역 남성들과 청년층 남성들에게 엄청난 박탈감과 상실감을 안겨주었습니다.여기에다 사법고시 폐지로 인해서 사시생들이 7급 경간부 시험에 대거 응시하게 되고 7급 경간부 준비생들이 9급 순경시험으로 내려오는 현상까지 겹치면서 시험의 난이도는 상상을 초월할 정도로 높아졌고 더욱 힘들어지게 되었습니다. 군대 가서 국방의 의무를 수행한 청년 남성들에게 합당한 보상이 있어야 한다고 생각합니다. 군가산점 부활이 정말 필요합니다. 젊은 청춘의 2년을 헌납하고 나라를 지키다 왔는데 많은 시간을 잃어버리면서까지 고생하고도 남는게 없고 오히려 손해를 볼때 그 박탈감이 더욱 크게 느껴집니다.폐미니스트 대통령이 되겠다던 문재인 대통령과 현 정부의 말도 안되는 지나친 여성우대정책 이것 때문에 남성들이 역차별 받는 일이 제발 없었으면 좋겠습니다. 성별로 구분을 지어 할당채용 하는게 아니라 능력에 따른 직업의 특수성을 고려하고 생각한 합리적인 경찰, 소방 공무원 채용이 되었으면 간절히 바랍니다.",3주 전,오세훈TV,2.3천,56,7
[2030 시민참여유세#6] 청년의 꿈과 희망을 짓밟은 정부·여당! 용서하지 않겠습니다!,2021. 4. 4.,john jo,깨문이들하고 더민주 빠들 tbs에서 존버하면서 씹던데 걔들은 왜 방구석에서만 저럼?? 도통 밖에나와서 뭘안하네요??,3주 전,오세훈TV,2.3천,56,0
[2030 시민참여유세#6] 청년의 꿈과 희망을 짓밟은 정부·여당! 용서하지 않겠습니다!,2021. 4. 4.,홍정의,위선정권.거짓말정권을.심판하여.자유대한민국을.바로.세우자~!!!정의와.공정을.회복하고.상식과.양심을.숨쉬게하여.자유민주주의를.꽃피우자~!!!,2주 전,오세훈TV,2.3천,56,0
[2030 시민참여유세#6] 청년의 꿈과 희망을 짓밟은 정부·여당! 용서하지 않겠습니다!,2021. 4. 4.,조윤재,시장님! Tbs 방송을  청년들이 자유롭게  방송 할수있는그런 포멧으로 바꿔주세요.   김어준 연봉 5억이 웬말 입니까 !,2주 전,오세훈TV,2.3천,56,0
[2030 시민참여유세#6] 청년의 꿈과 희망을 짓밟은 정부·여당! 용서하지 않겠습니다!,2021. 4. 4.,멍이,부정선거 감시못하고 방관해서 지면 국민들 용서안한다,2주 전,오세훈TV,2.3천,56,1
[2030 시민참여유세#6] 청년의 꿈과 희망을 짓밟은 정부·여당! 용서하지 않겠습니다!,2021. 4. 4.,엘민,아프니까 청춘이다 라는자들은  어디있는가? 자살자들 중 몇은 청년들이다 ...,3주 전(수정됨),오세훈TV,2.3천,56,2
[2030 시민참여유세#6] 청년의 꿈과 희망을 짓밟은 정부·여당! 용서하지 않겠습니다!,2021. 4. 4.,George Washington,오세훈 후보님이 서울시장이 되셔서 무너진 서울과 대한민국을 재건해야합니다,2주 전,오세훈TV,2.3천,56,0
[2030 시민참여유세#6] 청년의 꿈과 희망을 짓밟은 정부·여당! 용서하지 않겠습니다!,2021. 4. 4.,Lee J,반대쪽 후보는 반일을 외치며도쿄에 집을 투기 했다죠? ㅋㅋ,2주 전,오세훈TV,2.3천,56,3
[2030 시민참여유세#6] 청년의 꿈과 희망을 짓밟은 정부·여당! 용서하지 않겠습니다!,2021. 4. 4.,Katie Johnson,도쿄박🇯🇵❌🇯🇵❌🇯🇵❌,3주 전,오세훈TV,2.3천,56,2
[2030 시민참여유세#6] 청년의 꿈과 희망을 짓밟은 정부·여당! 용서하지 않겠습니다!,2021. 4. 4.,장보영,진짜답답하다 국민에힘당 김종인은프락치인가,3주 전,오세훈TV,2.3천,56,0
[2030 시민참여유세#6] 청년의 꿈과 희망을 짓밟은 정부·여당! 용서하지 않겠습니다!,2021. 4. 4.,정정영희,오세훈 화이팅개표때 두눈크게뜨고잘 지킵시다ㆍ상대방이어떤짖할지  모르니까요,3주 전,오세훈TV,2.3천,56,1
[2030 시민참여유세#6] 청년의 꿈과 희망을 짓밟은 정부·여당! 용서하지 않겠습니다!,2021. 4. 4.,0 0,생태탕 이 아니구요 본질은 오리발 탕 이랍니다 ㅋㅋ,3주 전,오세훈TV,2.3천,56,0
[2030 시민참여유세#6] 청년의 꿈과 희망을 짓밟은 정부·여당! 용서하지 않겠습니다!,2021. 4. 4.,박미순,힘내세요.소리치세요 공정도 정의도  모두당신들것입니다 나라도 당신들것입니다.ㄱ저들의 나라가 아니예요,2주 전,오세훈TV,2.3천,56,0
[2030 시민참여유세#6] 청년의 꿈과 희망을 짓밟은 정부·여당! 용서하지 않겠습니다!,2021. 4. 4.,최수정,오세훈 후보님 시장님 되시어 옛날처럼 용산!과 수도서울 꼭 빛내주십시요!,3주 전,오세훈TV,2.3천,56,11
[2030 시민참여유세#6] 청년의 꿈과 희망을 짓밟은 정부·여당! 용서하지 않겠습니다!,2021. 4. 4.,Yaletown Girl,이번 정부에 피해를 입은 사람이 어디 한둘인가요,2주 전,오세훈TV,2.3천,56,1
[2030 시민참여유세#6] 청년의 꿈과 희망을 짓밟은 정부·여당! 용서하지 않겠습니다!,2021. 4. 4.,김주안,유세 청년은 반일선동에 일자리잃보 박영선은 반일선동 당사자이면서 도쿄월세 꼬박 받는 악마집단이네요!! 유세청년에게 희망찬 미래가 펼쳐지길 모두 힘내요,2주 전,오세훈TV,2.3천,56,0
[2030 시민참여유세#6] 청년의 꿈과 희망을 짓밟은 정부·여당! 용서하지 않겠습니다!,2021. 4. 4.,라이언,진짜 문재인 민주당은 벌 받아라 꼭,2주 전,오세훈TV,2.3천,56,0
[2030 시민참여유세#6] 청년의 꿈과 희망을 짓밟은 정부·여당! 용서하지 않겠습니다!,2021. 4. 4.,역사잼,2030 남성들의 한이 서린 투표잘보셨을겁니다남성 우대해달라는거 아닙니다공정하게 평등하게 대해주세요지난 수십년간 남자는 참을만큼 참았습니다,2주 전,오세훈TV,2.3천,56,0
[2030 시민참여유세#6] 청년의 꿈과 희망을 짓밟은 정부·여당! 용서하지 않겠습니다!,2021. 4. 4.,멍이,청녀들 정말 값비싼 경험과 나라 곡간 탈탈털어서 자기들 배채우기바쁜 친중잡놈들. 친북 잡놈들,2주 전,오세훈TV,2.3천,56,0
[2030 시민참여유세#6] 청년의 꿈과 희망을 짓밟은 정부·여당! 용서하지 않겠습니다!,2021. 4. 4.,유리,아.... 눈물나네요. 반일반일 국민들한테는 청년한테는 유니클로 옷 하나 못입게 하고 지들은 도쿄 집 사고 렉서스 타고 다니는 나쁜 것들.. ㅠㅠ,3주 전,오세훈TV,2.3천,56,4
[2030 시민참여유세#6] 청년의 꿈과 희망을 짓밟은 정부·여당! 용서하지 않겠습니다!,2021. 4. 4.,낚고 전대기,오세훈시장님.힘네세요건강하십시요.강한자리에서는강하게대처해주세요.약한모습보이시면.자유대하민국국민들도약해집니다.힘네십시요.하상응원합니다.👍👏👏👏🌷🌷🌷⚘⚘⚘,2주 전,오세훈TV,2.3천,56,1
[2030 시민참여유세#6] 청년의 꿈과 희망을 짓밟은 정부·여당! 용서하지 않겠습니다!,2021. 4. 4.,구단이,부정개표결과 빠꾸욘선이 이기면 샤이진보와 외국인이 표를 줘서 이겼다고 하려고 대본까지 다 짜놨습니다. 반드시 부정개표합니다. 당일투표에서 압도적으로 25%이상 이겨야 진짜로 이길수 있습니다.,3주 전,오세훈TV,2.3천,56,4
[2030 시민참여유세#6] 청년의 꿈과 희망을 짓밟은 정부·여당! 용서하지 않겠습니다!,2021. 4. 4.,산.내음,오세훈 후보님 간곡이 부탁드립니다 청년들의 간절한 소망을 들어주시고 글구 국민과 자라나는 손주들 위해서  개헌 이원집정부제 꼭 반대 해주시길 간절이 부탁드립니다 오직 국민을 생각해주십시요 꼭 부탁 드립니다,2주 전,오세훈TV,2.3천,56,0
[2030 시민참여유세#6] 청년의 꿈과 희망을 짓밟은 정부·여당! 용서하지 않겠습니다!,2021. 4. 4.,부동산낭인,흡사 만민공동회 같다. 이씨조선의 막장과 일제의 침략속에 밑바닥부터 모여서 국가의 재건을 위해 토론하던 교과서에서 배운 그 만민공동회. 결국 고종의 어용단체에 의해 없어졌지만 이번에는 그 무능한 고종같은 문재인을 끌어내려야한다.,2주 전,오세훈TV,2.3천,56,4
[2030 시민참여유세#6] 청년의 꿈과 희망을 짓밟은 정부·여당! 용서하지 않겠습니다!,2021. 4. 4.,Gyesung Rhee,20 30 세대들은 먼저 촛불들고 날뛰며 문재앙을 지지했던 무지로 부터 철저한 반성을 해야 만 한다.,2주 전,오세훈TV,2.3천,56,1
[2030 시민참여유세#6] 청년의 꿈과 희망을 짓밟은 정부·여당! 용서하지 않겠습니다!,2021. 4. 4.,Sangmo Kim,"이번정부의 가장큰 문제는 바로 국민들을 정치에 이용한다는 것 입니다. 정치적, 외교적으로 풀어야할 문제를 국민들을 선동해서 프레임을 만들어 반일관련 기업에 종사하시는 분들이 엄청난 고통을 받게 만들었죠..단지 일본기업에 일한다는 이유로,,제품을 이용한다는 이유로 매국노 취급하고, 마녀사냥한것이 현재 중국이 미국기업불매하고, 성조기태우는거랑 뭐가 다를까요..? 그러면서 자기들은 외제차, 외제고가의류 입고 다니면서 몇만원짜리 옷입는 서민들을 욕하죠..제발 다음정부는 국민들을 정치적으로 선동하거나 이용하지 말았으면 합니다....",3주 전,오세훈TV,2.3천,56,1
[2030 시민참여유세#6] 청년의 꿈과 희망을 짓밟은 정부·여당! 용서하지 않겠습니다!,2021. 4. 4.,왕인성,친중 좌파 위선 가식 좌파 척결은 전세계의 사명이자 전인류의 보편적 가치이다,2주 전,오세훈TV,2.3천,56,0
[2030 시민참여유세#6] 청년의 꿈과 희망을 짓밟은 정부·여당! 용서하지 않겠습니다!,2021. 4. 4.,홍분,문재인을 절대 용서 못한다 재인아 앞으로 갈곳이 어데고 두럽디 이번에 심판깔끔하게 합시다~~^^2번콕으로,2주 전,오세훈TV,2.3천,56,0
[2030 시민참여유세#6] 청년의 꿈과 희망을 짓밟은 정부·여당! 용서하지 않겠습니다!,2021. 4. 4.,DS K,"오세훈 후보님 전 기본적으로 정치인은 다 싫지만, 그래도 자기 약속 지키려고 10년 전에 서울 시장 사퇴한 후보님이, 정계 은퇴한다는 이야기 몇번씩 해놓고 한번도 안지키는 문재앙보다 인간으로나 정치인으로나 훨씬 나은 사람이라고 믿고있습니다. 꼭 서울시장 되셔서 적폐 양산세력 구축해주시길 바라겠습니다.",3주 전,오세훈TV,2.3천,56,0
[2030 시민참여유세#6] 청년의 꿈과 희망을 짓밟은 정부·여당! 용서하지 않겠습니다!,2021. 4. 4.,shrtia DH,국민의 탕평 이번선택은 오세훈 하지만 언제 어떻게 바뀔지모르니 긴장하며 국민을 위해 일하시길 정치로 국민을 보지마시고 사람대 사람으로서 국민을 대하시길...(그리고 국민들도 정치인을 신봉하는 미친짓은 하지맙시다...),2주 전,오세훈TV,2.3천,56,0
[2030 시민참여유세#6] 청년의 꿈과 희망을 짓밟은 정부·여당! 용서하지 않겠습니다!,2021. 4. 4.,신경숙,시장님 .젊은 청년들 꼭 일자리 해주세요.약속 지켜주시도록 노력 해주세요.김어준 퇴출시키고 그자리 좌파들이 쫒아낸 김동욱 가수 추천합니다교통방송 .퇴출 .젊은 울 청년들 일자리 나눠줘요.,2주 전,오세훈TV,2.3천,56,0
[2030 시민참여유세#6] 청년의 꿈과 희망을 짓밟은 정부·여당! 용서하지 않겠습니다!,2021. 4. 4.,유은,잘되면 내탓 못되면 정부탓,2주 전,오세훈TV,2.3천,56,0
[2030 시민참여유세#6] 청년의 꿈과 희망을 짓밟은 정부·여당! 용서하지 않겠습니다!,2021. 4. 4.,요동정별,"세월호 학살 21 공범1. 전경기교육감 김상곤 골든 타임때 "" 단원고 학생 전원구조 해경 공식 발표 "" 라는 가짜정보를 방송사에 퍼트린자인천항 짙은 안개에 왜 세월호만 출항시켰나 그날밤 인천항을 출항한 배는 오직 오직 오로지 세월호 단 한척뿐이였다 세월호 침몰 하루전날 1800경세월호가 침몰중입니다전원구조 되길 바랍니다 글을 연습하다가 트위터에실수로 올렸다2. 청해진해운 유병언 좌파에게 세월호 기증했다철근 46만킬로그램(460톤) 배 바닥에 쑤셔 넣고 평형수 방출 선장 부선장 교체 인천항 짙은 안개에 세월호만 단한척 출항시키고 단원고에서 계약한 배는 오하마나호였다 여객선에는 철근 화물 못 싣는다.3. 김문홍 목포해경서장 침몰보고 받고 묵살하다.이자는 목포해경 123정 김경일 정장에게 (선장)에게 퇴선 명령 안했는데 했다고 거짓 진술 강압한 자이다.4. 세월호 선장 선원 “ 단원고 학생들 대기하라” 30여회 방송하고 지들은 갑판에서 50분간 캔맥주 쳐마시다 사전에 약속된 목포해경 123정으로 탈출5. 좌파언론은 골든타임때“단원고 학생 338명 전원구조 ” 방송 사기쳐 구조활동 올스톱 시켰다 jtbc 손석희 박대통령 최순실 여사 무당이여서 세월호 인신공양했다고 총정리 방송하다6. 육지에서는 구조 못하게 전원구조 퍼트리고 바다에서는 목포 해경 123정에 탄 해경놈들 밧줄을 세월호에 걸어 끌어당겨 바닷물 배안으로 유입시켜 급침몰시킨다. (유튜브 세월호 뒤집기) 육지와 바다에서 동시에 일어난 침몰공작이다.7. 사고 이틀전에 세월호 대책회의한 더불당 (월간조선에 나온 기사)김용익 의원 세비 지출내역서에 십만원 기록국회 앞 남도식당에서 대학살 비밀대책회의 했다8. 문재인 “애들아 미안하고 ( 죽여서 )고맙다 ( 대통령 만들어줘)” 양심선언글 이제는 세월호 진상규명 팽게쳤다.세월호 유가족이 청와대 잔디밭에서 “문재인은 말이 아닌 행동으로 세월호 진실을 규명하라” 고 농성중이다.파산된 청해진해운 회사를 살린 파산관재인으로 정부 지원금 2000억 받아냈다9. 해경청장놈은 청와대 전화도 안받았다. 그 당시 이놈은 무엇을 했는지 아는 사람은 없다. 당일 행방불명 된 자이다.10. 해수부 직원이 세월호를 문재인에게 받쳤다는 말은 세월호 기획침몰 음모를 뒷받침하는 증거다.세월호 유가족 대표 송영근은 가짜 세월호 유가족이다.단원고와 전혀 관련도 없는 자가 유가족 대표로 세월호 학살  날조 조작 선동 공작을 자행했다.이자는 문재인 일당의 세월호 학살 음모를 은폐하기 위한 공작을 하고 있는것이다11. 김어준 주진우는 좌파공작을 교묘히 박대통령 공작으로 조작 방송하고 세월호 그날 영화 만든자는전원구조 가짜뉴스 출처에 핀트 하나 못 맞추는 놈이 영화는 무슨 영화냐 ??12 조국 처남 정광보가 한달전 세월호에 승선했다는 소문은 진실인가이자는 일년 복역후 석방됐다 그리고 신정훈이라는 가명을 사용했다고 한다. (이것만 미확인)13 문재인과 결탁한  당시 목포지청장 이성윤 (현중앙지검장 )은  세월호 기획학살 거짓수사로 국민을 속였고광주 출신 문무일 전검찰총장, 현총장 윤석열 및 당시 전라검찰 거짓수사 은폐수사로 박대통령 제거하다.거창한 세월호 특별 수사단 (수사단장 안산지청장 임관혁) 은 진도군청발 “전원구조 가짜뉴스” 수사하다가 세월호 수사 중단했다. 좌파의 대학살이 드러나니 덮은것이다.그 가짜뉴스로 팽목항 헬기 30여대 잠수사 200여명의 출동을 못하게해 애들을 수장시킨 거대한 흉모였다.문재인으로부터 검찰총장 자리를 제의 받고 그 댓가로 세월호 거짓수사 은폐 수사한 정치검찰은 명백한 공범이자 직무유기한 자들이다.14 추미애 및 박영선 안민석은 박대통령 7시간 씹고 또 씹으며 특검하자고 하더니 이젠 나 몰라라 이자들은 세월호 선장 선원, 청해진해운, 목포해경 서장, 해경 선원등 관련자에게 한번도 책임 추궁없이 무한한 자비를 베풀었다 박대통령만 씹었다.문재인을 포함한 이자들은 애들이 수장 되었다는데도 점심때 각각 45만원 상당의 호화 점심을 먹었다. 국민의 세금으로 ~~~15 박대통령 세월호 침몰 아침 중대본 정문에서 교통사고 테러 당하고 전원구조 보고에 속아 일곱 시간 안정가료 취했다가 정권 찬탈 당했다16.진도군청 기획실장은 팽목항에서 상부에서 내려온 정확한 정보라면서 전원구조 가짜뉴스를 퍼트렸다. (당시 군수도 팽목항에 있었다)팽목항에서 대기하던 35대의 헬기 및 200 여명의 잠수사 현장 출동을 막았다. (유튜브 세월호 참사 : 해경 생방송 도중 특전사 예비군 폭탄발언 / Ferry SEWOL Shipwreck : UDT Reserve's Sudden Explosure)검찰 세월호 특별 수사단은 이 자의 전원구조 출처를 수사하다가 중단했다. 정치검찰 안산지청장 및 윤석열 총장도 대학살 은폐 공범이다.17. 안민석 의원 이자는 박대통령이 롯데호텔 37층에서 서방질하고 있었다고 조작 선동질 했다.여기에 화답해서 김어준 주진우는 박대통령 섹~~~스 비디오 공개한다고 방송했다18. 손석희 뉴스 박대통령 최순실 무당이여서 세월호 침몰 시켰다.이제는 모두들 입도 벙긋 안해그게 바로 전라좌파의 공작임을 자백한것이다19 세월호 특조위 및 사회적 참사위는 세월호 학살 은폐 공작처이다 20.  2014년도 10월경 방송된 일본 후지 TV 내용 약 50분 방송출발전날 출발시 출발 침몰중 침몰후로 제작했다. “참으로 이해 할 수 없는  해상 사고입니다.사고를 내고 고의적으로 구조를 안한 것으로 생각 할 수 밖에 없습니다.   이 사고로 박근혜 정부는 식물정부 되었고 진실이 밝혀지면 입장 난처한 정치인이 분명히 있을것이다“ 라며 끝을 맺는다.   (생존학생 및 항만청 관계자 100 여명과 인터뷰해서 만든 다큐 유튜브에서도 확인 가능 제일 객관적으로 공정하게 조사한 내용이다. 한국 좌파 방송은 한번도 생존자와 인터뷰 안했다. 그게 내란 음모임을 입증하는것이다. ) 21. 손석희 이자는 세월호 수상한 철근 460톤 46만킬로라고 방송 제주해군기지용 이라고 방송했다 역시 박대통령이 범인임을 암시했다 이 중차대한 대학살 핵심 단서를 이제는 검찰 언론 등 모든 자들이 수사 조사도 없이 덮었다또한 이자는 무당 기질이 있던박대통령 최순실이 세월호 인신공양했다고 인신공양 총정리 방송까지 했다박대통령 옷이 오색 무당 옷이라고까지 방송했다 또한 태블릿 피시 사용 할 줄도 모르는최순실에 대하여 최순실 태블릿 피시 조작 날조하여 뉴스에 터트렸다세월호 기획학살 내란 음모에 연루된 자들 전원 형법상 내란죄로 반드시 처단되어야 한다핵심증거 철근 46만 킬로 전원구조 가짜뉴스 출처 조사도 안했다2014. 4. 16. 세월호 침몰은 사실은 문재인에 의해 침몰 되었다. 304명의 학생들이 사망했다.그렇지만 문재인은 박근혜 책임이라며 비난했고 시민들에게 사기쳤다.  문재인은 살인자이고 한국의 가짜 대통령일뿐이다. 박근혜는 4년동안 감옥에 있다. 그녀의 생명이 위험하다. 신이시여 그녀를 구하소서 ~~~Sinking of Sewol ferry at April 16th 2014 was actually done by Moon Jae In.About 304 students had lost their lives.Moon however, put the blame on Park Geun Hye, and conned the citizens. he is only a murderer and fake president of the South Korea. She has been in a jail for four years and her live is very dangerous.Please save her.......(재미 교포가 필자의 글을 보고 트위터로 보내온 영문임)",3주 전,오세훈TV,2.3천,56,0
[2030 시민참여유세#6] 청년의 꿈과 희망을 짓밟은 정부·여당! 용서하지 않겠습니다!,2021. 4. 4.,구용기내고화이팅하세요늘변함없이영희,힘내세요 홍준표 대통령,2주 전,오세훈TV,2.3천,56,0
[2030 시민참여유세#6] 청년의 꿈과 희망을 짓밟은 정부·여당! 용서하지 않겠습니다!,2021. 4. 4.,소은,박영선은 아웃!,3주 전,오세훈TV,2.3천,56,15
[2030 시민참여유세#6] 청년의 꿈과 희망을 짓밟은 정부·여당! 용서하지 않겠습니다!,2021. 4. 4.,송정숙,말과행동이다른좌파의민낯을밝혀주어서감사해요.젊은청년들을영입하셔서많은소리에귀를기울이시고.보수우파가좋은정치를하는기회로삼으시기바랍니다.,2주 전,오세훈TV,2.3천,56,0
[2030 시민참여유세#6] 청년의 꿈과 희망을 짓밟은 정부·여당! 용서하지 않겠습니다!,2021. 4. 4.,사명대사,무쇠 쇠덩이 처럼 단단하게 밀고 나가라 서울시장 축 당선 축하한다 오세훈 단 단단 무보수로 근무하라,3주 전,오세훈TV,2.3천,56,1
[2030 시민참여유세#6] 청년의 꿈과 희망을 짓밟은 정부·여당! 용서하지 않겠습니다!,2021. 4. 4.,김병조,문재인 용서하지 않겠다,2주 전,오세훈TV,2.3천,56,0
[2030 시민참여유세#6] 청년의 꿈과 희망을 짓밟은 정부·여당! 용서하지 않겠습니다!,2021. 4. 4.,임찌윤,더러운 민주당이 두번다시는 집권하지못하도록 국민들이 똑바로 투표해야합니다,3주 전,오세훈TV,2.3천,56,0
[2030 시민참여유세#6] 청년의 꿈과 희망을 짓밟은 정부·여당! 용서하지 않겠습니다!,2021. 4. 4.,서울어깨,페미지지 안해서 좋다여성 가족부 폐지 해주세요,2주 전,오세훈TV,2.3천,56,0
[2030 시민참여유세#6] 청년의 꿈과 희망을 짓밟은 정부·여당! 용서하지 않겠습니다!,2021. 4. 4.,KGS01 KGS01,"박주ㅁ의원이 9.3% 내려서 다시 계약했다고, 어물쩍 넘어가려 하네요..... 본질은 그게 아닐터인데..... 잘못 만들어진 법안으로 수백만명의 눈에 피눈물을 흘리게 해놓고.... (9.3% 내렸다고 끝~?!)본인도, 스스로 그 법이 말도 안된다는거 알겠지요........ 9.3% 내리는걸로, 스스로 인정하는거 아닌가~?!악법을 폐기하든가.......  폐기할 수 없다면, 의원직을 내려놓으라~~!!",3주 전,오세훈TV,2.3천,56,1
[2030 시민참여유세#6] 청년의 꿈과 희망을 짓밟은 정부·여당! 용서하지 않겠습니다!,2021. 4. 4.,김영남,반일감정으로  표심을  얻으려는 문정권은이제  Out!!,2주 전,오세훈TV,2.3천,56,4
[2030 시민참여유세#6] 청년의 꿈과 희망을 짓밟은 정부·여당! 용서하지 않겠습니다!,2021. 4. 4.,쁘라나,과거는 과거ᆢ앙금은 잘풀어야 겠지만세계적으로 자국우선주의 이시점에일본과의 관계를 지혜롭게 잘 이용해  나라를 이롭게할 생각은 안코망국의 반일운동ᆢ그래서 잃은 일자리가 태산이다그 모든이들의 삶과 생계는 어쩔건데그게 10만원 100만원으로 된다고 생각하나,3주 전(수정됨),오세훈TV,2.3천,56,1
[2030 시민참여유세#6] 청년의 꿈과 희망을 짓밟은 정부·여당! 용서하지 않겠습니다!,2021. 4. 4.,Sung Baek,청년은 나라에 미래 입니다~ 아무리 어렵더라도 우리 다같이 이겨낼수있는 저력이 있습니다 ~ 힘네세요~ 거짓말쟁이 오세훈은 공직자로서 자격이 없습니다 ~사과하지 않는한 조롱과 비아냥의 대상입니다 ~,3주 전,오세훈TV,2.3천,56,1
[2030 시민참여유세#6] 청년의 꿈과 희망을 짓밟은 정부·여당! 용서하지 않겠습니다!,2021. 4. 4.,구용기내고화이팅하세요늘변함없이영희,"홍준표 님 은진실한분정직한분안보지킴,경제지킴대통령으로뽑자",2주 전,오세훈TV,2.3천,56,0
[2030 시민참여유세#6] 청년의 꿈과 희망을 짓밟은 정부·여당! 용서하지 않겠습니다!,2021. 4. 4.,이에드몬드,이노무 좌파정권 이가 갈린다,2주 전,오세훈TV,2.3천,56,2
[2030 시민참여유세#6] 청년의 꿈과 희망을 짓밟은 정부·여당! 용서하지 않겠습니다!,2021. 4. 4.,부산촌놈tv,문재인정부야 우리가 무슨 거창한걸요구하더나남녀할당제에걸려 여성보다실력있던남성이떨어지고은행에서는남자직원을더뽑기위해더뛰어난여성채용자의점수를 깍아여성지원자를떨어뜨리고 그냥기회의 평등을 요구하는거 아니냐?,1주 전,오세훈TV,2.3천,56,1
[2030 시민참여유세#6] 청년의 꿈과 희망을 짓밟은 정부·여당! 용서하지 않겠습니다!,2021. 4. 4.,w go,지금 윤지선이 20대30대 남자들 죽일려고 하고 있고 유튜버 보겸을 아에 묻을려고 합니다 20대30대가 없이는 나라가 흔들릴수 있습니다 수도인 서울을 반드시 수복을 시작으로 반격을 해서 20대30대 남자가 살수 있는 나라를 그 어린 학생들이 살수 있는 나라를 만들어야 합니다,3주 전,오세훈TV,2.3천,56,1
[2030 시민참여유세#6] 청년의 꿈과 희망을 짓밟은 정부·여당! 용서하지 않겠습니다!,2021. 4. 4.,이옹굳,한번도 경험해보지 못한나라를 만든 문재앙,3주 전,오세훈TV,2.3천,56,8
[2030 시민참여유세#6] 청년의 꿈과 희망을 짓밟은 정부·여당! 용서하지 않겠습니다!,2021. 4. 4.,전천후,청년들 알바 열심히 하시네요화이팅,3주 전,오세훈TV,2.3천,56,2
[2030 시민참여유세#6] 청년의 꿈과 희망을 짓밟은 정부·여당! 용서하지 않겠습니다!,2021. 4. 4.,유정곤,반일파시짐찐왜구 박영선,2주 전,오세훈TV,2.3천,56,0
[2030 시민참여유세#6] 청년의 꿈과 희망을 짓밟은 정부·여당! 용서하지 않겠습니다!,2021. 4. 4.,야호,페미들때문에 못살겠다!!!!!!!! 페미민주는 못찍겠다.. 남자와 여자에게 공평한 기회를 달라!!!!!!!!!,3주 전,오세훈TV,2.3천,56,1
[2030 시민참여유세#6] 청년의 꿈과 희망을 짓밟은 정부·여당! 용서하지 않겠습니다!,2021. 4. 4.,홍길동,민주당 문재인 나쯘놈 북한에 3000억 건물지어주고 감성정치하고 돈날린 양ㅇ아치ㅉㅉ,1주 전,오세훈TV,2.3천,56,1
[2030 시민참여유세#6] 청년의 꿈과 희망을 짓밟은 정부·여당! 용서하지 않겠습니다!,2021. 4. 4.,풍림화산,눈물나네 폭정이란 단어를 잘모르네. 오세훈이 당선되면 일본하고 좋아져서 일본에서 일하는걸 원하시니 원하는데로 하세요,3주 전(수정됨),오세훈TV,2.3천,56,1
[2030 시민참여유세#6] 청년의 꿈과 희망을 짓밟은 정부·여당! 용서하지 않겠습니다!,2021. 4. 4.,군가산점부활하라,제발 부탁인데 군복무 가산점 부활시켜주세요. 청년 예비역 남성들 군대가서 2년간 개고생 하고 왔는데도 합당한 보상도 없이 사회에서 차별 받으면서 취업난 속에서 폐미니즘 정책 때문에 역차별 받으면서 울부 짖고 고생하고 있습니다. 여기다가 박원순 아들 병역기피와 추미애 아들 황제군복무 논란으로 엄청난 박탈감과 회의감을 느끼고 있어요. 군대 다녀온 예비역 청년남성들 군가산점 반드시 필요합니다. 제발 국민의 힘이 신경써서 군가산점 다시 부활되도록 힘좀 써주세요. ㅜㅜ 제발 꼭이요,3주 전(수정됨),오세훈TV,2.3천,56,2
[2030 시민참여유세#6] 청년의 꿈과 희망을 짓밟은 정부·여당! 용서하지 않겠습니다!,2021. 4. 4.,UN,반일프레임 진짜 지긋지긋하다. 힘내세요! 우리의 적은 북한입니다. 일본으로 물타기하지마세요!!,3주 전,오세훈TV,2.3천,56,0
[2030 시민참여유세#6] 청년의 꿈과 희망을 짓밟은 정부·여당! 용서하지 않겠습니다!,2021. 4. 4.,james john,"참 이해가 안 되는 게, 반일 프레임은 박근혜 정부가 일본이랑 위안부 문제에 관해 비가역적 합의를 했기에 국민들이 열 받아서 한 거 아니야? 결국 원인 제공자는 박근혜인데 왜 애먼 문재인을 욕하지?? 그리고 오세훈이 서울시장 되면 사회적 약자인 청년들한테 잘 해줄 거라고 생각하나???",3주 전,오세훈TV,2.3천,56,0
[2030 시민참여유세#6] 청년의 꿈과 희망을 짓밟은 정부·여당! 용서하지 않겠습니다!,2021. 4. 4.,장순호,눈이 안보이는데 스마트폰은 잘만 보내. 일본 그리 좋으면 일본가서 살아라,3주 전(수정됨),오세훈TV,2.3천,56,0
[2030 시민참여유세#6] 청년의 꿈과 희망을 짓밟은 정부·여당! 용서하지 않겠습니다!,2021. 4. 4.,geek wu,근모야 정치탓하지말아라. 니 인생 니가 사는거다 ㅋㅋ,3주 전,오세훈TV,2.3천,56,0
[2030 시민참여유세#6] 청년의 꿈과 희망을 짓밟은 정부·여당! 용서하지 않겠습니다!,2021. 4. 4.,Lee Stan,아침마다 똥먹는사람 좋아요,3주 전(수정됨),오세훈TV,2.3천,56,6
[2030 시민참여유세#6] 청년의 꿈과 희망을 짓밟은 정부·여당! 용서하지 않겠습니다!,2021. 4. 4.,들산내,"이 정부 아니었으면 지금 그 자리에 서 있지도 못했다 살아있음에 감사하세요 저런 도둑부자 위선자에게 속는 어리석은 젊은이, 아무리 그래도 국암당 따까리 노릇은 아니지",2주 전(수정됨),오세훈TV,2.3천,56,1
[2030 시민참여유세#6] 청년의 꿈과 희망을 짓밟은 정부·여당! 용서하지 않겠습니다!,2021. 4. 4.,수성못 장산범,민주당 = 공산당,3주 전,오세훈TV,2.3천,56,4
[2030 시민참여유세#6] 청년의 꿈과 희망을 짓밟은 정부·여당! 용서하지 않겠습니다!,2021. 4. 4.,김민우,애들 앞세워서 뭐하는짓이냐 진짜.. 일자리못찾는건 니탓이지 정부탓이냐 억울하면 공무원시험합격해라.. 정신나간집단어이구,3주 전,오세훈TV,2.3천,56,0
[2030 시민참여유세#6] 청년의 꿈과 희망을 짓밟은 정부·여당! 용서하지 않겠습니다!,2021. 4. 4.,장보영,벌써 투표용지다빼돌려서 다태우고 딴투표 1번찍은거 다 바꿔치기 벌써 다한듯해요  백날유세 하면뭐합니까요  사전투표 몰표나오면  우파사람들이 투표안할걸로착각하지마시고 부정선거 한걸로아세요 사전투표 나중에4월7일날보세요 민주당몰표 나올겁니다 제발정신좀 차리세요,3주 전,오세훈TV,2.3천,56,0
[2030 시민참여유세#6] 청년의 꿈과 희망을 짓밟은 정부·여당! 용서하지 않겠습니다!,2021. 4. 4.,아드리안멀,ㅍㅎㅎㅎㅎㅎㅎㅎㅎㅎ야너  영화배우 해도 되겠다? ㅎㅎㅎㅎㅎ  나도 한때는  이명박 밀어줬었다.  눈에 보이는것이 전부는 아니란다?,3주 전,오세훈TV,2.3천,56,0
[2030 시민참여유세#6] 청년의 꿈과 희망을 짓밟은 정부·여당! 용서하지 않겠습니다!,2021. 4. 4.,james john,"""서울시민이 되고 싶었지만 어쩔수없이 경기도민이 된""????서울시민이 못 되고 2등 경기도 시민이 되어 패배의식이 듭니까? 말씀 참 이상하게 하시네. 경기도민들이 싫어하시겠다 ㅋㅋ",3주 전,오세훈TV,2.3천,56,0
[2030 시민참여유세#6] 청년의 꿈과 희망을 짓밟은 정부·여당! 용서하지 않겠습니다!,2021. 4. 4.,양현민,가지가지 한다 ㅋ,3주 전,오세훈TV,2.3천,56,1
[2030 시민참여유세#6] 청년의 꿈과 희망을 짓밟은 정부·여당! 용서하지 않겠습니다!,2021. 4. 4.,Seokoo Lee,어린이급식도배려못하는서울시장해고된사람이국민에게배려하겟는가 나라에돈이없는것이아니라도둑늠이많아요 허경영말씀,3주 전(수정됨),오세훈TV,2.3천,56,0
[2030 시민참여유세#6] 청년의 꿈과 희망을 짓밟은 정부·여당! 용서하지 않겠습니다!,2021. 4. 4.,샷건,반일 운동때문에 ???  일본에서 쫒겨났다고 ? 뭔  처음 듣는 소리를 ....남탓을  .. 내로남불 입니다,2주 전,오세훈TV,2.3천,56,1
[2030 시민참여유세#6] 청년의 꿈과 희망을 짓밟은 정부·여당! 용서하지 않겠습니다!,2021. 4. 4.,이순신,너의 능력을 탓해라.. 그리고 너의 주제에 맞게 직장을 구해.. 기준치를 낮춰라.. 내 주위에 청년들 직장에서 월 350받으면서 공부하고 있다..그리고 너의 눈이 정부탓이냐?? 너의 눈 유전일 수도 있고 여러가지 너의 잘못일 이유도 있다.. 누구 탓하기전에 네 자신을 알라라도 말해주고 싶다.남 탓하지마라,2주 전,오세훈TV,2.3천,56,0
