﻿Title,Date,ID,Comment,Comment_date,Channel,Like,Dislike,Comment_like
"""정권에 불만 쌓인 국민들…2030 민주당에 등 돌렸다"" / SBS",2021. 4. 7.,아칼리,취업도 어려워~ 그렇다고 고생고생해서 들어간 회사에서 월급받아가지고 집을 살 수도 없어~ 꿈도 희망도 잃은 분노나 받아라,2주 전,SBS 뉴스,296,10,153
"""정권에 불만 쌓인 국민들…2030 민주당에 등 돌렸다"" / SBS",2021. 4. 7.,짱,요즘 청년들이얼마나 똑똑한데돈 준다고 뽑나요💜,2주 전,SBS 뉴스,296,10,114
"""정권에 불만 쌓인 국민들…2030 민주당에 등 돌렸다"" / SBS",2021. 4. 7.,김영훈,"클리앙 ""10~20대 미개하다 투표권 뺏어야한다"" 레전드다 진짜",2주 전,SBS 뉴스,296,10,52
"""정권에 불만 쌓인 국민들…2030 민주당에 등 돌렸다"" / SBS",2021. 4. 7.,Mr. Hurk,언론도 다갈아엎어야함,2주 전,SBS 뉴스,296,10,70
"""정권에 불만 쌓인 국민들…2030 민주당에 등 돌렸다"" / SBS",2021. 4. 7.,hs jung,알바자리도 구하기 어렵다 더군다나 청년정책 쓰레기에 공정의 가치는 개나 줘버렸는데 뽑아줄 이유 없지,2주 전,SBS 뉴스,296,10,41
"""정권에 불만 쌓인 국민들…2030 민주당에 등 돌렸다"" / SBS",2021. 4. 7.,Kong Intent,역시 학생때 공부안하고 대모질하던 인간들이 정권잡으니까 ㄹㅇ무능의 끝을 보여줌,2주 전,SBS 뉴스,296,10,44
"""정권에 불만 쌓인 국민들…2030 민주당에 등 돌렸다"" / SBS",2021. 4. 7.,최정희,쀼린대로 거두는법 지들이 한짖을 뒤 돌아보면답이 나온다 왠만 했어야쥬 국민들은 역겨워서토가 다 나왔다는걸 민주당은 알랑가,2주 전,SBS 뉴스,296,10,64
"""정권에 불만 쌓인 국민들…2030 민주당에 등 돌렸다"" / SBS",2021. 4. 7.,Kimjaegeun kim,원전 죠x 놓고 아랍에 원전축한다는 문,2주 전,SBS 뉴스,296,10,26
"""정권에 불만 쌓인 국민들…2030 민주당에 등 돌렸다"" / SBS",2021. 4. 7.,손신자,Kbs가진정국민의방송인가의심스럽다,2주 전,SBS 뉴스,296,10,34
"""정권에 불만 쌓인 국민들…2030 민주당에 등 돌렸다"" / SBS",2021. 4. 7.,짱,서민들 나락으로💜떨어트린 정부💜그러니 국민들이💜등  돌리죠💜💜💜,2주 전,SBS 뉴스,296,10,37
"""정권에 불만 쌓인 국민들…2030 민주당에 등 돌렸다"" / SBS",2021. 4. 7.,김춘길,사필귀정,2주 전,SBS 뉴스,296,10,33
"""정권에 불만 쌓인 국민들…2030 민주당에 등 돌렸다"" / SBS",2021. 4. 7.,홍동표,"청년일자리없다,,정말굶어죽는다",2주 전,SBS 뉴스,296,10,4
"""정권에 불만 쌓인 국민들…2030 민주당에 등 돌렸다"" / SBS",2021. 4. 7.,욱이,40대도 등 많이 돌려 찌,2주 전,SBS 뉴스,296,10,4
"""정권에 불만 쌓인 국민들…2030 민주당에 등 돌렸다"" / SBS",2021. 4. 7.,J J,크게 보면 여가부 국토부,2주 전,SBS 뉴스,296,10,14
"""정권에 불만 쌓인 국민들…2030 민주당에 등 돌렸다"" / SBS",2021. 4. 7.,최규현,그거 당하고도 뽑는 놈들이 멍청한거지 ㅋㅋ,2주 전,SBS 뉴스,296,10,13
"""정권에 불만 쌓인 국민들…2030 민주당에 등 돌렸다"" / SBS",2021. 4. 7.,헐버튼,정책실패에 전국민 힘들때 지들 밥그릇은 챙기고 .... 너무 무능력했다 신도시 취소하고 세금이나 내려라 40대 50대들이 밀어줬더니 열심히 일하는 사람들 등골빼서 엄하게 돈 뿌리는거 보구선 니들한테 질렸다,2주 전,SBS 뉴스,296,10,51
"""정권에 불만 쌓인 국민들…2030 민주당에 등 돌렸다"" / SBS",2021. 4. 7.,읏추읏추,민주당 진짜 ㅋㅋㅋㅋ어떡하냐 저걸 예측못했다는것도 이상하네,2주 전,SBS 뉴스,296,10,16
"""정권에 불만 쌓인 국민들…2030 민주당에 등 돌렸다"" / SBS",2021. 4. 7.,정은모,일본아파트 계약서 매각 대금을 가린것 수상하더라고,2주 전,SBS 뉴스,296,10,4
"""정권에 불만 쌓인 국민들…2030 민주당에 등 돌렸다"" / SBS",2021. 4. 7.,너클크레인,대선때도보자 ㅋㅋ,2주 전,SBS 뉴스,296,10,12
"""정권에 불만 쌓인 국민들…2030 민주당에 등 돌렸다"" / SBS",2021. 4. 7.,치요,등돌린게 아니라 실질적인 여당표 가진 사람들을 전세값 올려서 경기도로 내보내서 그렇자나,2주 전,SBS 뉴스,296,10,2
"""정권에 불만 쌓인 국민들…2030 민주당에 등 돌렸다"" / SBS",2021. 4. 7.,노다메칸타빌레,등돌려서 찍은 거에 대한것도 지들이 감당하겠지,2주 전,SBS 뉴스,296,10,1
"""정권에 불만 쌓인 국민들…2030 민주당에 등 돌렸다"" / SBS",2021. 4. 7.,Remy marteen,아파트값이 좀 올랐어야지ᆢ,2주 전,SBS 뉴스,296,10,19
"""정권에 불만 쌓인 국민들…2030 민주당에 등 돌렸다"" / SBS",2021. 4. 7.,김애숙,"빠른뉴스 감사합니다,",2주 전,SBS 뉴스,296,10,1
"""정권에 불만 쌓인 국민들…2030 민주당에 등 돌렸다"" / SBS",2021. 4. 7.,에메랄드소드,더불어 폐미당 폐미짓거리 할때부터 알아봤다,2주 전,SBS 뉴스,296,10,9
"""정권에 불만 쌓인 국민들…2030 민주당에 등 돌렸다"" / SBS",2021. 4. 7.,이서연,"언론, 방송도 제발 정신차리세요 .",2주 전,SBS 뉴스,296,10,16
"""정권에 불만 쌓인 국민들…2030 민주당에 등 돌렸다"" / SBS",2021. 4. 7.,최창우,"""하면 된다""",2주 전,SBS 뉴스,296,10,7
"""정권에 불만 쌓인 국민들…2030 민주당에 등 돌렸다"" / SBS",2021. 4. 7.,이다솔,"20대 30대들 엄청 똑똑합니다 옛날에는 취업자리 많았죠 큰 노력만 안해도 갈수있는 회사 많았습니다 요즘은 안 그래요. 엄청 똑똑해요무한경쟁시대 남 보다 어학점수 조금이라도 높이기 위해 공부하고 자격증 하나라도 더 따기위해 피 터지게 노력하는게 오늘의 청년층들입니다. 모기업 인사팀에서 일 하고있는데 요즘 젊은친구들 스펙보면 대단하다 생각합니다. 옛날에는 지금 스펙 절반만 있어도 대부분 회사 취업했을거라 생각 할 정도입니다. 젊은층들 무시하면 안됩니다. 그 들 절대 어리석고 모자라지 않아요 엄청나게 노력하고 다양한 지식 알고있고 심지어 요즘 조작하기 점점 어려워지는 전자기기들, 온라인대금결제 등 바로 적응해버리는 가장 똑똑한 세대에요..도대체 어떤 근거로 청년세대를 어리석다 칭하는 걸까요? 본인들 지지안하면 어리석은사람 되는건가 지금 기업에 자리 잡은 사람들 스펙좋은 청년들한테 결코 못 대응한다고 장담합니다.",2주 전,SBS 뉴스,296,10,22
"""정권에 불만 쌓인 국민들…2030 민주당에 등 돌렸다"" / SBS",2021. 4. 7.,하성현,정신나간놈들 20대여자=40대,2주 전,SBS 뉴스,296,10,17
"""정권에 불만 쌓인 국민들…2030 민주당에 등 돌렸다"" / SBS",2021. 4. 7.,욜로밥상TV [YOLO Tables],LH 사기집단이 촉매 역활 했지...,2주 전,SBS 뉴스,296,10,0
"""정권에 불만 쌓인 국민들…2030 민주당에 등 돌렸다"" / SBS",2021. 4. 7.,짱,돈 뿌리니나라꼴이 이 모양이지,2주 전,SBS 뉴스,296,10,11
"""정권에 불만 쌓인 국민들…2030 민주당에 등 돌렸다"" / SBS",2021. 4. 7.,황정음,어지가니 햇어야 등을 안돌리지,2주 전,SBS 뉴스,296,10,0
"""정권에 불만 쌓인 국민들…2030 민주당에 등 돌렸다"" / SBS",2021. 4. 7.,Lo Fi,정책실패의 결과....피드백이 없었던건 아닐텐데인복이 없는건가 주변에 제대로조언해줄 사람들도 없는데다가민심마저도 살피질 않았음,2주 전,SBS 뉴스,296,10,2
"""정권에 불만 쌓인 국민들…2030 민주당에 등 돌렸다"" / SBS",2021. 4. 7.,스썰이썰 Sports Issue 썰,주사파 운동권이 다 헤쳐먹고 있는데 당연히 등 돌리지... 일이라도 잘하면 몰라 비전문가 조무사들을 요직에 다 앉혀놓고 나라를 망하게 만드니... 심지어 도덕성까지 최악...,2주 전,SBS 뉴스,296,10,7
"""정권에 불만 쌓인 국민들…2030 민주당에 등 돌렸다"" / SBS",2021. 4. 7.,justyj j,40%나 더듬이당 뽑은거에 이 나라는 아직도 갈 길이 멀구나 싶다.,2주 전,SBS 뉴스,296,10,27
"""정권에 불만 쌓인 국민들…2030 민주당에 등 돌렸다"" / SBS",2021. 4. 7.,기혁김,Lh아니였어도 제정신이면 민주당 찍으면 안되지,2주 전,SBS 뉴스,296,10,4
"""정권에 불만 쌓인 국민들…2030 민주당에 등 돌렸다"" / SBS",2021. 4. 7.,노력금지,오히려 민주당이 30 프로 넘게 나왔다는것이 놀라울 따름임 진짜 콘크리트 구나 얼마나 단단한거야,2주 전,SBS 뉴스,296,10,8
"""정권에 불만 쌓인 국민들…2030 민주당에 등 돌렸다"" / SBS",2021. 4. 7.,깝체리,시청자는sbs에 등돌리고....ㅋ,2주 전,SBS 뉴스,296,10,2
"""정권에 불만 쌓인 국민들…2030 민주당에 등 돌렸다"" / SBS",2021. 4. 7.,정영대,재난지원금~전국민안주드만 ㅋㅋㅋ대선때또봅시다,2주 전,SBS 뉴스,296,10,5
"""정권에 불만 쌓인 국민들…2030 민주당에 등 돌렸다"" / SBS",2021. 4. 7.,디오니소스,국힘당의 부정부패가 하도하도 심해서 얘네는 좀 깨끗할래나해서 표 줘봤더니 이건뭐 되도안은 시급이나 오려서 나라경재 말아드시고 구석구석 이때다싶어(지네스스로도 다음대선은 희망이없어보인건지)해처드시고 썩은정치인은 국힘당것들이나 더민당너거들이나 똑같더라.해서 정치격력이라도 좀 되는 도둑놈이 더낫지싶다.다음 대선은 국힘당이다.,2주 전,SBS 뉴스,296,10,7
"""정권에 불만 쌓인 국민들…2030 민주당에 등 돌렸다"" / SBS",2021. 4. 7.,이꾸요잇,누구를 뽑아도 우린 또 불만을 갖을 것이다.그래도 어쩌냐 니들이 말아먹는걸,2주 전,SBS 뉴스,296,10,0
"""정권에 불만 쌓인 국민들…2030 민주당에 등 돌렸다"" / SBS",2021. 4. 7.,Hwanoh Chung,이번 선거로 확실히 알게된건 민주당이 무슨짓을 하든 부동의 표가 35%가 넘는다는 것이다. 정신바짝 안차리면 다음 선거때 다시 넘어갈 수 있다. 반드시 청와대도 바꾸고 180석도 균형을 맞춰야 한다!!,2주 전,SBS 뉴스,296,10,43
"""정권에 불만 쌓인 국민들…2030 민주당에 등 돌렸다"" / SBS",2021. 4. 7.,얍날개,큰 잘못이 들어난 애들도 지들편이면 무조건 감싸는데... 국민들이 바보냐? 정권도 교체다. 청년들한테 돈써가면서 표 얻을려고 난리더니 꼴 좋구나,2주 전,SBS 뉴스,296,10,29
"""정권에 불만 쌓인 국민들…2030 민주당에 등 돌렸다"" / SBS",2021. 4. 7.,Griffith j,가장 합리적인게 가장 정치다운 '진짜 정치'다. 이를 정확히 인지하는게 현 경제주도층 세대고,2주 전,SBS 뉴스,296,10,1
"""정권에 불만 쌓인 국민들…2030 민주당에 등 돌렸다"" / SBS",2021. 4. 7.,배찌,30대 남자들이 결혼 하려고 보니 나라를 이따구로 쳐 만들어놔 ㅡㅡ,2주 전,SBS 뉴스,296,10,2
"""정권에 불만 쌓인 국민들…2030 민주당에 등 돌렸다"" / SBS",2021. 4. 7.,이정현,이제 다시는 민주당을 못찍을거같네요...공정 정의 서민스러운듯얘기해도 걸리고나서도 뻔뻔한짓거리를보니까 정이떨어지네요..투표안하면안했지 민주당은안찍을랍니다,2주 전,SBS 뉴스,296,10,27
"""정권에 불만 쌓인 국민들…2030 민주당에 등 돌렸다"" / SBS",2021. 4. 7.,斥決左破,역시 2030은 틀려 민주팔이선동에 세뇌당하지않고 올바르게 상황을 보는구나,2주 전,SBS 뉴스,296,10,31
"""정권에 불만 쌓인 국민들…2030 민주당에 등 돌렸다"" / SBS",2021. 4. 7.,나는야타로짱,"2030이 국힘을 뽑은 이유 개인적으로 3가지 조금 다른쪽으로 생각함. 1. 태극기부대와 손절(진짜 20대는 이거보고 꼰대당이라는 인식 박혀버림)  2. 당내에서 적극적인 부정선거 의혹 부인(이준석이 적극 부인하며 부정선거 의혹제기하는 유튜버와 토론까지 해서 깨부숨) 3. 빨갱이, 반공 프레임 사용안함(진짜 보수당하면 지겨웠던 반공프레임, 빨갱이 선거때마다 나오면서 보수자체에 반감심했음.) 위 3가지 때문에 2030 중에서 보수당 자체에 안좋은 이미지를 쇄신하고 무당층 흡수하기에 적합했다고 생각함. (본인 정의당 지지했다가 출마안해서 오세훈 뽑은 20대 남자임)",2주 전,SBS 뉴스,296,10,11
"""정권에 불만 쌓인 국민들…2030 민주당에 등 돌렸다"" / SBS",2021. 4. 7.,하호호,당연한거 아님? 못살겠다고 180석 만들었는데 지금까지 해온게 뭐가 있냐 지들 배불리기 바빴지 ㅋ,2주 전,SBS 뉴스,296,10,1
"""정권에 불만 쌓인 국민들…2030 민주당에 등 돌렸다"" / SBS",2021. 4. 7.,bollinger band,이런거보면 아직 대한민국 국민들중 개돼지가 절반은 안넘어서 다행이다 싶음,2주 전,SBS 뉴스,296,10,3
"""정권에 불만 쌓인 국민들…2030 민주당에 등 돌렸다"" / SBS",2021. 4. 7.,young love,힘들때 지들 밥그릇은 챙기고 .... 너무 무능력한 문재인정부,2주 전,SBS 뉴스,296,10,6
"""정권에 불만 쌓인 국민들…2030 민주당에 등 돌렸다"" / SBS",2021. 4. 7.,넌너무찐이다,여기 중국방송사 아닌가요?왜 남의나라 정치를 논평하지;;,2주 전,SBS 뉴스,296,10,3
"""정권에 불만 쌓인 국민들…2030 민주당에 등 돌렸다"" / SBS",2021. 4. 7.,그린게이지,푼돈받아봐야 다니네들것으로준다.,2주 전,SBS 뉴스,296,10,0
"""정권에 불만 쌓인 국민들…2030 민주당에 등 돌렸다"" / SBS",2021. 4. 7.,소리진실,이 나라에 주인은 국민이다. 내로남불의 집권당이 아니라 !!,2주 전,SBS 뉴스,296,10,10
"""정권에 불만 쌓인 국민들…2030 민주당에 등 돌렸다"" / SBS",2021. 4. 7.,Steve,180석을 줬는데도 불구하고 정치효능감이 느껴지지 않아서지. 근데 그렇다고 이미 병크를 터뜨린 국힘에게 표를 주고싶은 마음도 없다. 제 3 세력에게 지지를 보내주고 싶음.,2주 전(수정됨),SBS 뉴스,296,10,0
"""정권에 불만 쌓인 국민들…2030 민주당에 등 돌렸다"" / SBS",2021. 4. 7.,Djdjdhh Dhdhdjdj,",4  15  부정선거 밝혀야 합니다",2주 전,SBS 뉴스,296,10,6
"""정권에 불만 쌓인 국민들…2030 민주당에 등 돌렸다"" / SBS",2021. 4. 7.,이재성,어느나라던 국민을 적으로돌리고 공산주의를 채택하면 국민은 돌아서는거다,2주 전,SBS 뉴스,296,10,0
"""정권에 불만 쌓인 국민들…2030 민주당에 등 돌렸다"" / SBS",2021. 4. 7.,오늘그대가,땅투기는 그동안 안 걸리고 해먹었는데 안 걸렸다고 정치 잘 한게 아니지.,2주 전,SBS 뉴스,296,10,0
"""정권에 불만 쌓인 국민들…2030 민주당에 등 돌렸다"" / SBS",2021. 4. 7.,아니야2,민주당 쓰레기,2주 전,SBS 뉴스,296,10,9
"""정권에 불만 쌓인 국민들…2030 민주당에 등 돌렸다"" / SBS",2021. 4. 7.,별별,투기나 일삼고 자기들배나 불리니누가 좋다니?똑똑한 젊은이들 먹고살게 좀 해줘라!,2주 전,SBS 뉴스,296,10,8
"""정권에 불만 쌓인 국민들…2030 민주당에 등 돌렸다"" / SBS",2021. 4. 7.,ha ha,페미정책으로인한 역차별과 공정 공평 정의라는가치를 인국공 lh부동산투기사태를 보면서 이건 정말아니다 싶더라....,2주 전(수정됨),SBS 뉴스,296,10,2
"""정권에 불만 쌓인 국민들…2030 민주당에 등 돌렸다"" / SBS",2021. 4. 7.,별비집사GBORO,보수는 이익에 뭉치고 진보는 가치에 뭉친다.,2주 전,SBS 뉴스,296,10,0
"""정권에 불만 쌓인 국민들…2030 민주당에 등 돌렸다"" / SBS",2021. 4. 7.,Choi jung Hyeon,"최저임금2배올려서 알바자리x, 국가 여당이 페미지지, 부동산폭등, 그나마 청렴한이미지로 먹고살았는데 LH투기및 청와대 포함 고위급공무원 부동산투기... 말다한거아닌가",2주 전,SBS 뉴스,296,10,0
"""정권에 불만 쌓인 국민들…2030 민주당에 등 돌렸다"" / SBS",2021. 4. 7.,namaste kim,대깨들 여전히 발악중 이던데요,2주 전,SBS 뉴스,296,10,0
"""정권에 불만 쌓인 국민들…2030 민주당에 등 돌렸다"" / SBS",2021. 4. 7.,남조선민주주의 인민공화국문재인수령,훠훠 재난지원금 드리겠습니다 뽑아주십시오,2주 전,SBS 뉴스,296,10,1
"""정권에 불만 쌓인 국민들…2030 민주당에 등 돌렸다"" / SBS",2021. 4. 7.,투게더,이제 민주당 뽑으면 그냥 뒤지고 싶다는걸로 보면 됨,1주 전,SBS 뉴스,296,10,0
"""정권에 불만 쌓인 국민들…2030 민주당에 등 돌렸다"" / SBS",2021. 4. 7.,캐드존.도면제작소,"문재인은 너무 추상적임  이건 진보가 아님,, 그냥 추상진보,,,,,,실질적이고  10개 정책펴지말고 1개라도 확실히 잘하는게 필요함,,,   - 문재인을 위한 진보말고,, 실질적인 진보로 재탄생해라  민주당은",2주 전,SBS 뉴스,296,10,20
"""정권에 불만 쌓인 국민들…2030 민주당에 등 돌렸다"" / SBS",2021. 4. 7.,손길복,"하하하하하   다음   대선?    풍악을   울려라,",2주 전,SBS 뉴스,296,10,0
"""정권에 불만 쌓인 국민들…2030 민주당에 등 돌렸다"" / SBS",2021. 4. 7.,나의 라임,"20대 30대는 LH가 원인이 아니란다LH 공무원들이야뭐 원래 그래왔던게 걸린거니 정권바뀌었다고 사람이 바뀌겠어?집값또한 민주당 180석전애도 청년들이 살수 없는 가격이고청년들은 공정의 가치를 배신한 것에 분노한다 당헌당규 고치고 보궐선거 한점, 의대생 재시험, 이명박근혜 사면론, 인천국공사태, 조국사태, 여성가족부우덜식 공정 ㅡㅡ",2주 전(수정됨),SBS 뉴스,296,10,5
"""정권에 불만 쌓인 국민들…2030 민주당에 등 돌렸다"" / SBS",2021. 4. 7.,김주찬,문재인대통이 그간 뿌린대로 거둔것뿐임.,2주 전,SBS 뉴스,296,10,13
"""정권에 불만 쌓인 국민들…2030 민주당에 등 돌렸다"" / SBS",2021. 4. 7.,Jae-Yeon Yu,자꾸 40대를 문재인 콘크리트 지지율이라고 언론 플레이하는 놈들 가만두고 싶지 않다!!!! 누구냐?? 진짜 ㅡ.ㅡ;;;조작질 좀 그만...;; 선동질 작작해라!!! 뉴스 볼 때마다 혈압이;;;;,2주 전(수정됨),SBS 뉴스,296,10,4
"""정권에 불만 쌓인 국민들…2030 민주당에 등 돌렸다"" / SBS",2021. 4. 7.,KEIKYU 1000,더불어ㅈ주당 ㅃ 내년 대선때 국힘 뽑을게그런데 신작가랑 쓸모왕은 더불어ㅈ주당 뽑을 것 같다,2주 전(수정됨),SBS 뉴스,296,10,6
"""정권에 불만 쌓인 국민들…2030 민주당에 등 돌렸다"" / SBS",2021. 4. 7.,692729 6302,현 정부가 하는꼬라지를 보고도 민주당을 뽑는건 뇌가 없다는걸 스스로 인증하는 꼴이지,2주 전,SBS 뉴스,296,10,0
"""정권에 불만 쌓인 국민들…2030 민주당에 등 돌렸다"" / SBS",2021. 4. 7.,petter kim,탕크할배시절에 집살수잇어 경제7프로씩 성장해 물가저렴해 서민들최고살기좋던시절.,2주 전,SBS 뉴스,296,10,1
"""정권에 불만 쌓인 국민들…2030 민주당에 등 돌렸다"" / SBS",2021. 4. 7.,김승은,역대급 무능한 정부,2주 전,SBS 뉴스,296,10,3
"""정권에 불만 쌓인 국민들…2030 민주당에 등 돌렸다"" / SBS",2021. 4. 7.,도인비,난 폐미때문인데???,1주 전,SBS 뉴스,296,10,1
"""정권에 불만 쌓인 국민들…2030 민주당에 등 돌렸다"" / SBS",2021. 4. 7.,목성스,페미니즘 얘기 한마디라도 해봐라^^ 아 지들 남은 표가 그쪽밖에없어서 못하지?ㅋㅋㅋㅋㅋㅋ,2주 전,SBS 뉴스,296,10,1
"""정권에 불만 쌓인 국민들…2030 민주당에 등 돌렸다"" / SBS",2021. 4. 7.,문대갈통,전라도  맘층들  빼면   지지자들이 없다는,2주 전,SBS 뉴스,296,10,3
"""정권에 불만 쌓인 국민들…2030 민주당에 등 돌렸다"" / SBS",2021. 4. 7.,소노마노,어느쪽에도 편파되지 않고 실리대로 투표하는 20 대,2주 전,SBS 뉴스,296,10,1
"""정권에 불만 쌓인 국민들…2030 민주당에 등 돌렸다"" / SBS",2021. 4. 7.,N Steve,"65세 이상 74세 이하 고령자에게 혈전 부작용 없는 화이자 백신을 공급 하라. 아스트라 제네카 거부자는 화이자 백신 공급 가능 시기 까지 미룰수있는 권리를 달라. ! 혈전의 치명성은 고령자에게 더 높은데, 고령자는 아스트라 제네카 백신에 대한 혈정관련성이 없다는 확정적인 연구 데이터나 근거도 없는 상태에서 사망자가 나오면 무조건 기저질환으로만 몰고 있으니 당연히 혈전이 사망에 대한 내용으로 나와도 기저 질환이였다고 하면 그만이니 무조건 고령자 먼저 접종 시켜서 나라의 접종률 높이고자 아무도 접종하기 꺼려하는 아스트라 제케나 강제 접종 시키는 정부는 당신들도 사람인데 부모 없이 태어 났는가? 내로남불 당신들 행태는 알고 있지만 사람의 생명을 가지고 장난 치지 말라. 65세 이상 74세 이하 고령자에게 혈전 부작용 없는 화이자 백신을 공급 하라. 아스트라 제네카 거부자는 화이자 백신 공급 가능 시기 까지 미룰수있는 권리를 달라.",2주 전,SBS 뉴스,296,10,1
"""정권에 불만 쌓인 국민들…2030 민주당에 등 돌렸다"" / SBS",2021. 4. 7.,J US,"민주당 = 공산주의, 집단이기주의국민의힘 = 자본주의, 제국주의, 개인주의",2주 전,SBS 뉴스,296,10,3
"""정권에 불만 쌓인 국민들…2030 민주당에 등 돌렸다"" / SBS",2021. 4. 7.,Jaehyukmh2 Jang,내로남불.. 조국 홍위병들에 딴나라당의 감사패 한개씩 보내야 될듯...쓰레기 정치인들의 회전문 쇼,2주 전,SBS 뉴스,296,10,3
"""정권에 불만 쌓인 국민들…2030 민주당에 등 돌렸다"" / SBS",2021. 4. 7.,임학순,2030참 단순하다,2주 전,SBS 뉴스,296,10,0
"""정권에 불만 쌓인 국민들…2030 민주당에 등 돌렸다"" / SBS",2021. 4. 7.,칼을품은맘,노무현때랑 문재인때만 살기어렵고물가 오르고 우울하다.이유가 뭐냐?,2주 전,SBS 뉴스,296,10,18
"""정권에 불만 쌓인 국민들…2030 민주당에 등 돌렸다"" / SBS",2021. 4. 7.,자라,미안한데 보수 진보 둘 다 맘에 안든다  지금...,2주 전,SBS 뉴스,296,10,1
"""정권에 불만 쌓인 국민들…2030 민주당에 등 돌렸다"" / SBS",2021. 4. 7.,Lionel Messi,헛소리20대 남자가 LH때문이라고? 페미때메 이미 오래전부터 여당을 적대세력으로 인식해왔다그동안 표출할 기회가 없었을뿐이지,2주 전,SBS 뉴스,296,10,2
"""정권에 불만 쌓인 국민들…2030 민주당에 등 돌렸다"" / SBS",2021. 4. 7.,김부순,"국민당두더하면더하지덜하지안아.누구당이든제대로된인간뽑아야지.거짓말하는사람은아니다.이들을보고.애들은무순생각할끼,출세만하면끝",2주 전,SBS 뉴스,296,10,0
"""정권에 불만 쌓인 국민들…2030 민주당에 등 돌렸다"" / SBS",2021. 4. 7.,페페,우리가 40대들 늙으면 가만히 둘것같냐?ㅋㅋㅋ 니들이 나라 꼬라지 망쳐놓은거 욕심때문에 사다리 걷어찬거 니들 노년때 다 돌려받을게 기대하라고,2주 전,SBS 뉴스,296,10,33
"""정권에 불만 쌓인 국민들…2030 민주당에 등 돌렸다"" / SBS",2021. 4. 7.,빌게이츠,민주당에 등 돌린게 아니다. 기성세대에 대한 분노의 표현이 나타났을 뿐이다.  부동산 투기 10년 소급해서 처리해라.,2주 전,SBS 뉴스,296,10,1
"""정권에 불만 쌓인 국민들…2030 민주당에 등 돌렸다"" / SBS",2021. 4. 7.,그것이알고싶다,"언론, 검찰 개혁하라고 힘 줬는데 정작 하는 일이 박근혜 사면, 집값 폭등? 에휴",2주 전,SBS 뉴스,296,10,0
"""정권에 불만 쌓인 국민들…2030 민주당에 등 돌렸다"" / SBS",2021. 4. 7.,팩트진정,뭔 혁신ㅋㅋ 기업 때려잡아 일자리 없애기? 기업죽여 일자리 없으니 공무원 매년 3만명 씩 뽑아세금 1천조 돌파시킨거? ㅋㅋ 인국공 사태로 노력한자가 취업안되는 역차별? 화이자 백신 확보못해서 미국fda승인도 안난 아스트라제네카 밀어부친거? 부동산 폭등시킨거? 나라 지킨 천안함 군인 ㅂㅅ취급한거? 북한에 원전 지어주려 한거? 박근혜 이명박 때려잡은 윤석열 국민의힘 결사 반대에도 검찰총장 시켰다가 민주당 비리 털려니까 추미애 시켜서 죽이려고 한거? 이거 뭐 끝도 없네 ㅋㅋㅋㅋㅋ,2주 전,SBS 뉴스,296,10,0
"""정권에 불만 쌓인 국민들…2030 민주당에 등 돌렸다"" / SBS",2021. 4. 7.,박주안,그렇게 페미페미~  노래를 부르더니 페미에게 표달라그러세요 게다가 재난지원금도 편가르기하는거 보고 아예 손절,2주 전(수정됨),SBS 뉴스,296,10,1
"""정권에 불만 쌓인 국민들…2030 민주당에 등 돌렸다"" / SBS",2021. 4. 7.,J H,민주당에 등돌린것도 아니고 글타고 국민당 지지도 아니다 이재명 지지율보면 느끼는거없나? 덜 해처먹는것들 미는거지,2주 전,SBS 뉴스,296,10,1
"""정권에 불만 쌓인 국민들…2030 민주당에 등 돌렸다"" / SBS",2021. 4. 7.,지중해,원인 모르나 ?홍재인 ~대통령 이 참 잘하고 계시잕아 ㅋ,2주 전,SBS 뉴스,296,10,0
"""정권에 불만 쌓인 국민들…2030 민주당에 등 돌렸다"" / SBS",2021. 4. 7.,헤롱이헤롱이,민주당이 문제여도 국민의짐을 뽑냐.. 차악도 아닌 완전 최악을 뽑다니...전에 한짓들을 다까먹고 뽑은거냐,2주 전,SBS 뉴스,296,10,0
"""정권에 불만 쌓인 국민들…2030 민주당에 등 돌렸다"" / SBS",2021. 4. 7.,강정윤,추미애  때메  망한거여,2주 전,SBS 뉴스,296,10,1
"""정권에 불만 쌓인 국민들…2030 민주당에 등 돌렸다"" / SBS",2021. 4. 7.,저스훙,민주당에 등돌렸다고국민의당을 지지하는 건 아니다잘 알아둬라,2주 전,SBS 뉴스,296,10,1
"""정권에 불만 쌓인 국민들…2030 민주당에 등 돌렸다"" / SBS",2021. 4. 7.,분열정신,그래도 여자들은 민주당 지지를 많이 하더라 남자들은 어짜피 인간취급 하지도 않더군? 어짜피 수도 적고 일찍 뒤질 사람들이니 남자들은 어떻게 살든 무시하고 2030여자들을 상대로 다른 선거운동 하지 말고 82년생 김지영이나 틀어라 그게 너희들에게 맞는 선거운동법이다,2주 전,SBS 뉴스,296,10,1
"""정권에 불만 쌓인 국민들…2030 민주당에 등 돌렸다"" / SBS",2021. 4. 7.,ks07221,투표50% 안되면 무효처리되면 좋겠다범죄자는 거르고전에 선거종이와서 봤는데 다들 저지른 범죄하나씩  자랑스럽게 써놨던데ㅉㅉ,2주 전,SBS 뉴스,296,10,2
"""정권에 불만 쌓인 국민들…2030 민주당에 등 돌렸다"" / SBS",2021. 4. 7.,youngsu ko,좀만 참어라다음 정부는 어떻게되는지 지켜봐라그때 되보면 알겠지,2주 전,SBS 뉴스,296,10,3
"""정권에 불만 쌓인 국민들…2030 민주당에 등 돌렸다"" / SBS",2021. 4. 7.,박J,등돌린 2030대 들이여 어마 무시하 시대가 올 겄이다. 내가 왜 찍어 줬지 땅치고 후회 할 것이다 1년후,2주 전,SBS 뉴스,296,10,5
"""정권에 불만 쌓인 국민들…2030 민주당에 등 돌렸다"" / SBS",2021. 4. 7.,박대혁,페미당 절대 안뽑는다 차라리 허경영 뽑고말지. 어차피 망한다면,2주 전(수정됨),SBS 뉴스,296,10,1
"""정권에 불만 쌓인 국민들…2030 민주당에 등 돌렸다"" / SBS",2021. 4. 7.,튀O.P.,결국 도돌이표국민의힘이 정권잡아도 결국은 똑같다이명박근혜때랑 지금이나뭔 차이가 있냐?,2주 전,SBS 뉴스,296,10,0
