﻿Title,Date,ID,Comment,Comment_date,Channel,Like,Dislike,Comment_like
[주진우 라이브] 이번 선거 캐스팅보트는 2030세대? | KBS 210406 방송,2021. 4. 6.,심원식,내일 본투표에꼭 참여 투표합시다저는 사전투표 하였습니다,2주 전,KBS 1라디오,1천,55,13
[주진우 라이브] 이번 선거 캐스팅보트는 2030세대? | KBS 210406 방송,2021. 4. 6.,최현순,세분선생님응원합니다~힘내세요~^^~,2주 전,KBS 1라디오,1천,55,15
[주진우 라이브] 이번 선거 캐스팅보트는 2030세대? | KBS 210406 방송,2021. 4. 6.,밭을갈자,지금 강남3구 부동산재개발 푼다는 세훈이말에 투표 총 결집했어요. 강북.강서.모두 투표해주세요. 강남은 탈북민도 국힘 깃발이면 되는곳이라,2주 전,KBS 1라디오,1천,55,5
[주진우 라이브] 이번 선거 캐스팅보트는 2030세대? | KBS 210406 방송,2021. 4. 6.,김순례,요즘가족들이.누굴찍자합이도본답니다,2주 전,KBS 1라디오,1천,55,10
[주진우 라이브] 이번 선거 캐스팅보트는 2030세대? | KBS 210406 방송,2021. 4. 6.,Qingsong Jin,수고많으셨습니다.건강하세요,2주 전,KBS 1라디오,1천,55,5
[주진우 라이브] 이번 선거 캐스팅보트는 2030세대? | KBS 210406 방송,2021. 4. 6.,청담,"이택수,저애때문에도 여론조사기관들을  전면 세무조사등실시하여 못된 수구꼴통들의  행위를 영원히 엄벌할것을바란다고 여기저기서 호소한다.!!!@@@***",2주 전,KBS 1라디오,1천,55,14
[주진우 라이브] 이번 선거 캐스팅보트는 2030세대? | KBS 210406 방송,2021. 4. 6.,희리치,택수씨는  구라미트  결과보고 구라미트나가라,2주 전,KBS 1라디오,1천,55,7
[주진우 라이브] 이번 선거 캐스팅보트는 2030세대? | KBS 210406 방송,2021. 4. 6.,이강모,비홍감 80%오세훈....,2주 전,KBS 1라디오,1천,55,2
[주진우 라이브] 이번 선거 캐스팅보트는 2030세대? | KBS 210406 방송,2021. 4. 6.,행복한 세상을ᆢ선한 영향력ᆢ,오세훈 이택수 믿지 못한다,2주 전,KBS 1라디오,1천,55,5
[주진우 라이브] 이번 선거 캐스팅보트는 2030세대? | KBS 210406 방송,2021. 4. 6.,코아,이택수는 왜 저리 ㅠㅠ 리얼미터!?,2주 전,KBS 1라디오,1천,55,1
[주진우 라이브] 이번 선거 캐스팅보트는 2030세대? | KBS 210406 방송,2021. 4. 6.,김순례,부모들이.자식들과.충분한.대화도한답니다말잘든는자제들도.부모와동감한답니더.요즘은부모들이.애기해줍니다.,2주 전,KBS 1라디오,1천,55,6
[주진우 라이브] 이번 선거 캐스팅보트는 2030세대? | KBS 210406 방송,2021. 4. 6.,북두칠성,박영선이 10프로  차미로져도 리얼미터가틀린거네,2주 전,KBS 1라디오,1천,55,8
[주진우 라이브] 이번 선거 캐스팅보트는 2030세대? | KBS 210406 방송,2021. 4. 6.,주식How's,귀닫고 눈감고 사는건지..그냥 방송상 그러는건지 ㅋㅋ,2주 전,KBS 1라디오,1천,55,1
[주진우 라이브] 이번 선거 캐스팅보트는 2030세대? | KBS 210406 방송,2021. 4. 6.,희리치,이택수는 국짐당이네,2주 전,KBS 1라디오,1천,55,10
[주진우 라이브] 이번 선거 캐스팅보트는 2030세대? | KBS 210406 방송,2021. 4. 6.,이혜정,이택수 뭐야 정체가,2주 전,KBS 1라디오,1천,55,3
[주진우 라이브] 이번 선거 캐스팅보트는 2030세대? | KBS 210406 방송,2021. 4. 6.,제제,택수형 재섭써,2주 전,KBS 1라디오,1천,55,11
[주진우 라이브] 이번 선거 캐스팅보트는 2030세대? | KBS 210406 방송,2021. 4. 6.,나지현,리얼미터가맞앗자나ㅠㅠ,2주 전,KBS 1라디오,1천,55,0
[주진우 라이브] 이번 선거 캐스팅보트는 2030세대? | KBS 210406 방송,2021. 4. 6.,이상민,마지막 발악...ㅎㅎㅎ,2주 전,KBS 1라디오,1천,55,0
[주진우 라이브] 이번 선거 캐스팅보트는 2030세대? | KBS 210406 방송,2021. 4. 6.,이강모,한번 실패한다 또 실패하려고....,2주 전,KBS 1라디오,1천,55,0
[주진우 라이브] 이번 선거 캐스팅보트는 2030세대? | KBS 210406 방송,2021. 4. 6.,Taeu jeon,"서울,부산11111111111111합니다",2주 전,KBS 1라디오,1천,55,7
[주진우 라이브] 이번 선거 캐스팅보트는 2030세대? | KBS 210406 방송,2021. 4. 6.,귀멸의칼날,ㅋㅋㅋㅋㅋㅋㅋㅋㅋㅋㅋㅋㅋㅋㅋㅋ 내곡동 관심도가 6순위면 끝났네 ㅋㅋㅋㅋㅋㅋㅋㅋㅋㅋㅋㅋ 주진우도 대선 지면 kbs에서 못보겠네,2주 전(수정됨),KBS 1라디오,1천,55,5
[주진우 라이브] 이번 선거 캐스팅보트는 2030세대? | KBS 210406 방송,2021. 4. 6.,김보배,딴나라 방송같네~~ㅋㅋ,2주 전,KBS 1라디오,1천,55,1
[주진우 라이브] 이번 선거 캐스팅보트는 2030세대? | KBS 210406 방송,2021. 4. 6.,달빛나는,왜 자꾸 맞지도 않는 리얼이 나오는지 모르겠네요.,2주 전,KBS 1라디오,1천,55,5
[주진우 라이브] 이번 선거 캐스팅보트는 2030세대? | KBS 210406 방송,2021. 4. 6.,gim yoo,이택수가 정확했네.,2주 전,KBS 1라디오,1천,55,2
[주진우 라이브] 이번 선거 캐스팅보트는 2030세대? | KBS 210406 방송,2021. 4. 6.,최정의,박영선111 💙김영춘111💙,2주 전,KBS 1라디오,1천,55,18
[주진우 라이브] 이번 선거 캐스팅보트는 2030세대? | KBS 210406 방송,2021. 4. 6.,유사슴,이택수,2주 전,KBS 1라디오,1천,55,0
[주진우 라이브] 이번 선거 캐스팅보트는 2030세대? | KBS 210406 방송,2021. 4. 6.,Hyungkyun Yun,구라미터 금지기간에도 전날까지 떠들어ㅛ지 일부러 야당 포탈장넌을 도운 구라미터였지,2주 전,KBS 1라디오,1천,55,0
[주진우 라이브] 이번 선거 캐스팅보트는 2030세대? | KBS 210406 방송,2021. 4. 6.,선희문,분노한다고? 니들땜에 더 분노한다,2주 전,KBS 1라디오,1천,55,0
[주진우 라이브] 이번 선거 캐스팅보트는 2030세대? | KBS 210406 방송,2021. 4. 6.,푸하하하,"공수처는 박형준,오세훈의 비리와 선거법위반을 즉시 수사하라",2주 전,KBS 1라디오,1천,55,0
[주진우 라이브] 이번 선거 캐스팅보트는 2030세대? | KBS 210406 방송,2021. 4. 6.,이강모,이런사람이 여론조사 기관 대표라니....,2주 전,KBS 1라디오,1천,55,0
[주진우 라이브] 이번 선거 캐스팅보트는 2030세대? | KBS 210406 방송,2021. 4. 6.,cherkd386,구라는 왜이리 나오나?,2주 전,KBS 1라디오,1천,55,1
[주진우 라이브] 이번 선거 캐스팅보트는 2030세대? | KBS 210406 방송,2021. 4. 6.,LensLee LEE,구라미터 재수없다,2주 전,KBS 1라디오,1천,55,3
[주진우 라이브] 이번 선거 캐스팅보트는 2030세대? | KBS 210406 방송,2021. 4. 6.,김정례,서울시장  부산시장 어느곳 이든자신이 정직햐야 권위가 섭니다정직하지 못한 상관을 따라 일할수 있겠 읍니까특히 젊은 층들 정치 지도자을 선택 할때 청렴한분을 선택하겠지요...앞길이 창창한 사람 들이 부정도능력이라 할까요?!!,2주 전(수정됨),KBS 1라디오,1천,55,2
[주진우 라이브] 이번 선거 캐스팅보트는 2030세대? | KBS 210406 방송,2021. 4. 6.,태양처럼,부동산으로 정부심판한다면서  부동산 투기꾼을 뽑는 것은 더 큰 모순이다.,2주 전,KBS 1라디오,1천,55,6
[주진우 라이브] 이번 선거 캐스팅보트는 2030세대? | KBS 210406 방송,2021. 4. 6.,갓리진킹스트,ㅋㅋㅋㅋㅋㅋㅋ 이택수 꺼지라고 난리치던 새끼들 죄다 나가리됐네 ㅋㅋㅋㅋㅋ 이게 현대 과학 문명의 산물이다 시대착오적인 구닥다리들아 ㅋㅋㅋㅋㅋ,2주 전,KBS 1라디오,1천,55,2
[주진우 라이브] 이번 선거 캐스팅보트는 2030세대? | KBS 210406 방송,2021. 4. 6.,조인자,김영선111111111김영춘1111111111,2주 전,KBS 1라디오,1천,55,14
[주진우 라이브] 이번 선거 캐스팅보트는 2030세대? | KBS 210406 방송,2021. 4. 6.,ksw3717 gang,점쟁이 이택수 대표님 나오셨네.매번 틀리지 말고 이번엔 좀 맞춰봐라.점쟁이도 열 번 중 한 번은 맞춘다.,2주 전,KBS 1라디오,1천,55,8
[주진우 라이브] 이번 선거 캐스팅보트는 2030세대? | KBS 210406 방송,2021. 4. 6.,방깡충,택수! 어치게 한번을 쪽팔리게 전문가라 하지 마라,2주 전,KBS 1라디오,1천,55,3
[주진우 라이브] 이번 선거 캐스팅보트는 2030세대? | KBS 210406 방송,2021. 4. 6.,정준교,구라미터 한번이나 맞춘적있나요.일주일전에 박영선은 이겼다고 댓글올렸읍니다,2주 전,KBS 1라디오,1천,55,1
[주진우 라이브] 이번 선거 캐스팅보트는 2030세대? | KBS 210406 방송,2021. 4. 6.,김지영,ㅏㅐㅐㅐ,2주 전,KBS 1라디오,1천,55,0
[주진우 라이브] 이번 선거 캐스팅보트는 2030세대? | KBS 210406 방송,2021. 4. 6.,김지영,ㅏㅐㅐㅐㅐ,2주 전,KBS 1라디오,1천,55,0
[주진우 라이브] 이번 선거 캐스팅보트는 2030세대? | KBS 210406 방송,2021. 4. 6.,이나경,깨끗한  후보  부산시장후보님  응원합니다 지지합니다,2주 전,KBS 1라디오,1천,55,0
[주진우 라이브] 이번 선거 캐스팅보트는 2030세대? | KBS 210406 방송,2021. 4. 6.,김병진,에레이 빠야,2주 전,KBS 1라디오,1천,55,3
[주진우 라이브] 이번 선거 캐스팅보트는 2030세대? | KBS 210406 방송,2021. 4. 6.,송닝기리,2030청년들이 국힘당 맛을 아직 제대로 못봤는가보네요.국힘이 정권 잡으면 청년은 눈에 보일까요?기득권.재벌들 챙기기 바쁠건데...,2주 전,KBS 1라디오,1천,55,1
[주진우 라이브] 이번 선거 캐스팅보트는 2030세대? | KBS 210406 방송,2021. 4. 6.,전태숙,부동 산땜에 속상 하면셔요  오세 훈네곡땅은  있는사람 을 왜 뽑는지 한심해요,2주 전,KBS 1라디오,1천,55,0
[주진우 라이브] 이번 선거 캐스팅보트는 2030세대? | KBS 210406 방송,2021. 4. 6.,김경혜,김경진  이사람좀 안보면 좋겠습니다,2주 전,KBS 1라디오,1천,55,10
[주진우 라이브] 이번 선거 캐스팅보트는 2030세대? | KBS 210406 방송,2021. 4. 6.,서윤석,56%대23%,2주 전,KBS 1라디오,1천,55,2
[주진우 라이브] 이번 선거 캐스팅보트는 2030세대? | KBS 210406 방송,2021. 4. 6.,청담,"이택수,저애는 아주 편파적이고 여론조사자체를 편파젘으로 해석하는  못된버러지라고 너도나도 난리다.!!!@@@***",2주 전,KBS 1라디오,1천,55,8
[주진우 라이브] 이번 선거 캐스팅보트는 2030세대? | KBS 210406 방송,2021. 4. 6.,Rung Fun,댓글을 보니 국힘이 승리했구나~,2주 전,KBS 1라디오,1천,55,3
[주진우 라이브] 이번 선거 캐스팅보트는 2030세대? | KBS 210406 방송,2021. 4. 6.,이강모,리얼미터 조서가 맞으면 나는 영원히  투표 포기한다.,2주 전,KBS 1라디오,1천,55,0
[주진우 라이브] 이번 선거 캐스팅보트는 2030세대? | KBS 210406 방송,2021. 4. 6.,ch H,편파보도의 대명사 KBS,2주 전,KBS 1라디오,1천,55,2
[주진우 라이브] 이번 선거 캐스팅보트는 2030세대? | KBS 210406 방송,2021. 4. 6.,선윤영,구라미터에서 나오셨네? 똑바로해라,2주 전(수정됨),KBS 1라디오,1천,55,12
[주진우 라이브] 이번 선거 캐스팅보트는 2030세대? | KBS 210406 방송,2021. 4. 6.,박멜스,맞지도않고 선동하는 조사가 왜 필요하는지 몰라 조사결과에 반응해서마음 변하는 경우는 거의없지 왜 하는지안하는게 좋겠어,2주 전,KBS 1라디오,1천,55,0
[주진우 라이브] 이번 선거 캐스팅보트는 2030세대? | KBS 210406 방송,2021. 4. 6.,깨돌,이번 선거는 민주당과 언론과의  승부인듯,2주 전,KBS 1라디오,1천,55,1
[주진우 라이브] 이번 선거 캐스팅보트는 2030세대? | KBS 210406 방송,2021. 4. 6.,김종명,민주당은 애초부터 네가티브로 전략을 세웠다고 본다  내세울게 없으니,2주 전,KBS 1라디오,1천,55,3
[주진우 라이브] 이번 선거 캐스팅보트는 2030세대? | KBS 210406 방송,2021. 4. 6.,디투더쥐,이제 국민들이 깨어나는듯 숨통좀 트이겠네 내로남불 위선 이런거본다고 분노가 쌓이고있었음,2주 전,KBS 1라디오,1천,55,11
[주진우 라이브] 이번 선거 캐스팅보트는 2030세대? | KBS 210406 방송,2021. 4. 6.,김종명,정신승리 하고 있네,2주 전,KBS 1라디오,1천,55,2
[주진우 라이브] 이번 선거 캐스팅보트는 2030세대? | KBS 210406 방송,2021. 4. 6.,KH Noh,구라미터네!!!,2주 전,KBS 1라디오,1천,55,1
[주진우 라이브] 이번 선거 캐스팅보트는 2030세대? | KBS 210406 방송,2021. 4. 6.,Helena Lee,"택수야, 그래서 작년 총선 때 민주당 150석이라 했었나?",2주 전,KBS 1라디오,1천,55,1
[주진우 라이브] 이번 선거 캐스팅보트는 2030세대? | KBS 210406 방송,2021. 4. 6.,김종명,이게방송이야?  지들끼리 모여서 잡담이나  하고   어이구~,2주 전,KBS 1라디오,1천,55,2
[주진우 라이브] 이번 선거 캐스팅보트는 2030세대? | KBS 210406 방송,2021. 4. 6.,송영숙,이런 재수없게시리,2주 전,KBS 1라디오,1천,55,1
[주진우 라이브] 이번 선거 캐스팅보트는 2030세대? | KBS 210406 방송,2021. 4. 6.,Happy Day 6897,이택수대표...본심이 무언지...점점 우로가시네요...흐름타시는지...휴..,2주 전,KBS 1라디오,1천,55,5
[주진우 라이브] 이번 선거 캐스팅보트는 2030세대? | KBS 210406 방송,2021. 4. 6.,안춘자,이택수 빼시죠 주진우라이브!!택수는 택도없내요,2주 전,KBS 1라디오,1천,55,0
[주진우 라이브] 이번 선거 캐스팅보트는 2030세대? | KBS 210406 방송,2021. 4. 6.,ᄀᄇᄉ,시민들은 본질을 흐리는 걸 싫어하고 있다 본인이 비리로 불법 투기한 땅이냐 아니냐가 본질이지 측량시 현장에 있었나 없었나 이게 무슨 소용이 있나,2주 전,KBS 1라디오,1천,55,6
[주진우 라이브] 이번 선거 캐스팅보트는 2030세대? | KBS 210406 방송,2021. 4. 6.,say s,YTN이택수나와서민주당열라까든데왜부르나,2주 전,KBS 1라디오,1천,55,2
[주진우 라이브] 이번 선거 캐스팅보트는 2030세대? | KBS 210406 방송,2021. 4. 6.,전태숙,서울에 안 살지만 박영선 김영춘 당 선 갑니다,2주 전,KBS 1라디오,1천,55,15
[주진우 라이브] 이번 선거 캐스팅보트는 2030세대? | KBS 210406 방송,2021. 4. 6.,문정희,깨시민20대30대들정직한후보를선태해서 잘사는서울시투표로심판해주세요  우리니라기둥입니다,2주 전,KBS 1라디오,1천,55,0
[주진우 라이브] 이번 선거 캐스팅보트는 2030세대? | KBS 210406 방송,2021. 4. 6.,엔젤빛그림 TV Heliograph,투표합시다.깨시민들이 투표안하면 토착왜구매국노세상됩니다.21세기기운독립운동가정신으로 투표합시다.,2주 전,KBS 1라디오,1천,55,0
[주진우 라이브] 이번 선거 캐스팅보트는 2030세대? | KBS 210406 방송,2021. 4. 6.,안단테지요,이택수  보수,2주 전,KBS 1라디오,1천,55,0
[주진우 라이브] 이번 선거 캐스팅보트는 2030세대? | KBS 210406 방송,2021. 4. 6.,황복규,전파낭비다,2주 전,KBS 1라디오,1천,55,0
[주진우 라이브] 이번 선거 캐스팅보트는 2030세대? | KBS 210406 방송,2021. 4. 6.,선희문,얘들이 아주 신났어말도 안되는 소리해 놓고ㅆㅂ,2주 전,KBS 1라디오,1천,55,1
[주진우 라이브] 이번 선거 캐스팅보트는 2030세대? | KBS 210406 방송,2021. 4. 6.,MJ TV,최영일평론가 ㅋㅋㅋㅋㅋㅋ 51.5프로 투표율에 승부는 3.5프로 차이..촉 좋아하네...앞으로 이런 헛소리하는 전문성없는 전문가 보지않게 하소서...웃긴 전문가 ㅋㅋㅋㅋ,2주 전,KBS 1라디오,1천,55,3
[주진우 라이브] 이번 선거 캐스팅보트는 2030세대? | KBS 210406 방송,2021. 4. 6.,리근봉,한마디로 lh건이 졵니 커서 다른건 안먹힌다 이거지 틀린말은 아니야,2주 전,KBS 1라디오,1천,55,2
[주진우 라이브] 이번 선거 캐스팅보트는 2030세대? | KBS 210406 방송,2021. 4. 6.,gi hun song,이번에 야당이기면 1째 김어준 방송짤리고 2번째 주진우는 짤려야됩니다 좌빠 주진우,2주 전,KBS 1라디오,1천,55,5
[주진우 라이브] 이번 선거 캐스팅보트는 2030세대? | KBS 210406 방송,2021. 4. 6.,청담,여론조사기관이 언론기관들과 공모하여 현정권을 공격한것이 사실아니냐고 너도나도 공감하고있고  너희들은 엄격한 조사를 받아야된다고 난리다.!!!@@@***,2주 전,KBS 1라디오,1천,55,5
[주진우 라이브] 이번 선거 캐스팅보트는 2030세대? | KBS 210406 방송,2021. 4. 6.,한호진,리얼미터보다 내가낫다서울 민주 승 51:47 ㅋ부산 민주 신승 1만표차 ㅋㅋㅋㅋ,2주 전,KBS 1라디오,1천,55,10
[주진우 라이브] 이번 선거 캐스팅보트는 2030세대? | KBS 210406 방송,2021. 4. 6.,신영선,"이번 토론보고 여,야 투표할 후보가 없음요 초딩 반장 선거도 이렇게는 안하겠네.. 아이들이 보면 뭘 배우라는건지능력이 안되면 출마를 하지 말던지...",2주 전,KBS 1라디오,1천,55,0
[주진우 라이브] 이번 선거 캐스팅보트는 2030세대? | KBS 210406 방송,2021. 4. 6.,스토리메이플,성폭행범들 때문에 이번선거 하는거 아니냐? ㅋㅋㅋㅋㅋ 사실을 말해도 눈가리고 아웅~웃기는 대한민국이네.어쩌다 이렇게 ....,2주 전,KBS 1라디오,1천,55,2
[주진우 라이브] 이번 선거 캐스팅보트는 2030세대? | KBS 210406 방송,2021. 4. 6.,mc dfm,진우야택수야영일아미안하다어제투표할때박영선이꼭찍을께,2주 전(수정됨),KBS 1라디오,1천,55,1
[주진우 라이브] 이번 선거 캐스팅보트는 2030세대? | KBS 210406 방송,2021. 4. 6.,윅스컴,"최영일 평론가님 이번 분석은 틀렸습니다. 투표율이 높다고 야당에 유리하다라고 하셨는데 이번은 틀렸습니다. 이번 선거는 좋은놈, 나쁜넘, 이상한넘 중 나쁜넘, 이상한넘은 심판받아야 하는 선거입니다. 거짓말쟁이랑 부동산투기자는 공직자의 자격이 없습니다.",2주 전,KBS 1라디오,1천,55,4
[주진우 라이브] 이번 선거 캐스팅보트는 2030세대? | KBS 210406 방송,2021. 4. 6.,정필승!! ROKMC454설혜화동,구라미터애와 회색 박쥐ㆍ두넘다 틀렸다 ㆍ에라이~~~..,2주 전,KBS 1라디오,1천,55,1
[주진우 라이브] 이번 선거 캐스팅보트는 2030세대? | KBS 210406 방송,2021. 4. 6.,지원,박영선💙김영춘💙당선을미리축하드립니다!,2주 전(수정됨),KBS 1라디오,1천,55,7
[주진우 라이브] 이번 선거 캐스팅보트는 2030세대? | KBS 210406 방송,2021. 4. 6.,CS Han,"그렇게 생태밖에 할말없냐?진우야, 생떼 그마 부려라",2주 전,KBS 1라디오,1천,55,1
[주진우 라이브] 이번 선거 캐스팅보트는 2030세대? | KBS 210406 방송,2021. 4. 6.,서윤석,"흥국이.덕화.이것들.,.극우골수분자들이죠..선거철마다..극우국개들지지행사하러 돌이다녔죠.,.,",2주 전,KBS 1라디오,1천,55,2
[주진우 라이브] 이번 선거 캐스팅보트는 2030세대? | KBS 210406 방송,2021. 4. 6.,Youngja Kim,부동산 폭등 못 막았다고 부동산 이득 본 거액 투기꾼을 뽑아야겠습니까? 오늘은 1번 찍는 날!  한 분 더 모시고 투표장으로 GO~~~~~~~,2주 전,KBS 1라디오,1천,55,7
[주진우 라이브] 이번 선거 캐스팅보트는 2030세대? | KBS 210406 방송,2021. 4. 6.,뭉치면 강하다hy,오늘은 본 투표 확실하게 촛불의 힘을 보여 줍시다 정직하시고 일 잘 하시는 기호 1번 서울시장 후보 박영선 기호1번 부산시장 김영춘 압승 갑시다 투표는 한 일 전입니다 확실하게 이깁시다 투표장 가기 전까지 확실하게 밭.갈고 1번 찍으러 모두 모두 한분도 빠짐없이 1번 투표하러 갑시다 이겨야 산다 우리가 이긴다 박영선 김영춘 압승 갑시다 파이팅👍🔥💙더러운 쓰레기 모두 소각시키는 깨끗한 서울을 만듭시다 오세훈 거짓은 그만하고 경찰의 수사받고 국민의 심판을 받으라 박형준의 법죄를 모두모두 밝혀라 5천만원 주고 거짓 증언하라고 매수한 분이 사실을 밝혔다 이래도 거짓으로 철판깔고 유세하는 또라지 낮짝도 두껍구나 부산시민 여러분 한심한 박형준을 심판하라 오세훈 박형준 내로남불 뻔뻔하기 짝이 없는 이것들 후보 자격도 없음을 알라 썩어터진 쓰레기 반드시 시민들이 청소하고  반드시 심판 합시다🐕👈이젠 깨끗한 대한민국을 만듭시다,2주 전,KBS 1라디오,1천,55,3
[주진우 라이브] 이번 선거 캐스팅보트는 2030세대? | KBS 210406 방송,2021. 4. 6.,안봉대산,우리 아들 둘은 20대와 30대인데요.코로나19로 힘들게 방역하는 집권당을 찍어야 한다고 합니다.야당은 너무 싫데요,2주 전,KBS 1라디오,1천,55,16
[주진우 라이브] 이번 선거 캐스팅보트는 2030세대? | KBS 210406 방송,2021. 4. 6.,Daniel Cho,성폭행범들 시장직  줘놓고 양심이 없네,2주 전(수정됨),KBS 1라디오,1천,55,3
[주진우 라이브] 이번 선거 캐스팅보트는 2030세대? | KBS 210406 방송,2021. 4. 6.,MJ TV,두 패널이 과연 누가 맞는지 끝까지 추적해서 틀린 패널은 아예 방송에 나오지못하게 합시다...근데 현재 투표율을 보면 55프로 훌쩍 넘을듯...누구는 벌써 틀리네요..주진우님  패널은 우선 객관적으로 중간자인 사람으로 섭외해주세요 제가봐도 너무 치우친 평론가는 객관적인 시야조차 갖지못한 수준이하의 선동가에 불과해서 챙피합니다 51.5% 투표율 ㅋㅋ...전문가라니 허참...챙피합니다,2주 전(수정됨),KBS 1라디오,1천,55,2
[주진우 라이브] 이번 선거 캐스팅보트는 2030세대? | KBS 210406 방송,2021. 4. 6.,이나경,시장후보는  꼭  박영선이  돼야한다  엄마마음으로  주부마음으로  ..화이팅  합시다,2주 전,KBS 1라디오,1천,55,1
[주진우 라이브] 이번 선거 캐스팅보트는 2030세대? | KBS 210406 방송,2021. 4. 6.,유권덕,"●이번 선거는 ‘능력’과 ‘무능력’의 대결입니다.●이번 선거는 ‘진심’과 ‘거짓’의 대결입니다.●이번 선거는 ‘과거’와 ‘미래’의 대결입니다. ●서울시 대전환을 이뤄낼 능력있는 후보 박영선을 선택해 주십시오.●서울을 빚더미에 앉게 했던 무능력한 후보 오세훈 가운데 서울의 미래를 위해 어떤 선택을 해야 할지는 명확합니다. ●오직 부산의 미래를 위해 스스로 가시밭길에 뛰어든 김영춘 후보의 ‘진심’을 선택해 주십시오.●거짓을 거짓으로 덮고, 수많은 의혹이 제기된 박형준 후보에게 부산의 미래를 맡길 수 없습니다.",2주 전,KBS 1라디오,1천,55,1
[주진우 라이브] 이번 선거 캐스팅보트는 2030세대? | KBS 210406 방송,2021. 4. 6.,황복규,여기가공작소인가주진우 비자금몇백조  찿았나?,2주 전,KBS 1라디오,1천,55,1
[주진우 라이브] 이번 선거 캐스팅보트는 2030세대? | KBS 210406 방송,2021. 4. 6.,신장식,택수 말 믿음이 안가네왜일까?,2주 전,KBS 1라디오,1천,55,6
[주진우 라이브] 이번 선거 캐스팅보트는 2030세대? | KBS 210406 방송,2021. 4. 6.,이강모,부동산 문제가 어떻게 박영선이 책임인가...오새훈.박원순 에게 물어야지...오하려 박영선이 시장돠면 해결할것 아닌가...,2주 전,KBS 1라디오,1천,55,2
[주진우 라이브] 이번 선거 캐스팅보트는 2030세대? | KBS 210406 방송,2021. 4. 6.,신장식,"lct, ,,내곡동 거짓말이 최대 변수^^택수 논평 너무 떨어진다치우친 여롡조사 누가 믿을까끋나고 봅시다택수형 아웃",2주 전,KBS 1라디오,1천,55,3
[주진우 라이브] 이번 선거 캐스팅보트는 2030세대? | KBS 210406 방송,2021. 4. 6.,황정애,이택수씨 여론과 다르게 나오면 어떻게 책임질건가요?,2주 전,KBS 1라디오,1천,55,2
[주진우 라이브] 이번 선거 캐스팅보트는 2030세대? | KBS 210406 방송,2021. 4. 6.,디노,유시민의 해박한 평론이 그리워요~^^,2주 전,KBS 1라디오,1천,55,4
[주진우 라이브] 이번 선거 캐스팅보트는 2030세대? | KBS 210406 방송,2021. 4. 6.,나나,택수님..차라리 국힘당 대변인을 하세요. 뭔 전문가가...에유,2주 전,KBS 1라디오,1천,55,7
[주진우 라이브] 이번 선거 캐스팅보트는 2030세대? | KBS 210406 방송,2021. 4. 6.,WIRLESS CALLER,좌파들 나발부네.  잘못 들어왔네.,2주 전,KBS 1라디오,1천,55,4
[주진우 라이브] 이번 선거 캐스팅보트는 2030세대? | KBS 210406 방송,2021. 4. 6.,서동운,부동산땜에열받았다는계층이 부동산에문제많은것들한테는 표를줘? 기도안찬다,2주 전,KBS 1라디오,1천,55,13
[주진우 라이브] 이번 선거 캐스팅보트는 2030세대? | KBS 210406 방송,2021. 4. 6.,꽃님이,국짐당을  표주면    독도를    일본에  팔아넘긴다  국짐은    내란선동당,2주 전,KBS 1라디오,1천,55,9
[주진우 라이브] 이번 선거 캐스팅보트는 2030세대? | KBS 210406 방송,2021. 4. 6.,조인자,"박영선후보님뽑읍시다.진솔하고진실성이묻어나더군요, 국민들께대하는태도를보구션감동했읍니다~~♡",2주 전,KBS 1라디오,1천,55,9
[주진우 라이브] 이번 선거 캐스팅보트는 2030세대? | KBS 210406 방송,2021. 4. 6.,이나경,우리애도  20대인대     박영선  시장후보  지지합니다,2주 전,KBS 1라디오,1천,55,1
[주진우 라이브] 이번 선거 캐스팅보트는 2030세대? | KBS 210406 방송,2021. 4. 6.,안동수,박전시장  개인삶은 실패했지만  서울시정실패는 아닙니다 서민노동자 삶개선코자  누구보다  고뇌했읍니다 자기잘못에 속죄하며 목숨을 버렸읍니다 박시장 파렴치범 으로 욕으로 일관 하는분  당신이 그런일이라면 속죄의죽엄 선택할수이있겠소,2주 전,KBS 1라디오,1천,55,14
[주진우 라이브] 이번 선거 캐스팅보트는 2030세대? | KBS 210406 방송,2021. 4. 6.,김조장,민주당은 각성해야한다. 이번 보궐선거 결과를 떠나서 검찰개혁과 언론개혁을 반드시해야한다. 촛불민심은 진정한 개혁 과감하게 개혁을 원한다. 만일 하지못하면 민주당은 이번이 마지막이란걸 기억해야한다.,2주 전,KBS 1라디오,1천,55,1
[주진우 라이브] 이번 선거 캐스팅보트는 2030세대? | KBS 210406 방송,2021. 4. 6.,김순례,젏은.20.30대층도.안철수하더니.오세훈은싫다고합나다.박영선찍겟다고.합니다,2주 전,KBS 1라디오,1천,55,6
[주진우 라이브] 이번 선거 캐스팅보트는 2030세대? | KBS 210406 방송,2021. 4. 6.,도도구,오로지 출연이 목적인 기회주의자 최영일,2주 전,KBS 1라디오,1천,55,1
[주진우 라이브] 이번 선거 캐스팅보트는 2030세대? | KBS 210406 방송,2021. 4. 6.,최정의,반드시 투표합시다 💙회초리는 그다음에 듭시다 아무리그래도이명박근혜 꿀빨던 거악들에게 서울 부산을 맡길순 없지요,2주 전,KBS 1라디오,1천,55,15
[주진우 라이브] 이번 선거 캐스팅보트는 2030세대? | KBS 210406 방송,2021. 4. 6.,mj k,우리나라  2030  바보들  아닙니다   왜  국짐당을  뽑겠어요??  네??   박원순 시장님  서울시민 을  위해  자신을  희생하신  분입니다  그자리를  국짐당한테  뺴앗길수 없어요   춧불의 힘은  여전합니다   어릴수록  더  잘보입니다,2주 전,KBS 1라디오,1천,55,11
[주진우 라이브] 이번 선거 캐스팅보트는 2030세대? | KBS 210406 방송,2021. 4. 6.,김coys,지지세력마져 내로남불 ㅋㅋ 박영선 도쿄 집,2주 전,KBS 1라디오,1천,55,2
[주진우 라이브] 이번 선거 캐스팅보트는 2030세대? | KBS 210406 방송,2021. 4. 6.,나그네,ㅋ 꿈깨라표차가 많이 날듯이제 내년선거때국민에 힘  가자가자 화이팅,2주 전,KBS 1라디오,1천,55,0
[주진우 라이브] 이번 선거 캐스팅보트는 2030세대? | KBS 210406 방송,2021. 4. 6.,청담,이택수이세이야.내나이 60대이지만 거의 이번선거에서 보수는 꼴통(70%이상)이라고 너도나도   확신한다.!!!@@@***,2주 전,KBS 1라디오,1천,55,2
[주진우 라이브] 이번 선거 캐스팅보트는 2030세대? | KBS 210406 방송,2021. 4. 6.,윤종민,댓글들 보니 이번에는 왼쪽에서 부정선거 망상환자들이 속출하겠군요당분간 우파에 호재만 가득할 듯 합니다,2주 전,KBS 1라디오,1천,55,3
[주진우 라이브] 이번 선거 캐스팅보트는 2030세대? | KBS 210406 방송,2021. 4. 6.,선택,선거를다시하는이유 성폭행하고 자살하고 구속당한 생때당 내일 찢어버립시다,2주 전(수정됨),KBS 1라디오,1천,55,1
[주진우 라이브] 이번 선거 캐스팅보트는 2030세대? | KBS 210406 방송,2021. 4. 6.,mj lee,이 분들 현재 민주당 지지층이 왜 돌아서는지 모르시네....민주당 지지층들은 결단력있는 민주당을 원합니다.결단있게 강하게 밀고 나가야 되는 일에 한발 물러서있는 민주의원들에게 실망한 것입니다...그것이 lh 사건을 빌미로 터졌을 뿐...뭐라도 강하게 밀고 나가면 뭐라도 바뀌는 미래도 있다는 확신이 서는데 몸사리고 한발 물러서있는 민주의원들 짜증난다 이겁니다.박범계도 마찬가지...왜 문재인 정부를 야단치고 심판합니까?..정치하는 당사자들이 협치 어쩌고 떠들면서 야당 눈치를 보고있는데....민주당의원들 정치 잘 하십시요...기회가 늘 오는것은 아니니까.법무부장관마다 그렇게 흔들고 언론마다 쌩 난리를 치는데 왜 검찰 눈치를 보는겁니까?.참 뭐라도 하십시요.,2주 전,KBS 1라디오,1천,55,1
[주진우 라이브] 이번 선거 캐스팅보트는 2030세대? | KBS 210406 방송,2021. 4. 6.,희리치,국민이수준이 있읍니다  나쁜 놈들은벌받는다  구라미트는 말하지마세요,2주 전,KBS 1라디오,1천,55,2
[주진우 라이브] 이번 선거 캐스팅보트는 2030세대? | KBS 210406 방송,2021. 4. 6.,yun하루하루,"LH 문제가 현정부 탓은 아닌,아주아주 오래 전부터 곪아버린 것이 터진 거잖아요.현정권이라서 안고 가야 하는책임은 안타깝고 억지스럽기도 하나,어찌보면 현정부를 믿고스스로 부정부패를 뿌리뽑고자 하는기회의 간절한 바람으로해석할 수도 있어 보입니다.국민들에게는 좋은 일이고, 그나마 현정부라는 수면을 빌어떠오름이 천만다행이라생각합니다.현정부 최고!",2주 전(수정됨),KBS 1라디오,1천,55,7
[주진우 라이브] 이번 선거 캐스팅보트는 2030세대? | KBS 210406 방송,2021. 4. 6.,김모씨,근데 민주당은 서울시장 후보 자체가 거짓말 아닌가?누가 거짓말을 한다고 그러나;;;;;,2주 전,KBS 1라디오,1천,55,7
[주진우 라이브] 이번 선거 캐스팅보트는 2030세대? | KBS 210406 방송,2021. 4. 6.,박데니스,"구로박 아들이 물었습니다 ""엄마 서울시장은 왜 또 뽑는거야? "" '아 그건 박원숭 아저씨가 너무 여자를 밝히는 쏘세지라서 그런거야"" 이렇게 솔직히 답을 할 수 가 없었습니다 그래서 거짓말 쟁이가 됐습니다 "" 조국의 민주화를 위해 돌아가신거야"" 아들이 말했습니다 ""누굴 뷰웅신으로 아나"" 푸 ㅎㅎㅎㅎㅎㅎㅎㅎㅎㅎㅎㅎㅎㅎㅎㅎㅎㅎㅎㅎㅎㅎㅎㅎㅎㅎㅎㅎㅎㅎㅎㅎㅎㅎㅎㅎ",2주 전,KBS 1라디오,1천,55,5
[주진우 라이브] 이번 선거 캐스팅보트는 2030세대? | KBS 210406 방송,2021. 4. 6.,derimourian tito,"한해예산 400조에200조가 더 추경예산이 된건데이 돈을 복지에다가 썼을까요?아닙니다.이 좌파정부와 박원순은10년동안서울의 발전자체보다는서울내에 자신들이 정권잃은후에보수정권에 대한보급투쟁을 이어나가기위해서 세금을써서 자리만들고 월급주는 좌파조직.단체를 만드는데 쓴겁니다이들은 사회적기업.협동조합.각종 언론단체.각종인권단체.여성단체.환경단체.운동권사업체.서울시기반시설관리단체들.건축.운송.덤프트력.철거.쓰레기단체들인데 이들은 선거투입이나 각종정치적 사안에대한 반대시위조직하고 시의 이권사업을 장악.훼방놓고 반정부여론형성하는데동원됩니다. 광우병선동.용산참사.미군장갑차사건.쌍용차파업.제주해군기지반대시위.세월호추모들도 이들조직이 개입되 보수정권들로부터 민심을 이반시키고 정권쟁취를위한 획책작업들이진행된 캐이스들입니다.특히 지방선거처럼 투표율이 낮을때대규모로 포섭.할당된 인원을 바탕으로힘을 발휘하는 경우가 많아 선거결과에 영향을미치는데..서울시장선거에 박원순이 만들어놓은각종단체들의 조직선거로여론조사지지도와는 다를수있어야당쪽에서는 적극투표를 유도해야한다는얘기가 나올정도입니다.민주당의 임종석이 성추행의 박원순을대중들의 분노에도불구그의 고결한 뜻을 기려 기념비를 세워야한다라고  말한게 바로 박원순의 ""좌파 조직을 만드는 산파""역할때문이었죠.성추행당한 여성에대한 존중도그들에게는 사실 중요하지않습니다.그냥 수단일뿐입니다.",2주 전,KBS 1라디오,1천,55,1
[주진우 라이브] 이번 선거 캐스팅보트는 2030세대? | KBS 210406 방송,2021. 4. 6.,derimourian tito,"한해예산 400조에200조가 더 추경예산이 된건데이 돈을 복지에다가 썼을까요?아닙니다.이 좌파정부와 박원순은10년동안서울의 발전자체보다는서울내에 자신들이 정권잃은후에보수정권에 대한보급투쟁을 이어나가기위해서 세금을써서 자리만들고 월급주는 좌파조직.단체를 만드는데 쓴겁니다이들은 사회적기업.협동조합.각종 언론단체.각종인권단체.여성단체.환경단체.운동권사업체.서울시기반시설관리단체들.건축.운송.덤프트력.철거.쓰레기단체들인데 이들은 선거투입이나 각종정치적 사안에대한 반대시위조직하고 시의 이권사업을 장악.훼방놓고 반정부여론형성하는데동원됩니다. 광우병선동.용산참사.미군장갑차사건.쌍용차파업.제주해군기지반대시위.세월호추모들도 이들조직이 개입되 보수정권들로부터 민심을 이반시키고 정권쟁취를위한 획책작업들이진행된 캐이스들입니다.특히 지방선거처럼 투표율이 낮을때대규모로 포섭.할당된 인원을 바탕으로힘을 발휘하는 경우가 많아 선거결과에 영향을미치는데..서울시장선거에 박원순이 만들어놓은각종단체들의 조직선거로여론조사지지도와는 다를수있어야당쪽에서는 적극투표를 유도해야한다는얘기가 나올정도입니다.민주당의 임종석이 성추행의 박원순을대중들의 분노에도불구그의 고결한 뜻을 기려 기념비를 세워야한다라고  말한게 바로 박원순의 ""좌파 조직을 만드는 산파""역할때문이었죠.성추행당한 여성에대한 존중도그들에게는 사실 중요하지않습니다.그냥 수단일뿐입니다.",2주 전,KBS 1라디오,1천,55,0
