﻿Title,Date,ID,Comment,Comment_date,Channel,Like,Dislike,Comment_like
[정치 맞수다] 4·7 재보궐 선거 여당 참패…야당 압승 (2021.04.08/뉴스외전/MBC),2021. 4. 7.,천하제1공수특전여단,배종호교수님 설명이 정확하고 좋았으며 신의원님 마지막 멘트도 감동적이었고 합리적보수 모델임.두분 감사합니다🌺,2주 전(수정됨),MBCNEWS,73,10,14
[정치 맞수다] 4·7 재보궐 선거 여당 참패…야당 압승 (2021.04.08/뉴스외전/MBC),2021. 4. 7.,James Dean,"노통때는 여권이 총선에 실패하고 노무현 대통령님에게 책임을 전가했는데 이번엔 180석 몰아줬더니 기득권 코스플레하다가 이렇게 됐는데 어쩔래? 이 한심한 여야 정치꾼들아, 국회의원 필요없다.",2주 전,MBCNEWS,73,10,15
[정치 맞수다] 4·7 재보궐 선거 여당 참패…야당 압승 (2021.04.08/뉴스외전/MBC),2021. 4. 7.,김Pro,공정과 정의가 .. 스쳐 가는 이야기 뿐이였으니..국민들이 분노한 것이지,2주 전,MBCNEWS,73,10,10
[정치 맞수다] 4·7 재보궐 선거 여당 참패…야당 압승 (2021.04.08/뉴스외전/MBC),2021. 4. 7.,Hi By,뺨때려놓고 왜삐졌냐고 물어보면 할말이 없다 우리가;;,1주 전,MBCNEWS,73,10,1
[정치 맞수다] 4·7 재보궐 선거 여당 참패…야당 압승 (2021.04.08/뉴스외전/MBC),2021. 4. 7.,찌알이,만져나 국찜이나 자신들의 지지층만을 위한 정치를 합니다.중도(국민양심)가 감시해가며 응징해야합니다.,2주 전,MBCNEWS,73,10,3
[정치 맞수다] 4·7 재보궐 선거 여당 참패…야당 압승 (2021.04.08/뉴스외전/MBC),2021. 4. 7.,"테스형,세상이 왜이렇게 뭐같어,有錢無罪.無錢有罪.弱肉强食",표 줘도 몸만 사리고 일을 안하는데 누가 표줄까?처럼회 외엔 일들 안하드만..,2주 전,MBCNEWS,73,10,6
[정치 맞수다] 4·7 재보궐 선거 여당 참패…야당 압승 (2021.04.08/뉴스외전/MBC),2021. 4. 7.,조혜성,올쏘. 🐕 판. 정부  처음본다,2주 전,MBCNEWS,73,10,4
[정치 맞수다] 4·7 재보궐 선거 여당 참패…야당 압승 (2021.04.08/뉴스외전/MBC),2021. 4. 7.,MrSelim7894,일목요연하게이번선거는 국민이 이긴선거여야를 위해 투표한게 아니고 오로지 국민을 위해 투표한 결과투표안하신분 반성하시길 바랍니다.,2주 전,MBCNEWS,73,10,5
[정치 맞수다] 4·7 재보궐 선거 여당 참패…야당 압승 (2021.04.08/뉴스외전/MBC),2021. 4. 7.,찌알이,중도(국민양심)가 만져를 응징한 선거인데 국찜은 보수의 승리라고 합니다.중도(국민양심)가 만져못지않게 국찜도 경계해야하는 이유입니다.,2주 전,MBCNEWS,73,10,3
[정치 맞수다] 4·7 재보궐 선거 여당 참패…야당 압승 (2021.04.08/뉴스외전/MBC),2021. 4. 7.,머라꼬,성난.민심을 더 두려워한다.,2주 전,MBCNEWS,73,10,4
[정치 맞수다] 4·7 재보궐 선거 여당 참패…야당 압승 (2021.04.08/뉴스외전/MBC),2021. 4. 7.,jkjkj iok,맨날 조국수호 검찰개혁만 외치는데 뭔ㅋㅋㅋㅋㅋㅋㅋㅋㅋㅋㅋ부동산이 망한이유가 다 보인다니깤ㅋㅋㅋㅋㅋㅋㅋㅋㅋㅋㅋㅋㅋㅋㅋㅋㅋㅋㅋㅋㅋㅋㅋㅋㅋㅋㅋㅋㅋㅋㅋㅋㅋㅋㅋㅋㅋㅋㅋㅋ공부를 한적이 없으니까 모르짘ㅋㅋㅋㅋㅋㅋㅋㅋㅋㅋㅋㅋㅋㅋㅋㅋㅋ그시대에 학교가서 뭘 배웟겟음 저분들잌ㅋㅋㅋㅋㅋㅋㅋㅋㅋ그냥 열심히 운동만 하다가 대충 대학졸업한거짘ㅋㅋㅋㅋㅋㅋㅋㅋㅋㅋㅋㅋㅋㅋㅋ성적표 까봐야되 저인간들ㅋㅋㅋㅋㅋㅋㅋㅋㅋㅋㅋㅋㅋㅋ,2주 전,MBCNEWS,73,10,3
[정치 맞수다] 4·7 재보궐 선거 여당 참패…야당 압승 (2021.04.08/뉴스외전/MBC),2021. 4. 7.,책BK,전반적인 국정실패가 팩트야..,2주 전,MBCNEWS,73,10,6
[정치 맞수다] 4·7 재보궐 선거 여당 참패…야당 압승 (2021.04.08/뉴스외전/MBC),2021. 4. 7.,Bong yi,유승민 이 대세 끼가 ㅋㅋ 말도안돼,2주 전,MBCNEWS,73,10,0
[정치 맞수다] 4·7 재보궐 선거 여당 참패…야당 압승 (2021.04.08/뉴스외전/MBC),2021. 4. 7.,bsbsbs bbb,천날만날 데모만 하던새끼들이 멀안다고깝쳐ㅋㅋ,2주 전,MBCNEWS,73,10,4
[정치 맞수다] 4·7 재보궐 선거 여당 참패…야당 압승 (2021.04.08/뉴스외전/MBC),2021. 4. 7.,까마,야당의 참패다. 이로써 사면망언을 한 것들은.. 다 쓰레기로 분류하는 것을 알라.,2주 전,MBCNEWS,73,10,11
[정치 맞수다] 4·7 재보궐 선거 여당 참패…야당 압승 (2021.04.08/뉴스외전/MBC),2021. 4. 7.,ha ha,솔직히 80년 90년대생들이 무슨 남녀차별이있다고 각종 여성우대정책을 펴는지 이해가 안가고 오히려 그로인해서 20~30대 남성이 역차별을 받고있고 촛불정신을 외치면서 인국공 lh땅투기를 봤을때  촛불정신의가치인 공정 공평 정의롭지도 못했다.,2주 전,MBCNEWS,73,10,2
[정치 맞수다] 4·7 재보궐 선거 여당 참패…야당 압승 (2021.04.08/뉴스외전/MBC),2021. 4. 7.,好lun,지는게 당연한거 아니냐 ? 주절주절 떠드냐,2주 전,MBCNEWS,73,10,5
[정치 맞수다] 4·7 재보궐 선거 여당 참패…야당 압승 (2021.04.08/뉴스외전/MBC),2021. 4. 7.,lee포청천,민주당은 반성하지 않았다그들은  국민을 눈속임한 파령치한 정치 집단일 뿐이다.단지 아직 때묻지 않은 초선 의원들 빼고...이런 민주당의 위선적 행동들을 이나라국민들이 두번다시 속아서는 안될것이다,2주 전,MBCNEWS,73,10,0
[정치 맞수다] 4·7 재보궐 선거 여당 참패…야당 압승 (2021.04.08/뉴스외전/MBC),2021. 4. 7.,TAI GWAN KIM,"전해철의 내부총질로 촉발된권력 가성비 추구 법칙의 저주가 민주당을 매섭게 강타하는구나 집권 초기 적폐세력을 개혁할 골든타임을민주당 내부총질로 허비하고적폐 세력에게는 전열 재정비의 황금같은 시간을 주었으며 민주당 내부 총질을 기회로 기득권 적폐세력인 포털과 언론 그리고 검찰이 한몸이 되어 이재명을 대상으로한 실전 TEST 로검언 유착 수사 기법을 충분히 쌓은후 한층 업그레이드된 막강한 기량으로 검찰개혁의 선봉장인 조국을 초토화시켜토착왜구 수구 기득권 적폐세력들이 정국을 주도하는데 성공하였다 민주당 전해철의 내부총질로이재명이 전사하였다면 민주당을 향한권력 가성비 추구 법칙의 저주가 퍼펙트로 끝났으리라 당시 집권초기로 촛불민심의 적폐세력에 대한 개혁 여론이 워낙 강해서눈치보느라 몸을 사린 검찰과 언론이였기에 이들로부터 이재명이 기적적으로 살아났지만 한층 자신감이 붙은 현재의 검찰과 언론이였다면이재명은 뼛가루가 되었겠지 내부총질의 전해철 네놈의 잘못이 결코 가볍지 않음이다 조국 장관 후임으로법무부장관 하마평에 올랐을때문재인 정부의 성공을 위해노력하겠다는 취재 영상을 보며얼마나 가증스러움을 느꼈던지 대통령 외유중에 검은 선글라스 착용하고전방 시찰한 임종석의 당시 생각이 궁금하다 집권초기 개혁의 동력이 충만할때개혁을 위한 치밀한 마스터플랜 구상보다 대통령과 민주당 지지율이 고공행진이라본인을 차기 대권 후보로 자신하고샴페인부터 준비하려 한건 아닌지 70여년 우리사회 기득권으로 군림한적폐세력들이 호락호락 민주당 재집권의 기회를 선사하리라 생각하였는가 권력 가성비 추구 법칙의 저주란? 권력을 쥐었을때70 이 100 을 먹느니70 에서 30 ( 이재명 )을 쳐내고40 이 100 을 먹는게 먹을 파이가 크다 그러나 결과는 100 이 아니라 0 이되어이를 권력 가성비 추구 법칙의 저주라 부른다  민주당에 충고 한다내년 대선이 2007년의정동영과 이명박 시즌 2가 되지 않으려면 민주당은 대선후보 선정에 신중을 기하라민심을 얻을 수 있는 후보여야만 한다 제발 함량 미달인 자를 당심이라며 선출하지말라스스로 대선 불출마 선언이 가장 모양새가 좋으련만노욕을 부려 적폐세력에게 수백만표 만방으로 깨지는 제 2 의 정동영이 되지는 말라 2.4 부동산 대책과 부동산거래분석원 설치등집값 안정은 실현 가능성이 커졌다 한명숙 전총리 모해위증교사 혐의를 받았던 자들을 기소하였다면 부동산 정책 실패로 참패한 4.7 보궐 선거이후의 정국 주도권을 장악할 절호의 기회였는데 무위로 끝나고 반면에1년 임기의 서울시장은 박원순 의혹 사건을 최대한 확대 재생산으로내년 대선까지 정국을 주도하려 하겠지 임은정 검사가입 안에까지 떠넣어준 것도 못먹는무능함을 완벽하게 증명한 자는 다음 총선에 출마하지 않는게 본인과 국가를 위해 나은 결정이다 추신박주민 의원에게 어제의 실수는 오늘 진솔하게 반성하면 되는것이고 성난 국민들로부터용서받기 위해서라도 뒤로 물러나지말고 더불어민주당 당대표직에 출마하라 촛불개혁의 초심으로 돌아가 오롯이 당과 국민을 위해 일하는더불어민주당 당대표가 되어주길강력히 응원합니다 당을 떠났으면 하는 자들은비에 젖은 가랑잎처럼 찰싹 붙어있으려하고 보궐선거 참패의 원인을 내로남불과 성추문이라주장하는 자들이야말로엑스맨이요 수박들임을민주당은 명심하라 국민들은 당헌당규를 고쳐 후보를출마시킨것에 대해 전혀 관심이 없다 조국 대전을 겪으며 99% 편파적인 언론의 불공정 프레임도큰 영향을 주지못했다 서초동 대검찰청 앞에 모인 100만 군중이검찰개혁 ,조국 수호, 내가 조국이요 를 외친것이 이를 말해준다 180석의 범집권여당이개혁을 위한 정국 주도권 장악도 못하면서 집값안정을 위한 부동산 정책 실패는서민들 피부에 직접 와닿는 현실적인 문제라집값폭등을 잡지 못한 정부의 무능에국민들의 분노가 대폭발 한것이다 보궐선거 참패의 직접적 원인은 첫째 집값안정을 위한 부동산 정책 실패둘째 집값안정을 위한 부동산 정책 실패셋째 집값안정을 위한 부동산 정책 실패 보궐선거 참패로혼돈의 격랑속으로 빠진 민주당을바로 세워줄 의원으로 그동안 신뢰감있는 의정활동을 보여준 우원식 ,김태년 의원도 힘차게 응원 합니다",2주 전,MBCNEWS,73,10,0
[정치 맞수다] 4·7 재보궐 선거 여당 참패…야당 압승 (2021.04.08/뉴스외전/MBC),2021. 4. 7.,Bong yi,국민에힘 우승민이 끼면 민주당 으로 표다가요.,2주 전,MBCNEWS,73,10,0
[정치 맞수다] 4·7 재보궐 선거 여당 참패…야당 압승 (2021.04.08/뉴스외전/MBC),2021. 4. 7.,고경호,국민의힘당   부패투기  꾼   여당다주택자   투기꾼   세금폭탄  잡으라고  했더니  일반인까지  아파트값  터무니없는  2억아파트  7억8억   야당여당  망해야합니다   그나물  그밥...???,2주 전,MBCNEWS,73,10,2
[정치 맞수다] 4·7 재보궐 선거 여당 참패…야당 압승 (2021.04.08/뉴스외전/MBC),2021. 4. 7.,김현철,"이번 선거에서 적폐언론은 큰 실수를 했다. 니들은 민주당을 밀어줘서 이기게 했어야 했다. 그래야 민주당이 계속 이렇게 지지부진 하다가 대선에서 참패를 했을것이다. 근데 이번선거에서 참패를 함으로 해서 민주당은 적폐언론을 없애지 않으면 위험하다는 판단에 들어 갔을것이다. 그리고, 국민들은 계속 민주당을 개혁하라고압박을 하게 될것이다. 적폐언론들아 니들은 큰실수 한거다.",2주 전,MBCNEWS,73,10,2
[정치 맞수다] 4·7 재보궐 선거 여당 참패…야당 압승 (2021.04.08/뉴스외전/MBC),2021. 4. 7.,김범식,해석을해도 참 생각없는 해석이다 전 국회의원 참패를 생각해보쇼 참 어이가없네  대통령 감옥 가있고 어이없ㅇㄷㅁ,2주 전,MBCNEWS,73,10,1
[정치 맞수다] 4·7 재보궐 선거 여당 참패…야당 압승 (2021.04.08/뉴스외전/MBC),2021. 4. 7.,쵸코바삭,보수승리아닌데ㅋㅋㅋ 재보궐선거홍보가제대로안된영향이큼재보궐이뭐야?  먹는거야? 국짐당이 압승이라고??  사람들이이러고있음제대로알아야하는데 나같은사람많음담부턴 선거란선거는다참여해야지,2주 전,MBCNEWS,73,10,0
[정치 맞수다] 4·7 재보궐 선거 여당 참패…야당 압승 (2021.04.08/뉴스외전/MBC),2021. 4. 7.,chlchl Chl,수술실 Cctv 못했다. 정치인이 반대를 무릅쓰고 나서는 신념이 없으면 표팔이라고 생각함.,2주 전,MBCNEWS,73,10,0
[정치 맞수다] 4·7 재보궐 선거 여당 참패…야당 압승 (2021.04.08/뉴스외전/MBC),2021. 4. 7.,제임스서,50년 넘게 나라 개판으로 만들어 놨는데 그걸 고치는데 몇년에 해결이 되냐  머리에 똥만 찬놈들아 ~~,2주 전,MBCNEWS,73,10,2
[정치 맞수다] 4·7 재보궐 선거 여당 참패…야당 압승 (2021.04.08/뉴스외전/MBC),2021. 4. 7.,김현수,민주당은 작금의 패배원인도 제대로 분석못하고 있어서 야당은 더 퀘재를 외치고 있다20-30대 남성이 외 거진 몰표식으로 등을 돌아섰는지도 분석도 못하는 민주당아니면 알면서도 외면 하는건지 니들 페미정책때문에 아작난거 과연 민주당이 인정을 할지 이거 큰 변수다.니들 이거 인정안하고 사과안하면 대선 차후 총선 바라지도 말아라,2주 전,MBCNEWS,73,10,5
[정치 맞수다] 4·7 재보궐 선거 여당 참패…야당 압승 (2021.04.08/뉴스외전/MBC),2021. 4. 7.,김지화,이대로ㆍ대선까지갑시다👍👍👍👍,2주 전,MBCNEWS,73,10,6
[정치 맞수다] 4·7 재보궐 선거 여당 참패…야당 압승 (2021.04.08/뉴스외전/MBC),2021. 4. 7.,김민석,LH 문제는 그이전  이명박 출범 하기전보다 오랫동안 부동산 투기를 했는데 이제와서  현정부에게 책임전가 한다는자체가  말이 안돼는소리이죠,2주 전,MBCNEWS,73,10,9
[정치 맞수다] 4·7 재보궐 선거 여당 참패…야당 압승 (2021.04.08/뉴스외전/MBC),2021. 4. 7.,ym yun,민간사찰 조국 원전비리 검찰문제 부동산비리.. 한두개인줄 아나? 이게 머 오래된 일인줄?이중에 머라도 하나라도 책임진적 있나? 해결 한적있나? 아니지 오히려 비리를 숨기기위해 수사와 검찰만 죽여 버렸지..,2주 전,MBCNEWS,73,10,3
[정치 맞수다] 4·7 재보궐 선거 여당 참패…야당 압승 (2021.04.08/뉴스외전/MBC),2021. 4. 7.,침흘리는 형,조국. 윤미향. 멀쩡히 돌아다니는것만 봐도 뻔하지. 사람들이 바본줄아냐?,2주 전,MBCNEWS,73,10,7
[정치 맞수다] 4·7 재보궐 선거 여당 참패…야당 압승 (2021.04.08/뉴스외전/MBC),2021. 4. 7.,유영찬,김종인은 좀 쉬었다가 다시 민주당으로 돌아올꺼다. 벌써 김종인은 알고 있는 거지.. 국힝당은 절대 안된다는 거... ㅋㅋ,2주 전,MBCNEWS,73,10,3
[정치 맞수다] 4·7 재보궐 선거 여당 참패…야당 압승 (2021.04.08/뉴스외전/MBC),2021. 4. 7.,엣헴,"민주당에 대응할 당이 국힘당 선택지뿐이여서 그렇지. 국힘당이 잘해서 뽑아준건 아님. 언제까지 1,2,1,2번 반복할 것인가.",2주 전,MBCNEWS,73,10,6
[정치 맞수다] 4·7 재보궐 선거 여당 참패…야당 압승 (2021.04.08/뉴스외전/MBC),2021. 4. 7.,yumi Kim,민주당... 니들이 적폐다,2주 전,MBCNEWS,73,10,6
[정치 맞수다] 4·7 재보궐 선거 여당 참패…야당 압승 (2021.04.08/뉴스외전/MBC),2021. 4. 7.,yumi Kim,민주당...내로남불당,2주 전,MBCNEWS,73,10,7
[정치 맞수다] 4·7 재보궐 선거 여당 참패…야당 압승 (2021.04.08/뉴스외전/MBC),2021. 4. 7.,제임스서,야호~~ 정치 다시 병신으로 잠시 돌아가겠네 ㅎㅎ 당장 자기 돈 버는데 아쉬워서 돌아서는 놈들아고 그 분이기에 젊은 사람들이 표 도와 주고 개판이구나 ㅋㅋ 아예 나라 망해라 비나이다 비나이다 ㅎㅎ,2주 전,MBCNEWS,73,10,3
[정치 맞수다] 4·7 재보궐 선거 여당 참패…야당 압승 (2021.04.08/뉴스외전/MBC),2021. 4. 7.,김요한,지지율 20% 도 더 떨어질거다 문통아 잘 됐다,2주 전,MBCNEWS,73,10,4
[정치 맞수다] 4·7 재보궐 선거 여당 참패…야당 압승 (2021.04.08/뉴스외전/MBC),2021. 4. 7.,김지화,민주당은ㆍ구라당입니다,2주 전,MBCNEWS,73,10,14
