﻿Title,Date,ID,Comment,Comment_date,Channel,Like,Dislike,Comment_like
"[블랙시위] 센언니 등장! '2030들아 공부 좀 해!!' (부정선거, 우리가 나서야 하는 이유)",최초 공개: 2020. 7. 23.,종이의 TV,차량 행진도 앞장 서는 센언니 에게 응원 댓글 그리고 좋아요 부탁 해요!!,9개월 전,종이의 TV,1.1천,5,75
"[블랙시위] 센언니 등장! '2030들아 공부 좀 해!!' (부정선거, 우리가 나서야 하는 이유)",최초 공개: 2020. 7. 23.,소시민A,동감 합니다 역사를 잊은 민족에겐 미래가 없다는데 자칭 진보라는 작자가 역사에 대해  더  몰라요 저들은 주적 북한을 지우고 안보 체계를 무너트리라고 하니까요 사회주의 공산주의 제국 주의에 빠진 전체주의 정권 은 진짜 사라져야 합니다.,9개월 전(수정됨),종이의 TV,1.1천,5,49
"[블랙시위] 센언니 등장! '2030들아 공부 좀 해!!' (부정선거, 우리가 나서야 하는 이유)",최초 공개: 2020. 7. 23.,Soli Deo 솔리데오,와우~~  미인이신데다가 공부를 정말 제대로 많이 하셨네요.   국제 정치부터 좌빨들의 본질까지 확~~ 꿰뚫어 버린 시원한 열변 감동입니다.  국민 한 사람 한사람이 깨어나서 바른 목소리를 내야 한다는데 백프로 동감합니다,9개월 전(수정됨),종이의 TV,1.1천,5,36
"[블랙시위] 센언니 등장! '2030들아 공부 좀 해!!' (부정선거, 우리가 나서야 하는 이유)",최초 공개: 2020. 7. 23.,gugwon Lee,장년들도 청년들이 앞장서서 큰소리치니 생각이 아주 많이 바꿨어요~ 힘내요! 그리고 힘차게 응원합니다. 청년 화이팅!! 모두 나오라~ 주권을 강탈한 인간덜을 모조리 박살냅시다!!!!,9개월 전,종이의 TV,1.1천,5,52
"[블랙시위] 센언니 등장! '2030들아 공부 좀 해!!' (부정선거, 우리가 나서야 하는 이유)",최초 공개: 2020. 7. 23.,Spero Spera,차량위에서 구호선창하시는 모습이 얼마나 아름다웠는지 모릅니다. 아름다운 똑똑한 우리의 여전사~쎈언니! 화이팅입니다.우리가 이긴다~^^,9개월 전(수정됨),종이의 TV,1.1천,5,40
"[블랙시위] 센언니 등장! '2030들아 공부 좀 해!!' (부정선거, 우리가 나서야 하는 이유)",최초 공개: 2020. 7. 23.,에나가,김현진청년 멤버네요언제봐도 씩씩하고 당당해서 좋아요응원합니다,9개월 전,종이의 TV,1.1천,5,43
"[블랙시위] 센언니 등장! '2030들아 공부 좀 해!!' (부정선거, 우리가 나서야 하는 이유)",최초 공개: 2020. 7. 23.,시사시조'한뫼,후세에게 공공정신 대신 요령만 피우도록 교육한 기성세대가 이 지경의 책임자다.,9개월 전,종이의 TV,1.1천,5,23
"[블랙시위] 센언니 등장! '2030들아 공부 좀 해!!' (부정선거, 우리가 나서야 하는 이유)",최초 공개: 2020. 7. 23.,조선자,우리 젊은이 들이여. 일어나라,9개월 전,종이의 TV,1.1천,5,27
"[블랙시위] 센언니 등장! '2030들아 공부 좀 해!!' (부정선거, 우리가 나서야 하는 이유)",최초 공개: 2020. 7. 23.,카카오톡강신업,주위에힘팍팍전달해주십니다ㆍ,9개월 전,종이의 TV,1.1천,5,46
"[블랙시위] 센언니 등장! '2030들아 공부 좀 해!!' (부정선거, 우리가 나서야 하는 이유)",최초 공개: 2020. 7. 23.,어디로가나,"권력 세습을 위해 거짓으로 진실을 짓밟는 나라!!!  권력 세습을 위해 정의와 공정을 내세우며 국민의 주권과 자유를 유린하는 나라!!!권력 세습을 위해 법으로 포장한 세금 철퇴로 국민의 허리를 내리쳐 일어나지 못하게 하는 나라!!!법의 평등과 정의와 공정에 가치를 둔 국민은 계파와 인물을 두지말고 하나로 뭉쳐 수개표가 이루어질 때까지 끝까지 싸워 정의와 주권을 지켜냅시다!!!",9개월 전,종이의 TV,1.1천,5,19
"[블랙시위] 센언니 등장! '2030들아 공부 좀 해!!' (부정선거, 우리가 나서야 하는 이유)",최초 공개: 2020. 7. 23.,솔개,맞습니다~~응원합니다,9개월 전,종이의 TV,1.1천,5,5
"[블랙시위] 센언니 등장! '2030들아 공부 좀 해!!' (부정선거, 우리가 나서야 하는 이유)",최초 공개: 2020. 7. 23.,차마루,말도 잘하네요 올습니다 사상이 달이달라요 한심하죠,9개월 전,종이의 TV,1.1천,5,22
"[블랙시위] 센언니 등장! '2030들아 공부 좀 해!!' (부정선거, 우리가 나서야 하는 이유)",최초 공개: 2020. 7. 23.,Seong Park,20-30이 우리 나라의 희망이다!!!^^,9개월 전,종이의 TV,1.1천,5,14
"[블랙시위] 센언니 등장! '2030들아 공부 좀 해!!' (부정선거, 우리가 나서야 하는 이유)",최초 공개: 2020. 7. 23.,캔디,쎈 언니~~  응원합니다진짜로 우리가 당연히 이겨요~~,9개월 전,종이의 TV,1.1천,5,29
"[블랙시위] 센언니 등장! '2030들아 공부 좀 해!!' (부정선거, 우리가 나서야 하는 이유)",최초 공개: 2020. 7. 23.,세이렌,전 왜 눈물이나는지 모르겠어요..그냥 뭉클하면서 가슴이 아픕니다.감사합니다.건강조심하세요.그 예쁜 마음 변치 말아주세요.화이팅!!!,9개월 전,종이의 TV,1.1천,5,20
"[블랙시위] 센언니 등장! '2030들아 공부 좀 해!!' (부정선거, 우리가 나서야 하는 이유)",최초 공개: 2020. 7. 23.,Jinaumma S,깨어있는분들이 행동하라~!!!!!!,9개월 전,종이의 TV,1.1천,5,2
"[블랙시위] 센언니 등장! '2030들아 공부 좀 해!!' (부정선거, 우리가 나서야 하는 이유)",최초 공개: 2020. 7. 23.,han초심,팍팍응원합니다.홧팅,9개월 전,종이의 TV,1.1천,5,3
"[블랙시위] 센언니 등장! '2030들아 공부 좀 해!!' (부정선거, 우리가 나서야 하는 이유)",최초 공개: 2020. 7. 23.,백악관호위무사,당당함이 매력입니다 응원해요!,9개월 전,종이의 TV,1.1천,5,20
"[블랙시위] 센언니 등장! '2030들아 공부 좀 해!!' (부정선거, 우리가 나서야 하는 이유)",최초 공개: 2020. 7. 23.,쑝쑝뮤직,주위에 들으려고 안해요 이렇게 심각한데,9개월 전,종이의 TV,1.1천,5,4
"[블랙시위] 센언니 등장! '2030들아 공부 좀 해!!' (부정선거, 우리가 나서야 하는 이유)",최초 공개: 2020. 7. 23.,행복,빨갱이들중에는   저런  미모의  얼굴  없읍니다  화이팅 딱  맞는말만  하시네요,9개월 전,종이의 TV,1.1천,5,13
"[블랙시위] 센언니 등장! '2030들아 공부 좀 해!!' (부정선거, 우리가 나서야 하는 이유)",최초 공개: 2020. 7. 23.,블랙시위,퐈이야~!! 응원합니다!,9개월 전,종이의 TV,1.1천,5,14
"[블랙시위] 센언니 등장! '2030들아 공부 좀 해!!' (부정선거, 우리가 나서야 하는 이유)",최초 공개: 2020. 7. 23.,아름다운,센언니 화이팅! !!!!!종이님 늘 감사해요 홧팅 ^^,9개월 전,종이의 TV,1.1천,5,23
"[블랙시위] 센언니 등장! '2030들아 공부 좀 해!!' (부정선거, 우리가 나서야 하는 이유)",최초 공개: 2020. 7. 23.,천멸문재인!24시간 주문을 외우자,쎈언니 조아👠,9개월 전,종이의 TV,1.1천,5,23
"[블랙시위] 센언니 등장! '2030들아 공부 좀 해!!' (부정선거, 우리가 나서야 하는 이유)",최초 공개: 2020. 7. 23.,K g r,센언니 화이팅  하세요,9개월 전,종이의 TV,1.1천,5,25
"[블랙시위] 센언니 등장! '2030들아 공부 좀 해!!' (부정선거, 우리가 나서야 하는 이유)",최초 공개: 2020. 7. 23.,hofe ri,님들께서 보여주시는 불굴의 애국 활동이 있어 이 나라가 지탱되고 있습니다. 엄청난 용기와 진정성에 진심으로 감사드립니다.,9개월 전,종이의 TV,1.1천,5,1
"[블랙시위] 센언니 등장! '2030들아 공부 좀 해!!' (부정선거, 우리가 나서야 하는 이유)",최초 공개: 2020. 7. 23.,_ FORLIBERTY,진짜 멋진 여전사이십니다!   맞습니다. 우린 한 배를 탔습니다.  누구에게  미루지말고 각자 모두 화이팅!,9개월 전,종이의 TV,1.1천,5,1
"[블랙시위] 센언니 등장! '2030들아 공부 좀 해!!' (부정선거, 우리가 나서야 하는 이유)",최초 공개: 2020. 7. 23.,viva viva,♡쎄고 이쁜 언니 굳굳,9개월 전,종이의 TV,1.1천,5,22
"[블랙시위] 센언니 등장! '2030들아 공부 좀 해!!' (부정선거, 우리가 나서야 하는 이유)",최초 공개: 2020. 7. 23.,Joy Lee,아아~~ 시원해!!,9개월 전,종이의 TV,1.1천,5,4
"[블랙시위] 센언니 등장! '2030들아 공부 좀 해!!' (부정선거, 우리가 나서야 하는 이유)",최초 공개: 2020. 7. 23.,눌루날라,이렇게 젊은이들이 나서야 바낄듯ㅠ언론 쥐고 흔드니 너무 힘이 없어요응원합니다!!!,8개월 전,종이의 TV,1.1천,5,1
"[블랙시위] 센언니 등장! '2030들아 공부 좀 해!!' (부정선거, 우리가 나서야 하는 이유)",최초 공개: 2020. 7. 23.,김찬희,멋지다~,9개월 전,종이의 TV,1.1천,5,3
"[블랙시위] 센언니 등장! '2030들아 공부 좀 해!!' (부정선거, 우리가 나서야 하는 이유)",최초 공개: 2020. 7. 23.,사이버전사,맞습니다.,9개월 전,종이의 TV,1.1천,5,2
"[블랙시위] 센언니 등장! '2030들아 공부 좀 해!!' (부정선거, 우리가 나서야 하는 이유)",최초 공개: 2020. 7. 23.,윤호중,멋지다.,9개월 전,종이의 TV,1.1천,5,2
"[블랙시위] 센언니 등장! '2030들아 공부 좀 해!!' (부정선거, 우리가 나서야 하는 이유)",최초 공개: 2020. 7. 23.,김kim5001,언니!멋져요!,9개월 전,종이의 TV,1.1천,5,8
"[블랙시위] 센언니 등장! '2030들아 공부 좀 해!!' (부정선거, 우리가 나서야 하는 이유)",최초 공개: 2020. 7. 23.,only jx,넘 멋져요!!!!화팅!!!!,9개월 전,종이의 TV,1.1천,5,2
"[블랙시위] 센언니 등장! '2030들아 공부 좀 해!!' (부정선거, 우리가 나서야 하는 이유)",최초 공개: 2020. 7. 23.,정의로운세상choi,센언니 감사해요 수고 많으세요,8개월 전,종이의 TV,1.1천,5,1
"[블랙시위] 센언니 등장! '2030들아 공부 좀 해!!' (부정선거, 우리가 나서야 하는 이유)",최초 공개: 2020. 7. 23.,이광희,화이팅입니다!👍👍👍👍👍입니다!!!,8개월 전,종이의 TV,1.1천,5,2
"[블랙시위] 센언니 등장! '2030들아 공부 좀 해!!' (부정선거, 우리가 나서야 하는 이유)",최초 공개: 2020. 7. 23.,보라돌이,차량 행진 지휘하시는거 넘 멋지세염 걸크러쉬 지대루! ㅎㅎㅎ멋진여성분 두분이 차량위에서 지휘하시니 더 많은 울 2030여자들 나갑시다,9개월 전,종이의 TV,1.1천,5,2
"[블랙시위] 센언니 등장! '2030들아 공부 좀 해!!' (부정선거, 우리가 나서야 하는 이유)",최초 공개: 2020. 7. 23.,Jinaumma S,센언니가아니라 깨시민. 민주시민~!!!!!!!!!!♡,9개월 전,종이의 TV,1.1천,5,1
"[블랙시위] 센언니 등장! '2030들아 공부 좀 해!!' (부정선거, 우리가 나서야 하는 이유)",최초 공개: 2020. 7. 23.,TV맘마미아,너무 이쁜 언니! 최고! 파급효과가 있겠어요. 멋져요!,9개월 전,종이의 TV,1.1천,5,2
"[블랙시위] 센언니 등장! '2030들아 공부 좀 해!!' (부정선거, 우리가 나서야 하는 이유)",최초 공개: 2020. 7. 23.,이강미이강미,와옳은소리오랜만에듣네!,9개월 전,종이의 TV,1.1천,5,1
"[블랙시위] 센언니 등장! '2030들아 공부 좀 해!!' (부정선거, 우리가 나서야 하는 이유)",최초 공개: 2020. 7. 23.,Kim Sun,"현명하고 용기있으신 센언니, 적극 응원합니다!",7개월 전,종이의 TV,1.1천,5,1
"[블랙시위] 센언니 등장! '2030들아 공부 좀 해!!' (부정선거, 우리가 나서야 하는 이유)",최초 공개: 2020. 7. 23.,김미순,쎈언니  화이팅 ~~,7개월 전,종이의 TV,1.1천,5,0
"[블랙시위] 센언니 등장! '2030들아 공부 좀 해!!' (부정선거, 우리가 나서야 하는 이유)",최초 공개: 2020. 7. 23.,Question Q,멋있다!!!!,7개월 전,종이의 TV,1.1천,5,0
"[블랙시위] 센언니 등장! '2030들아 공부 좀 해!!' (부정선거, 우리가 나서야 하는 이유)",최초 공개: 2020. 7. 23.,나라 망친 문재앙 병신새끼 씨발년!!!,저 아가씨 청년화랑TV 멤버 같은뎅?? ㅋㅋㅋ,7개월 전,종이의 TV,1.1천,5,0
"[블랙시위] 센언니 등장! '2030들아 공부 좀 해!!' (부정선거, 우리가 나서야 하는 이유)",최초 공개: 2020. 7. 23.,Makelele Claude,지금 이분 어떻게 지내는지 궁금하네,2개월 전,종이의 TV,1.1천,5,0
"[블랙시위] 센언니 등장! '2030들아 공부 좀 해!!' (부정선거, 우리가 나서야 하는 이유)",최초 공개: 2020. 7. 23.,십자가나무,2030은 그냥 돈만버는것만 좋아해요... 그냥 돈공부 ㅎㅎㅎㅎ 깨어나는 극소수가 나라를 이끌어가야 애국입니다!!아니면 이나라 뜨는게 현명하죠  이민자들이 부러운 세상,9개월 전(수정됨),종이의 TV,1.1천,5,7
"[블랙시위] 센언니 등장! '2030들아 공부 좀 해!!' (부정선거, 우리가 나서야 하는 이유)",최초 공개: 2020. 7. 23.,공감touch,자주 나와주세요. 깨어납시다   미인이 훌륭하기까지해도 되는건가요~~,7개월 전,종이의 TV,1.1천,5,0
"[블랙시위] 센언니 등장! '2030들아 공부 좀 해!!' (부정선거, 우리가 나서야 하는 이유)",최초 공개: 2020. 7. 23.,개좋은날,훌륭한 멋진 여성분 이군요,9개월 전,종이의 TV,1.1천,5,1
"[블랙시위] 센언니 등장! '2030들아 공부 좀 해!!' (부정선거, 우리가 나서야 하는 이유)",최초 공개: 2020. 7. 23.,권권연미,"종이님 창원인데 8,15 광화문 집회 몇시까지 가면되나요 ??",8개월 전,종이의 TV,1.1천,5,0
"[블랙시위] 센언니 등장! '2030들아 공부 좀 해!!' (부정선거, 우리가 나서야 하는 이유)",최초 공개: 2020. 7. 23.,Jinaumma S,"북,중공처럼 살고싶지않으면 2030공부좀해라~!!",9개월 전,종이의 TV,1.1천,5,1
"[블랙시위] 센언니 등장! '2030들아 공부 좀 해!!' (부정선거, 우리가 나서야 하는 이유)",최초 공개: 2020. 7. 23.,이선의,중공때문에  통일 못한 우리나라.ㅜ#인해전술 #차이나게이트#부정선거  개표#우한코로나,9개월 전(수정됨),종이의 TV,1.1천,5,0
"[블랙시위] 센언니 등장! '2030들아 공부 좀 해!!' (부정선거, 우리가 나서야 하는 이유)",최초 공개: 2020. 7. 23.,김광수,고생많으시네요 ᆢ 애국시민들  ᆢ 나갑니다 ᆢ 대한민국을 살려야 됩니다 ᆢ,7개월 전,종이의 TV,1.1천,5,1
"[블랙시위] 센언니 등장! '2030들아 공부 좀 해!!' (부정선거, 우리가 나서야 하는 이유)",최초 공개: 2020. 7. 23.,붕어빵붕어빵,불쌍한사람들,7개월 전,종이의 TV,1.1천,5,0
"[블랙시위] 센언니 등장! '2030들아 공부 좀 해!!' (부정선거, 우리가 나서야 하는 이유)",최초 공개: 2020. 7. 23.,정은,멋진언니 대박!!!!!이렇게 건강한 역사의식을 가지고 있다면 자유대한민국을 굳건히 지킬수 있을것 같습니다   대깨문들 역사공부좀 제대로하자 !!!,9개월 전,종이의 TV,1.1천,5,2
