﻿Title,Date,ID,Comment,Comment_date,Channel,Like,Dislike,Comment_like
[밀착취재] 더불어민주당 박영선 후보 2030선거대책위원회 출범식,실시간 스트리밍 시작일: 2021. 3. 22.,박냉주,"""서울의 소리"" 최고!감사합니다^-^",1개월 전,서울의소리 Voice of Seoul,936,15,19
[밀착취재] 더불어민주당 박영선 후보 2030선거대책위원회 출범식,실시간 스트리밍 시작일: 2021. 3. 22.,Sunny Park,박영선 서울시장 가즈아‼️💙💙,1개월 전,서울의소리 Voice of Seoul,936,15,9
[밀착취재] 더불어민주당 박영선 후보 2030선거대책위원회 출범식,실시간 스트리밍 시작일: 2021. 3. 22.,인생정치같네,박범계장관님이 한명숙 모해위증사건 검사감찰 시민공개한다고 하니 이번기회에 시민들이 알게해야 됩니다.여러 일반시민단체와 언론기자와 종교계 학회 등 참여시켜야 됩니다.전국민의 모해위증사건 감찰결과 전국참여운동을 합시다.유튜브 방송인이 나서서 국민청원을 올려서 전국민에게 방송으로 알립시다.이보다 더 좋은 결과가 어디있읍니까? 꼭 방송인들이 힘을 모아주세요..,1개월 전,서울의소리 Voice of Seoul,936,15,9
[밀착취재] 더불어민주당 박영선 후보 2030선거대책위원회 출범식,실시간 스트리밍 시작일: 2021. 3. 22.,불사조,행동으로실천하는시장님되어주셔요 노력에댓가는🧧행복입니다 👍 🙏 밤낮으로기원합니다,1개월 전,서울의소리 Voice of Seoul,936,15,7
[밀착취재] 더불어민주당 박영선 후보 2030선거대책위원회 출범식,실시간 스트리밍 시작일: 2021. 3. 22.,icandoit jsw,박영선후보님~시장으로~민주당파이팅!서울의소리 초심님 기자분들 수고하십니다^^감사합니다~사전투표~투표로 응징합시다!,1개월 전(수정됨),서울의소리 Voice of Seoul,936,15,16
[밀착취재] 더불어민주당 박영선 후보 2030선거대책위원회 출범식,실시간 스트리밍 시작일: 2021. 3. 22.,이안나,박 영선 홧 팅 ....♡♡♡서울시장 가자 ...♡♡♡응원합니다 ...♡♡♡♡사랑 합니다 ...♡♡♡♡,1개월 전,서울의소리 Voice of Seoul,936,15,6
[밀착취재] 더불어민주당 박영선 후보 2030선거대책위원회 출범식,실시간 스트리밍 시작일: 2021. 3. 22.,채널설명,응원합니다,1개월 전,서울의소리 Voice of Seoul,936,15,5
[밀착취재] 더불어민주당 박영선 후보 2030선거대책위원회 출범식,실시간 스트리밍 시작일: 2021. 3. 22.,진백골,부동산 투기꾼 비리 종합세트 5세발 입니다 크크 크크 겜도 안되는게 나와서 지랄염병을 하고 있는데 70대 어른들이 정말 싫어 하네요,1개월 전,서울의소리 Voice of Seoul,936,15,11
[밀착취재] 더불어민주당 박영선 후보 2030선거대책위원회 출범식,실시간 스트리밍 시작일: 2021. 3. 22.,배용한,국민짐  비리종합세트 각종비리의 집합체 들  오세훈 박형준  탈탈 털어 주자,1개월 전,서울의소리 Voice of Seoul,936,15,9
[밀착취재] 더불어민주당 박영선 후보 2030선거대책위원회 출범식,실시간 스트리밍 시작일: 2021. 3. 22.,자스민박,서울시장 박영선  부산시장 김영춘 갑시다 화이팅  ~^^,1개월 전,서울의소리 Voice of Seoul,936,15,5
[밀착취재] 더불어민주당 박영선 후보 2030선거대책위원회 출범식,실시간 스트리밍 시작일: 2021. 3. 22.,김김명진,응원합니다그리고시장에당선될것입니다적은액이지만함께동참합니다,1개월 전,서울의소리 Voice of Seoul,936,15,5
[밀착취재] 더불어민주당 박영선 후보 2030선거대책위원회 출범식,실시간 스트리밍 시작일: 2021. 3. 22.,김익현,화이팅 입니다.~~~~,1개월 전,서울의소리 Voice of Seoul,936,15,5
[밀착취재] 더불어민주당 박영선 후보 2030선거대책위원회 출범식,실시간 스트리밍 시작일: 2021. 3. 22.,김정숙,박영선솨이팅,1개월 전,서울의소리 Voice of Seoul,936,15,12
[밀착취재] 더불어민주당 박영선 후보 2030선거대책위원회 출범식,실시간 스트리밍 시작일: 2021. 3. 22.,김정숙,화이팅,1개월 전,서울의소리 Voice of Seoul,936,15,11
[밀착취재] 더불어민주당 박영선 후보 2030선거대책위원회 출범식,실시간 스트리밍 시작일: 2021. 3. 22.,조귀옥,아자아자!!! 박영선!!!화이팅!!!,1개월 전,서울의소리 Voice of Seoul,936,15,5
[밀착취재] 더불어민주당 박영선 후보 2030선거대책위원회 출범식,실시간 스트리밍 시작일: 2021. 3. 22.,케인코르소,영선이누나 시장가자~~~♡,1개월 전,서울의소리 Voice of Seoul,936,15,4
[밀착취재] 더불어민주당 박영선 후보 2030선거대책위원회 출범식,실시간 스트리밍 시작일: 2021. 3. 22.,V Y,화이팅,1개월 전,서울의소리 Voice of Seoul,936,15,3
[밀착취재] 더불어민주당 박영선 후보 2030선거대책위원회 출범식,실시간 스트리밍 시작일: 2021. 3. 22.,김용웅,세훈이다 그냥 발라버리자,1개월 전,서울의소리 Voice of Seoul,936,15,18
[밀착취재] 더불어민주당 박영선 후보 2030선거대책위원회 출범식,실시간 스트리밍 시작일: 2021. 3. 22.,이태윤,청년정책 전부 생색 내기,1개월 전,서울의소리 Voice of Seoul,936,15,0
[밀착취재] 더불어민주당 박영선 후보 2030선거대책위원회 출범식,실시간 스트리밍 시작일: 2021. 3. 22.,문미복,꼭 되십시오그리 되실겁니다기도합니다국짐당 것들이 지버릇 개못주고언론 동원하고 또 조작질 하고 있지만..지금은 20년전이 아니고..깨시민들이많아졌거든요박시장님..미리 축하드립니다 끝까지 힘내세요~^^,1개월 전,서울의소리 Voice of Seoul,936,15,8
[밀착취재] 더불어민주당 박영선 후보 2030선거대책위원회 출범식,실시간 스트리밍 시작일: 2021. 3. 22.,이수자,영선이 ㄹㅈ해도 이젠 안된다.그렇게 촛불 들고 성실히 살았는데...집값 너무 올라 자실하고 싶고 살기 넘 힘들다.,1개월 전,서울의소리 Voice of Seoul,936,15,5
[밀착취재] 더불어민주당 박영선 후보 2030선거대책위원회 출범식,실시간 스트리밍 시작일: 2021. 3. 22.,이종율,유극중고수 섭외하라,1개월 전,서울의소리 Voice of Seoul,936,15,1
[밀착취재] 더불어민주당 박영선 후보 2030선거대책위원회 출범식,실시간 스트리밍 시작일: 2021. 3. 22.,전정렬,홍보를많이해야되고부동산문제에단호함을보여야됨,1개월 전,서울의소리 Voice of Seoul,936,15,1
[밀착취재] 더불어민주당 박영선 후보 2030선거대책위원회 출범식,실시간 스트리밍 시작일: 2021. 3. 22.,이상명,필승!,1개월 전,서울의소리 Voice of Seoul,936,15,6
[밀착취재] 더불어민주당 박영선 후보 2030선거대책위원회 출범식,실시간 스트리밍 시작일: 2021. 3. 22.,토착왜구out,서울의소리 응원합니다,1개월 전,서울의소리 Voice of Seoul,936,15,4
[밀착취재] 더불어민주당 박영선 후보 2030선거대책위원회 출범식,실시간 스트리밍 시작일: 2021. 3. 22.,최명희,박영선   핫~~~팅              입니다,1개월 전,서울의소리 Voice of Seoul,936,15,3
[밀착취재] 더불어민주당 박영선 후보 2030선거대책위원회 출범식,실시간 스트리밍 시작일: 2021. 3. 22.,이향분,"박영선,하이팅",1개월 전,서울의소리 Voice of Seoul,936,15,5
[밀착취재] 더불어민주당 박영선 후보 2030선거대책위원회 출범식,실시간 스트리밍 시작일: 2021. 3. 22.,이태윤,일반인들은 답이 보이는데정치인들은 머리가 어찌됐나뭘 모르네,1개월 전,서울의소리 Voice of Seoul,936,15,1
[밀착취재] 더불어민주당 박영선 후보 2030선거대책위원회 출범식,실시간 스트리밍 시작일: 2021. 3. 22.,윤선례,박영선 파이팅,1개월 전,서울의소리 Voice of Seoul,936,15,3
[밀착취재] 더불어민주당 박영선 후보 2030선거대책위원회 출범식,실시간 스트리밍 시작일: 2021. 3. 22.,문민주진영30년,박영선서울시장깜 충분합니다,1개월 전,서울의소리 Voice of Seoul,936,15,6
[밀착취재] 더불어민주당 박영선 후보 2030선거대책위원회 출범식,실시간 스트리밍 시작일: 2021. 3. 22.,남자하늘,💖100%💖당선.🌷서울🌷시장님🌷 🌷박영선🌷 🌷더불어💖민주당💖입니다💖,1개월 전,서울의소리 Voice of Seoul,936,15,12
[밀착취재] 더불어민주당 박영선 후보 2030선거대책위원회 출범식,실시간 스트리밍 시작일: 2021. 3. 22.,장금옥,박영선 화이팅!!!  한다면 한다,1개월 전,서울의소리 Voice of Seoul,936,15,3
[밀착취재] 더불어민주당 박영선 후보 2030선거대책위원회 출범식,실시간 스트리밍 시작일: 2021. 3. 22.,최정도,#합니다박영선_1할께요_응원합니다,1개월 전,서울의소리 Voice of Seoul,936,15,5
[밀착취재] 더불어민주당 박영선 후보 2030선거대책위원회 출범식,실시간 스트리밍 시작일: 2021. 3. 22.,이태윤,보이소 사전투표는조작이라고 들었어요,1개월 전,서울의소리 Voice of Seoul,936,15,1
[밀착취재] 더불어민주당 박영선 후보 2030선거대책위원회 출범식,실시간 스트리밍 시작일: 2021. 3. 22.,손영배,2030도  많이   투표해서   박영선 후보    힘실어 ㅜ세요  꼭   당선되세요,1개월 전,서울의소리 Voice of Seoul,936,15,2
[밀착취재] 더불어민주당 박영선 후보 2030선거대책위원회 출범식,실시간 스트리밍 시작일: 2021. 3. 22.,박영아,박영선장관님. 서울시장. 되십시요멀리서. 기도합니다 🙏,1개월 전,서울의소리 Voice of Seoul,936,15,13
[밀착취재] 더불어민주당 박영선 후보 2030선거대책위원회 출범식,실시간 스트리밍 시작일: 2021. 3. 22.,이태윤,허경영정책 적극 지지,1개월 전,서울의소리 Voice of Seoul,936,15,0
[밀착취재] 더불어민주당 박영선 후보 2030선거대책위원회 출범식,실시간 스트리밍 시작일: 2021. 3. 22.,김명희,박영선  홧팅.!!로또1등소원이였지만다 필요없고  박영선 시장당선이게 소원이다.꼭 ! 꼭  !승리하세요~^^,1개월 전(수정됨),서울의소리 Voice of Seoul,936,15,6
[밀착취재] 더불어민주당 박영선 후보 2030선거대책위원회 출범식,실시간 스트리밍 시작일: 2021. 3. 22.,조귀옥,미얀마 꼴 나지 않으려면 투표들 정신차리고 합시다.,1개월 전,서울의소리 Voice of Seoul,936,15,3
[밀착취재] 더불어민주당 박영선 후보 2030선거대책위원회 출범식,실시간 스트리밍 시작일: 2021. 3. 22.,이태윤,국가배당금당 적극지지,1개월 전,서울의소리 Voice of Seoul,936,15,1
[밀착취재] 더불어민주당 박영선 후보 2030선거대책위원회 출범식,실시간 스트리밍 시작일: 2021. 3. 22.,이태윤,보이소이상태로 지원 해주면나라 망한다,1개월 전,서울의소리 Voice of Seoul,936,15,1
[밀착취재] 더불어민주당 박영선 후보 2030선거대책위원회 출범식,실시간 스트리밍 시작일: 2021. 3. 22.,mr min,"서울시민, 부산시민이 가장 원하는 것이 무엇인지를 잘 모니터링해서 동떨어진 공략말고 목소리에 맞는 공략이 제시되어야한다. 부동산부패기득권이 선동질로 집한채 가지고 있는 사람들조차 지들편으로 만들고 있는데 뭔가 전달이 잘못되고 있는거 같다. 부동산기득권층이라 해도 정의로운 사람들이 있을텐데 이들을 적극발굴해서 도움을 청해야된다. 그리고 요즈음 주식투자하는 국민이 점점 많아지는데 겨우 주식투자 시작했는데 국민연금은 수익성도 안좋은 해외나 채권에 투자를 더 많이 한다고 수익성 좋은 국내 주식을 3개월 가까이 팔고 있어 개인의 손실을 초래하고 있습니다.  옛날 규정이 잘못되었으면 빨리 시정을해야되는데 옛날에 해 놓은거라고 어쩔 수 없다고 지속적으로 매도행진만 해대고 불법공매도 시스템도 만드다고 하더니 공매도금지 해제가 얼마 안 남았는데도 제대로된 시스템개발도 없이 시간만 보내고 있으니 주식시장이 개인소액주주에게 불리하다는 것을 느낀 개인의 불만이 하늘을 찌르고 있는데 부동산시장을 잡으려면 주식시장을 활성화를 시켜서 재테크시장을 열어줘야하는데 부동산 죽이고 주식시장죽인다고 민심이 정말 안좋습니다. 민주당은 정말 정신차려야할듯요. 개혁도 지도자로 선택되어야 개혁을 할 수 있는거죠. 선택조차 못 받으면 개혁은 못하는거잖아요. 민주다은 민심을 정말 잘 파악해야합니다.  주식투자하는 개인 천만인구이고 가족까지치면 3천만인구가 달려있습니다. 여론을 제대로 파악해야합니다.",1개월 전,서울의소리 Voice of Seoul,936,15,1
[밀착취재] 더불어민주당 박영선 후보 2030선거대책위원회 출범식,실시간 스트리밍 시작일: 2021. 3. 22.,이종율,유명 스포츠인물 문화예술계 적극섭외 전면에 내세워라 예 탈렌트 김영철 유재석 박찬호유극중교수 대중가요 김동건 국민에유명한분을섭외 선대위  홍보에 적극활용하라,1개월 전,서울의소리 Voice of Seoul,936,15,2
[밀착취재] 더불어민주당 박영선 후보 2030선거대책위원회 출범식,실시간 스트리밍 시작일: 2021. 3. 22.,이태윤,인물이 하나도 없어요,1개월 전,서울의소리 Voice of Seoul,936,15,0
[밀착취재] 더불어민주당 박영선 후보 2030선거대책위원회 출범식,실시간 스트리밍 시작일: 2021. 3. 22.,법례임,박영선 후보님  힘내세요,1개월 전,서울의소리 Voice of Seoul,936,15,1
[밀착취재] 더불어민주당 박영선 후보 2030선거대책위원회 출범식,실시간 스트리밍 시작일: 2021. 3. 22.,맥더글라스,박영선 후보 서울시장 당선을 기원합니다,1개월 전,서울의소리 Voice of Seoul,936,15,1
[밀착취재] 더불어민주당 박영선 후보 2030선거대책위원회 출범식,실시간 스트리밍 시작일: 2021. 3. 22.,이태윤,세금 그만큼 갔다쓰고도후원 받나,1개월 전,서울의소리 Voice of Seoul,936,15,0
[밀착취재] 더불어민주당 박영선 후보 2030선거대책위원회 출범식,실시간 스트리밍 시작일: 2021. 3. 22.,최영심,승리합시다 꼭 승리합시다 박영선 화이텅 만세,1개월 전,서울의소리 Voice of Seoul,936,15,0
[밀착취재] 더불어민주당 박영선 후보 2030선거대책위원회 출범식,실시간 스트리밍 시작일: 2021. 3. 22.,Diana Chang,박영선 후보님은 독일의훌륭한 여성 총리님 처럼 부패없는 훌륭하하신 서울시의 시장님이 되시리라 봅니다. 오세훈 처럼 부패만 저질른 사람은  시장이되면 여러분들의 혈세를 통채로 말아 먹을수 있으니 자상하시고 인자하신 박영선 같으신분이 되야만 나라가 투명 해집니다.,1개월 전,서울의소리 Voice of Seoul,936,15,3
[밀착취재] 더불어민주당 박영선 후보 2030선거대책위원회 출범식,실시간 스트리밍 시작일: 2021. 3. 22.,김선희,박영선 후보님 승리하십시오!! 서울을 지켜주세요,1개월 전,서울의소리 Voice of Seoul,936,15,4
[밀착취재] 더불어민주당 박영선 후보 2030선거대책위원회 출범식,실시간 스트리밍 시작일: 2021. 3. 22.,cm JUNG,오세훈은 부동산투기꾼임은물론 흘러간물로는 물레방아를 돌릴수없듯이 아동무상급식반대로  시장직을버린자에게 깨어있는서울시민들이 표를 주겠는가 절대 안주실거라본다,1개월 전,서울의소리 Voice of Seoul,936,15,4
[밀착취재] 더불어민주당 박영선 후보 2030선거대책위원회 출범식,실시간 스트리밍 시작일: 2021. 3. 22.,박병용,국민의 짐 비리종합선물셑트 박영선 100퍼센트 이깁니다,1개월 전,서울의소리 Voice of Seoul,936,15,4
[밀착취재] 더불어민주당 박영선 후보 2030선거대책위원회 출범식,실시간 스트리밍 시작일: 2021. 3. 22.,Diana Chang,국힘당 비리셋트 들의 비리는 차고 넘치는데도 모두 덮어주고 자기들 부정의비하면  빙산의 일각인  민주당쪽의 일들을 드쳐내며 선거에 이용하려고 적패들이 거짓을 만들어 확대 하며  난리를치고 있으니 깨 시민님 들께서는 중심을 잃지 마시고 박영선입니다,1개월 전,서울의소리 Voice of Seoul,936,15,2
[밀착취재] 더불어민주당 박영선 후보 2030선거대책위원회 출범식,실시간 스트리밍 시작일: 2021. 3. 22.,김정임,민주당화이팅,1개월 전,서울의소리 Voice of Seoul,936,15,1
[밀착취재] 더불어민주당 박영선 후보 2030선거대책위원회 출범식,실시간 스트리밍 시작일: 2021. 3. 22.,모란,박영선  꼭 서울시장되십시요,1개월 전,서울의소리 Voice of Seoul,936,15,1
[밀착취재] 더불어민주당 박영선 후보 2030선거대책위원회 출범식,실시간 스트리밍 시작일: 2021. 3. 22.,조귀옥,우리나리의 미래는 민주당밖에 없습니다.국짐당을 비롯 적폐 세력들은 청년들에게 무슨 미래를 줄 수 있겠습니까.우리나라를 이끌어갈 청년들의 옳은 정의와 미래를 위해서 꼭 민주당이 서울 시장이 되셔야 합니다.오세훈씨가 당선돼서 할 수 있는 일이 뭡니까? 전광훈이를 광화문으로 불러내서 서울을 개판을 만드는 일 밖에 할 수 없습니다.,1개월 전,서울의소리 Voice of Seoul,936,15,4
[밀착취재] 더불어민주당 박영선 후보 2030선거대책위원회 출범식,실시간 스트리밍 시작일: 2021. 3. 22.,박병용,박영선 하이팅 꼭 승리해야 합니다 mb아바타  오세훈 후보 꼭  꺽어야만합니다  박영선 하이팅,1개월 전,서울의소리 Voice of Seoul,936,15,1
[밀착취재] 더불어민주당 박영선 후보 2030선거대책위원회 출범식,실시간 스트리밍 시작일: 2021. 3. 22.,이태윤,허경영은 다 알고 있다,1개월 전,서울의소리 Voice of Seoul,936,15,0
[밀착취재] 더불어민주당 박영선 후보 2030선거대책위원회 출범식,실시간 스트리밍 시작일: 2021. 3. 22.,정태,에휴 유사언론,1개월 전,서울의소리 Voice of Seoul,936,15,1
[밀착취재] 더불어민주당 박영선 후보 2030선거대책위원회 출범식,실시간 스트리밍 시작일: 2021. 3. 22.,김재근,박영선.서울시장분명당선됩니다.화이팅팅팅,1개월 전,서울의소리 Voice of Seoul,936,15,2
[밀착취재] 더불어민주당 박영선 후보 2030선거대책위원회 출범식,실시간 스트리밍 시작일: 2021. 3. 22.,모란,박영선   반드시  서울시  시장 되여 야만합니다,1개월 전,서울의소리 Voice of Seoul,936,15,0
[밀착취재] 더불어민주당 박영선 후보 2030선거대책위원회 출범식,실시간 스트리밍 시작일: 2021. 3. 22.,sung wy,박영선 후보님 힘내세요. 존경합니다 .화이팅 입니다 ~,1개월 전,서울의소리 Voice of Seoul,936,15,1
[밀착취재] 더불어민주당 박영선 후보 2030선거대책위원회 출범식,실시간 스트리밍 시작일: 2021. 3. 22.,이주현,박영선후보님 꼭승리하세여 응원합니다 👍👍👍,1개월 전,서울의소리 Voice of Seoul,936,15,2
[밀착취재] 더불어민주당 박영선 후보 2030선거대책위원회 출범식,실시간 스트리밍 시작일: 2021. 3. 22.,김용갑,박영선후보 화이팅 입니다..썩은 적폐들을 몰아내고 새로운 서울을 만들길 바랍니다 배고픈아이들 무상급식 반대하고 처가 땅은 노란자위에 땅으로 둔갑시켜 셀프보상한 정책밖에 없는 자가 또 시장자리를 넘보는 뻔뻔함을 처참하게 뭉개주시길....,1개월 전,서울의소리 Voice of Seoul,936,15,1
[밀착취재] 더불어민주당 박영선 후보 2030선거대책위원회 출범식,실시간 스트리밍 시작일: 2021. 3. 22.,오양교,민주진영 박영선장관님 적극지지함니다 서울시장 당선 해 주세요!👍1 번임니다!부천시 더불어 민주당 당원올림 !~~^^,1개월 전,서울의소리 Voice of Seoul,936,15,4
[밀착취재] 더불어민주당 박영선 후보 2030선거대책위원회 출범식,실시간 스트리밍 시작일: 2021. 3. 22.,김태백,박영선후보님.화이팅입니다.서울시장꼭되시길.후원합니다.제주입니다.,1개월 전,서울의소리 Voice of Seoul,936,15,0
[밀착취재] 더불어민주당 박영선 후보 2030선거대책위원회 출범식,실시간 스트리밍 시작일: 2021. 3. 22.,박냉주,더불어 민주당 화이팅!!!,1개월 전,서울의소리 Voice of Seoul,936,15,13
[밀착취재] 더불어민주당 박영선 후보 2030선거대책위원회 출범식,실시간 스트리밍 시작일: 2021. 3. 22.,꺼벙이,민주당 최고  박영선 시장 확정,1개월 전,서울의소리 Voice of Seoul,936,15,0
[밀착취재] 더불어민주당 박영선 후보 2030선거대책위원회 출범식,실시간 스트리밍 시작일: 2021. 3. 22.,김건강,"영선아, 시장가자! 제 주변은 박영선 후보님 지지자들이 너무 많습니다여론조사시 무조건 거절하고 , 한방으로 보낼려고 그날을 기다리고 있습니다능력과 행정,포용력을 겸비한 서울시장 후보 박영선! 화이팅!!!",1개월 전,서울의소리 Voice of Seoul,936,15,9
[밀착취재] 더불어민주당 박영선 후보 2030선거대책위원회 출범식,실시간 스트리밍 시작일: 2021. 3. 22.,이태윤,이나라 살릴거면 허경영 하고손잡으소,1개월 전,서울의소리 Voice of Seoul,936,15,0
[밀착취재] 더불어민주당 박영선 후보 2030선거대책위원회 출범식,실시간 스트리밍 시작일: 2021. 3. 22.,최영숙,민주당힘내세요.박영선화이딩가자가자승리길,1개월 전,서울의소리 Voice of Seoul,936,15,2
[밀착취재] 더불어민주당 박영선 후보 2030선거대책위원회 출범식,실시간 스트리밍 시작일: 2021. 3. 22.,장우인,촛불이꺼지면 나라가망한다  촛불은 절대 꺼지지않는다 탄핵당한 국짐암당이 절대 촛불을 끄지못한다 박영선후보님 끝내 이기리라 생각합니다 민주당화이팅🇧🇱💙💙💙💙💙👍👍👍👍👍 👌👌👌👌👌 🇰🇷🇰🇷🇰🇷🇰🇷🇰🇷 🏆🏆🏆🏆🏆 😃😃😃😃😃  날마다 웃는날이  됩시다,1개월 전,서울의소리 Voice of Seoul,936,15,2
[밀착취재] 더불어민주당 박영선 후보 2030선거대책위원회 출범식,실시간 스트리밍 시작일: 2021. 3. 22.,수용소정치범,응~렉서스 타고 야스쿠니 뷰 아파트 안뽑아,1개월 전,서울의소리 Voice of Seoul,936,15,1
[밀착취재] 더불어민주당 박영선 후보 2030선거대책위원회 출범식,실시간 스트리밍 시작일: 2021. 3. 22.,양준기,"뽑아주면 뭐할건지""~? 사라진 180~? 뽑아준 사람들의 촛불배신 ~?적폐청산의 하리라이트에서 도망갈길 고속도로 만들어준 박범계~! 당신들 뽑아주면 배신~?  번지르르한 공약~! 당신들에게 주어진 역사적 소명인 적폐청산은 손놓아 버리고 뭐하자는것입니까? 온힘다해 뽑아준 당신들~ 그동안 뭐했어~!!! 이제그만 말로만 뻥 뻥 하지마시고 ~?차마 국힘당은 찍을수 없고~!아이고 머리야~! 박범계부터 청산하세요!!! 박 사면하자는 양반도 서있구먼~!!!",1개월 전(수정됨),서울의소리 Voice of Seoul,936,15,4
[밀착취재] 더불어민주당 박영선 후보 2030선거대책위원회 출범식,실시간 스트리밍 시작일: 2021. 3. 22.,김태백,더불어민주당.힘내시고.박후보님.꼭당선됩니다.저도제주서한번후보님뵈습니다.파이팅.,1개월 전,서울의소리 Voice of Seoul,936,15,0
[밀착취재] 더불어민주당 박영선 후보 2030선거대책위원회 출범식,실시간 스트리밍 시작일: 2021. 3. 22.,알붕어,백은종 기자님  국회사무처 사단법인미래청년    정치중립위반  해체하라고하세요  박형준 만든 대표이사가  정ㅇㅇ 박후보비서관시절  게임업체 뇌물먹고  징역2년살고 이단체 대표이사   세금낭비 관변단체 박후보 선거캠프 운동중    이준석도 여기출신,1개월 전(수정됨),서울의소리 Voice of Seoul,936,15,0
[밀착취재] 더불어민주당 박영선 후보 2030선거대책위원회 출범식,실시간 스트리밍 시작일: 2021. 3. 22.,조귀옥,서민들이 이 코로나 정국에이만큼이라도 살아갈수 있는건 그나마 문대통령과민주당의 빈틈없는 복지 덕분이라 생각합니다.저 국힘당일당들의 행태를보세요. 주호용 23억 박덕흠은 숫자가 얼만지도모르는비리 또 부산시장후보 박머시기 LCT아파트로 40억 진짜 지들만의 세상!  왜 청년들이 그걸 모르는체 하는지 정신들 차리세요 청년들...개판 끌고가는 윤씨의 죄와 비리는 나열도 못해요..,1개월 전,서울의소리 Voice of Seoul,936,15,2
[밀착취재] 더불어민주당 박영선 후보 2030선거대책위원회 출범식,실시간 스트리밍 시작일: 2021. 3. 22.,토끼,부저 ㅇ투표 나 하지 마라이것들아,1개월 전,서울의소리 Voice of Seoul,936,15,2
[밀착취재] 더불어민주당 박영선 후보 2030선거대책위원회 출범식,실시간 스트리밍 시작일: 2021. 3. 22.,주신본좌,원고읽지말고  허경영처럼  머리에서 나와야지  죄다  머리쳐박고 읽고있네,1개월 전,서울의소리 Voice of Seoul,936,15,4
[밀착취재] 더불어민주당 박영선 후보 2030선거대책위원회 출범식,실시간 스트리밍 시작일: 2021. 3. 22.,주신본좌,결국엔 허경영의30년전 공약 살짝바꾼거네?,1개월 전,서울의소리 Voice of Seoul,936,15,2
