﻿Title,Date,ID,Comment,Comment_date,Channel,Like,Dislike,Comment_like
[박정호의 핫스팟] '4.7 재보선 참패 민주당 2030 의원 입장문 발표' / '성찰과 혁신' 민주당 비대위회의 / '민주당 패배 원인과 대책-손병휘 (2021.4.9 오전),실시간 스트리밍 시작일: 2021. 4. 8.,급진2호,내가 화났는데 왜 화났는지 이해를 못하고 저렇게 헛다리 짚으면서 저 혼자 사죄쇼 하는 남친 보는 느낌...,2주 전,OhmynewsTV,좋아요,싫어요,9
[박정호의 핫스팟] '4.7 재보선 참패 민주당 2030 의원 입장문 발표' / '성찰과 혁신' 민주당 비대위회의 / '민주당 패배 원인과 대책-손병휘 (2021.4.9 오전),실시간 스트리밍 시작일: 2021. 4. 8.,코카콜벳cccb01 닷컴,소망하시눈 일 모두 이루시길 기원합니다  코카콜벳  진심으로 인사합니다,1주 전,OhmynewsTV,좋아요,싫어요,0
[박정호의 핫스팟] '4.7 재보선 참패 민주당 2030 의원 입장문 발표' / '성찰과 혁신' 민주당 비대위회의 / '민주당 패배 원인과 대책-손병휘 (2021.4.9 오전),실시간 스트리밍 시작일: 2021. 4. 8.,타비,탈당하고 열민당 간 날 칭찬해❤️,2주 전,OhmynewsTV,좋아요,싫어요,0
[박정호의 핫스팟] '4.7 재보선 참패 민주당 2030 의원 입장문 발표' / '성찰과 혁신' 민주당 비대위회의 / '민주당 패배 원인과 대책-손병휘 (2021.4.9 오전),실시간 스트리밍 시작일: 2021. 4. 8.,송목련,무서워서 숨은 애들 대신에 나와서  화살이며 총알이며 다 맞아가면서 일 했더니 ㅋㅋㅋㅋㅋㅋㅋㅋㅋㅋㅋㅋㅋㅋㅋㅋㅋ그동안 어디에 있었는지 누군지도 모르는 애들이 나와서 반성? 죄송?  사람이면 양심이 좀 있자 제발,2주 전,OhmynewsTV,좋아요,싫어요,0
[박정호의 핫스팟] '4.7 재보선 참패 민주당 2030 의원 입장문 발표' / '성찰과 혁신' 민주당 비대위회의 / '민주당 패배 원인과 대책-손병휘 (2021.4.9 오전),실시간 스트리밍 시작일: 2021. 4. 8.,Suhyun Kim,"다 집에가라.... 아직도 너네 목소리 아니고, 위에 다선들 목소리네...",2주 전,OhmynewsTV,좋아요,싫어요,2
[박정호의 핫스팟] '4.7 재보선 참패 민주당 2030 의원 입장문 발표' / '성찰과 혁신' 민주당 비대위회의 / '민주당 패배 원인과 대책-손병휘 (2021.4.9 오전),실시간 스트리밍 시작일: 2021. 4. 8.,superbnumber,진짜 대환장쇼로군.뭘 잘못했는지 감도 못잡고 있네,2주 전,OhmynewsTV,좋아요,싫어요,3
[박정호의 핫스팟] '4.7 재보선 참패 민주당 2030 의원 입장문 발표' / '성찰과 혁신' 민주당 비대위회의 / '민주당 패배 원인과 대책-손병휘 (2021.4.9 오전),실시간 스트리밍 시작일: 2021. 4. 8.,Ignition!,정신 못차렸네 ㅋㅋㅋ 모를리가 없잖아? 추해 ㅋㅋㅋ,2주 전,OhmynewsTV,좋아요,싫어요,0
[박정호의 핫스팟] '4.7 재보선 참패 민주당 2030 의원 입장문 발표' / '성찰과 혁신' 민주당 비대위회의 / '민주당 패배 원인과 대책-손병휘 (2021.4.9 오전),실시간 스트리밍 시작일: 2021. 4. 8.,닉네임없음,1:14:12 ㅋ 조국때매 국민이 분노했데... 저거 국힘당 국회의원이야?,2주 전(수정됨),OhmynewsTV,좋아요,싫어요,6
[박정호의 핫스팟] '4.7 재보선 참패 민주당 2030 의원 입장문 발표' / '성찰과 혁신' 민주당 비대위회의 / '민주당 패배 원인과 대책-손병휘 (2021.4.9 오전),실시간 스트리밍 시작일: 2021. 4. 8.,닉네임없음,"1:13:50 오영환 ? 민주당이 무능해서 욕하는데, 오만과독선을 반성한다고?? 앞으로 더 아무것도 안하겠다는 말이야??",2주 전(수정됨),OhmynewsTV,좋아요,싫어요,5
[박정호의 핫스팟] '4.7 재보선 참패 민주당 2030 의원 입장문 발표' / '성찰과 혁신' 민주당 비대위회의 / '민주당 패배 원인과 대책-손병휘 (2021.4.9 오전),실시간 스트리밍 시작일: 2021. 4. 8.,블루스드록빠,쇼쇼쇼,2주 전,OhmynewsTV,좋아요,싫어요,1
[박정호의 핫스팟] '4.7 재보선 참패 민주당 2030 의원 입장문 발표' / '성찰과 혁신' 민주당 비대위회의 / '민주당 패배 원인과 대책-손병휘 (2021.4.9 오전),실시간 스트리밍 시작일: 2021. 4. 8.,우리터전,"집값은 작년 10월 OECD에서 표를 냈는데,,, 한국 별로 오른게 아닙니다~~ 세계적으로 코로나에 , 돈을 확풀고, 이저도 싸니까  한국보다 더 많이 많이 올랐다는걸 알기바랍니다!",2주 전(수정됨),OhmynewsTV,좋아요,싫어요,1
[박정호의 핫스팟] '4.7 재보선 참패 민주당 2030 의원 입장문 발표' / '성찰과 혁신' 민주당 비대위회의 / '민주당 패배 원인과 대책-손병휘 (2021.4.9 오전),실시간 스트리밍 시작일: 2021. 4. 8.,Jaihee Lee,지금은 개혁을 안해서 지지철회 안하기 때문에 참패를  한것이다,2주 전,OhmynewsTV,좋아요,싫어요,1
[박정호의 핫스팟] '4.7 재보선 참패 민주당 2030 의원 입장문 발표' / '성찰과 혁신' 민주당 비대위회의 / '민주당 패배 원인과 대책-손병휘 (2021.4.9 오전),실시간 스트리밍 시작일: 2021. 4. 8.,오평열,요번선거의민심은.절으니들은.대출문제.섬세하지못함.비트코인.주식시장.심각성.엘에이치.사건.포털의.문제점.언론의.심각성.답은.언론.개혁이.문제점.청년들에게.전하고싶은.한마디.lh.는누가.만들었나요.청년의.일자리.Mb.시절.정통신부와.곽하키술부.통합.4대가메투자할.돈을.it.투자했으면.이렇게까지는.청년에일자리가.어럽지.안았을것.같아요.지금은.이낙연.이재명.편가르기보다는.뭉처야합니다.코로나19는.흩어저야.이깁니다.대선을위해.깨시민들이여.몽칩시다♡♡♡♡♡,2주 전,OhmynewsTV,좋아요,싫어요,0
[박정호의 핫스팟] '4.7 재보선 참패 민주당 2030 의원 입장문 발표' / '성찰과 혁신' 민주당 비대위회의 / '민주당 패배 원인과 대책-손병휘 (2021.4.9 오전),실시간 스트리밍 시작일: 2021. 4. 8.,이경훈,지금와서 먼 반성이야 ㅋㅋㅋ 어이그 모지리들아 이미 버스 떠난것같다 다음에 볼일 없길 바란다,2주 전,OhmynewsTV,좋아요,싫어요,0
[박정호의 핫스팟] '4.7 재보선 참패 민주당 2030 의원 입장문 발표' / '성찰과 혁신' 민주당 비대위회의 / '민주당 패배 원인과 대책-손병휘 (2021.4.9 오전),실시간 스트리밍 시작일: 2021. 4. 8.,최현정,언론개혁 빨리하세요서울 부산시장들심각합니다철저히 조사하세요언론 기레기 포덜 국짐당 한패거리가되어행동하는데  어찌 이기겠나요빨리 언론개혁  하세요,2주 전,OhmynewsTV,좋아요,싫어요,1
[박정호의 핫스팟] '4.7 재보선 참패 민주당 2030 의원 입장문 발표' / '성찰과 혁신' 민주당 비대위회의 / '민주당 패배 원인과 대책-손병휘 (2021.4.9 오전),실시간 스트리밍 시작일: 2021. 4. 8.,Sophia You,"이쪽 저쪽 눈치를 보면서 옳고 그름을 판단하지 말고, 객관적으로 공정하게 옳고 그름을 판단해야 해야할일을 눈치보지 않고 추진하는 민주당이 될것이다. 무능보다는 적폐를 택한 국민이다. 서초동 조국 수호 집회에 민주당이 한사람이라도 나왔는가? 개검개혁, 언론개혁, 사법개혁, 뭐 하나도 해결하지 못하는 정말 어이없는 무능한 민주당이다. 제발 애정이 남아있을때 180석의 힘을 보여주길.",2주 전,OhmynewsTV,좋아요,싫어요,1
[박정호의 핫스팟] '4.7 재보선 참패 민주당 2030 의원 입장문 발표' / '성찰과 혁신' 민주당 비대위회의 / '민주당 패배 원인과 대책-손병휘 (2021.4.9 오전),실시간 스트리밍 시작일: 2021. 4. 8.,오평열,무엇보다도.언론.개혁이.답입니다.개혁하세요언론.개혁,2주 전,OhmynewsTV,좋아요,싫어요,2
[박정호의 핫스팟] '4.7 재보선 참패 민주당 2030 의원 입장문 발표' / '성찰과 혁신' 민주당 비대위회의 / '민주당 패배 원인과 대책-손병휘 (2021.4.9 오전),실시간 스트리밍 시작일: 2021. 4. 8.,최현정,민주당 초선2030의원들 홧팅응원합니다힘내세요오마이뉴스 홧팅얍으로 좋은 활약 보여주세요,2주 전,OhmynewsTV,좋아요,싫어요,0
[박정호의 핫스팟] '4.7 재보선 참패 민주당 2030 의원 입장문 발표' / '성찰과 혁신' 민주당 비대위회의 / '민주당 패배 원인과 대책-손병휘 (2021.4.9 오전),실시간 스트리밍 시작일: 2021. 4. 8.,급진2호,"오만과 독선, 엄중, 절차적 정의... 앞으로는 그만 듣고 싶다. 아주 질려버림!! 개혁은 조용히 과감하게 하고 지켜달라고 징징대지 말고 너희들이 국민을 좀 지켜줘라.",2주 전,OhmynewsTV,좋아요,싫어요,1
[박정호의 핫스팟] '4.7 재보선 참패 민주당 2030 의원 입장문 발표' / '성찰과 혁신' 민주당 비대위회의 / '민주당 패배 원인과 대책-손병휘 (2021.4.9 오전),실시간 스트리밍 시작일: 2021. 4. 8.,코스5029,민주당 젊은의원님들은잘못없습니다..구태의연한 기존의원들 민주당의 정신과는다른생각으로  당의 뷴열울 획책하는 의원들이 더 큰문제입니다,2주 전,OhmynewsTV,좋아요,싫어요,0
[박정호의 핫스팟] '4.7 재보선 참패 민주당 2030 의원 입장문 발표' / '성찰과 혁신' 민주당 비대위회의 / '민주당 패배 원인과 대책-손병휘 (2021.4.9 오전),실시간 스트리밍 시작일: 2021. 4. 8.,dkeka dkeka,곧폭발한다 한두달후에는 4-5만원이다 애들아 백산수백산 월요일은 상랠리다 14일 대권용 책자발간 전뉴스 보도 한다 백산개미주식다털어먹고있다 12만원목표다 백산세력너들개미주식다털어먹고있다 백산은 대주주가 파는게아니라 55만주 기관이 애걸복걸요구해서 만원대에 넘겨준거다 12만원목표다 백산수가 아닌백산이 최고의황제주다 주식을 할때는 누가 증시에서 가장 윤석렬차기대통령과 가까운기업인가 찾아서 황제주를 매집하면 돈벌지 슈퍼개미 내가 49년경험으로 5년마다 대박내는 비결이지,2주 전,OhmynewsTV,좋아요,싫어요,0
[박정호의 핫스팟] '4.7 재보선 참패 민주당 2030 의원 입장문 발표' / '성찰과 혁신' 민주당 비대위회의 / '민주당 패배 원인과 대책-손병휘 (2021.4.9 오전),실시간 스트리밍 시작일: 2021. 4. 8.,최장석,더블당 국회의원 180석 준것은 발목잡는 국민의짐당 무시하고 검찰개혁 금융개혁 부동산개혁 형평성에 준한하는 법안개혁 하라 준건데 그렇치 못하고 허송 세월만 보내고 무능하게 끌려 허둥지둥 했다 당연한 결과다 이제는 희망이 없는가?이제는 권력의 뒤에 숨은 범법자 들도 큰 소리치고 더욱 잘살겠지 정치 하려면 전노무현 대통령같은 배짱은 있어야 한다 왜구가 독도에 순시선 보내 뭘 조사한다 할때 드러 받아서 침몰 시켜라 했다 우리땅 침략 하는데 전쟁도 불사 해야지 그래서 미국에서 왜구 들한테 잘못 인정했다 그런 강한 정부를...그게뭐야 공무원인 검찰총장 하나 해결 못하고 법치가 코로나 재난 시대에 검찰은 방관하고 일에 머리를 알고 일을해야 싑게하지 가짜는 단호하게 척결이 상책이다...,2주 전,OhmynewsTV,좋아요,싫어요,1
[박정호의 핫스팟] '4.7 재보선 참패 민주당 2030 의원 입장문 발표' / '성찰과 혁신' 민주당 비대위회의 / '민주당 패배 원인과 대책-손병휘 (2021.4.9 오전),실시간 스트리밍 시작일: 2021. 4. 8.,우리터전,"오영환, 당신은  오만과 독선 때문에 민주당이 졌다고????     부동상 핏셋, 수도권에 """"여러 체 가진자들을 임대""""""라는"""""" 꽁수""""""로 덜내게하고 ,, 1채가진 시민들에 세금 올리니,, 많은 서울시민들이 등 돌렸다~~ 1채가진자와, 전세, 월세자의 수가 더 많다는걸 아시요~  그리고 직장인들에게 세금을  자꾸 올리니,,, 젊은이들은 어떻게 집을 살수있아?  전세도 빌려야 하니...검찰개혁과 언론개혁을 미루면 더 민주당은 무 능력이다!! 물렁하니까 적에게 잡혀먹는거다!  LH 비리 과거는 못 캔다고?? 그러니 박덕흠 같은 진짜 부동산투기자를 못잡으니 ,,, 화가난다,,, 그래서  중진들이 받친게 박주민 언론에 받쳤냐??",2주 전(수정됨),OhmynewsTV,좋아요,싫어요,2
