﻿Title,Date,ID,Comment,Comment_date,Channel,Like,Dislike,Comment_like
"[뉴스룸 모아보기] 2030 초선이 내놓은 '참패 진단'에…""탈당하라"" 반발 / JTBC News",2021. 4. 9.,오세영,오영환 수준이 그것밖에 안되나  ㅠㅠㅠ,2주 전,JTBC News,163,29,13
"[뉴스룸 모아보기] 2030 초선이 내놓은 '참패 진단'에…""탈당하라"" 반발 / JTBC News",2021. 4. 9.,조운,9년째 끌고 있는 이해충돌 방지법 .  180석으로 안만든다면  사람이 아니다.,2주 전,JTBC News,163,29,39
"[뉴스룸 모아보기] 2030 초선이 내놓은 '참패 진단'에…""탈당하라"" 반발 / JTBC News",2021. 4. 9.,cat,남탁하는 저런것들이 국회의원이라니,2주 전,JTBC News,163,29,37
"[뉴스룸 모아보기] 2030 초선이 내놓은 '참패 진단'에…""탈당하라"" 반발 / JTBC News",2021. 4. 9.,정종국,저런 애들을 왜 국회의원으로 뽑은거여 ㅜㅜ,2주 전,JTBC News,163,29,25
"[뉴스룸 모아보기] 2030 초선이 내놓은 '참패 진단'에…""탈당하라"" 반발 / JTBC News",2021. 4. 9.,곽태희,국회의원  뺏지  달고  살아보니   뺏지  에   빠져서  다  잃어 버렸네.,2주 전,JTBC News,163,29,9
"[뉴스룸 모아보기] 2030 초선이 내놓은 '참패 진단'에…""탈당하라"" 반발 / JTBC News",2021. 4. 9.,오덕현,우었을 실망했는지 소연씨 정신차려,2주 전,JTBC News,163,29,12
"[뉴스룸 모아보기] 2030 초선이 내놓은 '참패 진단'에…""탈당하라"" 반발 / JTBC News",2021. 4. 9.,빈길,"성별을 떠나서, 죄를 지은 인간은 엄중하게 처벌을 받았으면 좋겠다...불리할 때 성별로 이용하는 방법은 치사함...",2주 전,JTBC News,163,29,22
"[뉴스룸 모아보기] 2030 초선이 내놓은 '참패 진단'에…""탈당하라"" 반발 / JTBC News",2021. 4. 9.,안우영,초선오인 수박이구나 ㅋㅋ,2주 전,JTBC News,163,29,21
"[뉴스룸 모아보기] 2030 초선이 내놓은 '참패 진단'에…""탈당하라"" 반발 / JTBC News",2021. 4. 9.,정창진,"여든야든 자멸의 길로 가고있구나... 인정할 일은 인정하고, 반성할 일은 진심으로 반성하자.",2주 전,JTBC News,163,29,16
"[뉴스룸 모아보기] 2030 초선이 내놓은 '참패 진단'에…""탈당하라"" 반발 / JTBC News",2021. 4. 9.,James P,역사는 반복된다더니 요즘도 철새 정치인들이 많네,2주 전,JTBC News,163,29,9
"[뉴스룸 모아보기] 2030 초선이 내놓은 '참패 진단'에…""탈당하라"" 반발 / JTBC News",2021. 4. 9.,막가즈아,엑스맨들,2주 전,JTBC News,163,29,6
"[뉴스룸 모아보기] 2030 초선이 내놓은 '참패 진단'에…""탈당하라"" 반발 / JTBC News",2021. 4. 9.,막가즈아,근데 이제와서 왜 지ral,2주 전,JTBC News,163,29,6
"[뉴스룸 모아보기] 2030 초선이 내놓은 '참패 진단'에…""탈당하라"" 반발 / JTBC News",2021. 4. 9.,천 개의 바람,"이소영,오영환 실망이다",2주 전,JTBC News,163,29,16
"[뉴스룸 모아보기] 2030 초선이 내놓은 '참패 진단'에…""탈당하라"" 반발 / JTBC News",2021. 4. 9.,김영숙,국의 목소리는 안중에도 없쓰니까 말로만 하면 아니한말 못 하너니,2주 전,JTBC News,163,29,11
"[뉴스룸 모아보기] 2030 초선이 내놓은 '참패 진단'에…""탈당하라"" 반발 / JTBC News",2021. 4. 9.,방재윤,남탓하지말어,2주 전,JTBC News,163,29,10
"[뉴스룸 모아보기] 2030 초선이 내놓은 '참패 진단'에…""탈당하라"" 반발 / JTBC News",2021. 4. 9.,김형,개헉을 하시라고!!!,2주 전,JTBC News,163,29,13
"[뉴스룸 모아보기] 2030 초선이 내놓은 '참패 진단'에…""탈당하라"" 반발 / JTBC News",2021. 4. 9.,Young Jung,ㅋㅋㅋ 허유가 5명이네 ㅋㅋㅋ 아직 원소 진영에 남아서 저 짓거리네 ㅋㅋㅋㅋㅋ 진짜 생각없이 사나보다,2주 전,JTBC News,163,29,12
"[뉴스룸 모아보기] 2030 초선이 내놓은 '참패 진단'에…""탈당하라"" 반발 / JTBC News",2021. 4. 9.,조상현,쟤들 탈당시켜라 국짐가고 싶을텐데,2주 전,JTBC News,163,29,4
"[뉴스룸 모아보기] 2030 초선이 내놓은 '참패 진단'에…""탈당하라"" 반발 / JTBC News",2021. 4. 9.,kwansu jang,좀더 신중하게,2주 전,JTBC News,163,29,9
"[뉴스룸 모아보기] 2030 초선이 내놓은 '참패 진단'에…""탈당하라"" 반발 / JTBC News",2021. 4. 9.,망이,2030초선이야..모.. 당내 나팔수 역활 할지 알았는데 당에 반하면 공천 못받게 하겠지...,2주 전(수정됨),JTBC News,163,29,7
"[뉴스룸 모아보기] 2030 초선이 내놓은 '참패 진단'에…""탈당하라"" 반발 / JTBC News",2021. 4. 9.,오덕현,당을떠나라,2주 전,JTBC News,163,29,13
"[뉴스룸 모아보기] 2030 초선이 내놓은 '참패 진단'에…""탈당하라"" 반발 / JTBC News",2021. 4. 9.,설의법대21,선거 지니까 부랴부랴ㅎㅎ만약 이겼으면 어떻게 됐을까? 그동안 침묵하다가 이제서야ㅎㅎ,2주 전,JTBC News,163,29,20
"[뉴스룸 모아보기] 2030 초선이 내놓은 '참패 진단'에…""탈당하라"" 반발 / JTBC News",2021. 4. 9.,K Director,ㅋㅋㅋ저것들 진짜 탈당 시켜라...,2주 전,JTBC News,163,29,17
"[뉴스룸 모아보기] 2030 초선이 내놓은 '참패 진단'에…""탈당하라"" 반발 / JTBC News",2021. 4. 9.,김리얼 디 제이,너건 다시 볼일 엄다.ㅠㅠ끝이다,2주 전,JTBC News,163,29,2
"[뉴스룸 모아보기] 2030 초선이 내놓은 '참패 진단'에…""탈당하라"" 반발 / JTBC News",2021. 4. 9.,김성일,나이스!!!!,2주 전,JTBC News,163,29,1
"[뉴스룸 모아보기] 2030 초선이 내놓은 '참패 진단'에…""탈당하라"" 반발 / JTBC News",2021. 4. 9.,Raina C.,고름은 가만둬봤자 피가 되지 않는다. 짜 없애 버려라!!,2주 전(수정됨),JTBC News,163,29,2
"[뉴스룸 모아보기] 2030 초선이 내놓은 '참패 진단'에…""탈당하라"" 반발 / JTBC News",2021. 4. 9.,Samuel Sangkon Lee,미친 초선5적,2주 전(수정됨),JTBC News,163,29,8
"[뉴스룸 모아보기] 2030 초선이 내놓은 '참패 진단'에…""탈당하라"" 반발 / JTBC News",2021. 4. 9.,byoungjoon park,강선우. ㅎ.... 진짜 어부지리로 당선되더니 지가 머라고 입놀리냐,2주 전,JTBC News,163,29,3
"[뉴스룸 모아보기] 2030 초선이 내놓은 '참패 진단'에…""탈당하라"" 반발 / JTBC News",2021. 4. 9.,Minjun Jang,아직도 뭐가 뭔지를 감을 못 잡았네~~,2주 전,JTBC News,163,29,3
"[뉴스룸 모아보기] 2030 초선이 내놓은 '참패 진단'에…""탈당하라"" 반발 / JTBC News",2021. 4. 9.,정수영,왕이 힘이업으면 그렇게..됨 ㅎ,2주 전,JTBC News,163,29,0
"[뉴스룸 모아보기] 2030 초선이 내놓은 '참패 진단'에…""탈당하라"" 반발 / JTBC News",2021. 4. 9.,euiju hong,"꼭 최선을 다하지 않하던 것들이 핑계 대며...책임감도 없고 주체적이지도 못한 것들이 자기는 잘할수 있는것처럼 생각하지!엥커가 너도 자유롭지 못할텐데라는 의미의 질문에도 자신의 허물은 끝까지 못보고 당에게만 핑계대는 ""미성숙한 자""이구나.",2주 전,JTBC News,163,29,4
"[뉴스룸 모아보기] 2030 초선이 내놓은 '참패 진단'에…""탈당하라"" 반발 / JTBC News",2021. 4. 9.,구독하면 행운을 드리는 다이아몬드,💎💎당신은 행운의 다이아몬드를 찾았습니다.💎💎행운의 다이아몬드는 당신이 원하는 모든 행운을 드립니다행운의 다이아몬드를 보관해서항상 행복하고 좋은 일들만 가득하세요,2주 전,JTBC News,163,29,3
"[뉴스룸 모아보기] 2030 초선이 내놓은 '참패 진단'에…""탈당하라"" 반발 / JTBC News",2021. 4. 9.,정수영,"어차피,,쪼개진다",2주 전,JTBC News,163,29,0
"[뉴스룸 모아보기] 2030 초선이 내놓은 '참패 진단'에…""탈당하라"" 반발 / JTBC News",2021. 4. 9.,사막여우,오독오독 씹어서 먹어야지,2주 전,JTBC News,163,29,0
"[뉴스룸 모아보기] 2030 초선이 내놓은 '참패 진단'에…""탈당하라"" 반발 / JTBC News",2021. 4. 9.,박명배,본질이 무엇이었는지....변질은 무엇인지..........변질의 원인을 알고......변화하기 위한 노력을 통해....성장해야 함에도..................,2주 전,JTBC News,163,29,0
"[뉴스룸 모아보기] 2030 초선이 내놓은 '참패 진단'에…""탈당하라"" 반발 / JTBC News",2021. 4. 9.,그린게이지,초선5적이래ㅋㅋㅋㅋㅋㅋㅋ원래그런애들임.,2주 전(수정됨),JTBC News,163,29,1
"[뉴스룸 모아보기] 2030 초선이 내놓은 '참패 진단'에…""탈당하라"" 반발 / JTBC News",2021. 4. 9.,thaikrho1,젊음이여 높은곳을 보자,2주 전,JTBC News,163,29,3
"[뉴스룸 모아보기] 2030 초선이 내놓은 '참패 진단'에…""탈당하라"" 반발 / JTBC News",2021. 4. 9.,전성일,오판?,2주 전,JTBC News,163,29,0
"[뉴스룸 모아보기] 2030 초선이 내놓은 '참패 진단'에…""탈당하라"" 반발 / JTBC News",2021. 4. 9.,deeep blue,조던 피터슨,2주 전,JTBC News,163,29,0
"[뉴스룸 모아보기] 2030 초선이 내놓은 '참패 진단'에…""탈당하라"" 반발 / JTBC News",2021. 4. 9.,Putang,저게 철새지대체 인사를 어케한겨?,2주 전,JTBC News,163,29,15
"[뉴스룸 모아보기] 2030 초선이 내놓은 '참패 진단'에…""탈당하라"" 반발 / JTBC News",2021. 4. 9.,초이맨,이번엔 보정 수치가 안들어 갔으니 졌지,2주 전,JTBC News,163,29,0
"[뉴스룸 모아보기] 2030 초선이 내놓은 '참패 진단'에…""탈당하라"" 반발 / JTBC News",2021. 4. 9.,그날은온다,탈당하는게 맞다 오영환 탈당해라,2주 전,JTBC News,163,29,9
"[뉴스룸 모아보기] 2030 초선이 내놓은 '참패 진단'에…""탈당하라"" 반발 / JTBC News",2021. 4. 9.,김은경,분양조건형 임대아파트가 답이다 ㆍ,1주 전,JTBC News,163,29,0
"[뉴스룸 모아보기] 2030 초선이 내놓은 '참패 진단'에…""탈당하라"" 반발 / JTBC News",2021. 4. 9.,Happy jm,고마 열린민주당을 키워주면 안될까요???????? 진짜 의리없는것들 너무싫다 이 정치판ㅠ,2주 전,JTBC News,163,29,3
"[뉴스룸 모아보기] 2030 초선이 내놓은 '참패 진단'에…""탈당하라"" 반발 / JTBC News",2021. 4. 9.,이지영,초선 5명 나가라,2주 전,JTBC News,163,29,11
"[뉴스룸 모아보기] 2030 초선이 내놓은 '참패 진단'에…""탈당하라"" 반발 / JTBC News",2021. 4. 9.,나나,힘들때야...지로서 내부의 적이  안개속에서 적나라하게 드러나는군...욕도 아까운 자들,2주 전,JTBC News,163,29,1
"[뉴스룸 모아보기] 2030 초선이 내놓은 '참패 진단'에…""탈당하라"" 반발 / JTBC News",2021. 4. 9.,Renee L,뭐하자는 시츄에이션이지? 국민은 전혀 그렇게 생각 안 하는데 국민 좀 갖다 붙이지 마라.,2주 전,JTBC News,163,29,27
"[뉴스룸 모아보기] 2030 초선이 내놓은 '참패 진단'에…""탈당하라"" 반발 / JTBC News",2021. 4. 9.,양항석,눈치만 보내 소신이 없네요,2주 전,JTBC News,163,29,0
"[뉴스룸 모아보기] 2030 초선이 내놓은 '참패 진단'에…""탈당하라"" 반발 / JTBC News",2021. 4. 9.,김수희,참.아이고 .,2주 전,JTBC News,163,29,0
"[뉴스룸 모아보기] 2030 초선이 내놓은 '참패 진단'에…""탈당하라"" 반발 / JTBC News",2021. 4. 9.,은결,서로 인지부조화 와서 싸우고있네 바보 머저리들 ㅋㅋㅋㅋㅋㅋㅋㅋㅋㅋㅋ너희들 덕분에 하루 시작하는 아침이 너무 즐거워 고마워 내 즐거움이 되어주어서 ㅋㅋㅋㅋㅋㅋㅋㅋㅋㅋㅋ,1주 전,JTBC News,163,29,0
"[뉴스룸 모아보기] 2030 초선이 내놓은 '참패 진단'에…""탈당하라"" 반발 / JTBC News",2021. 4. 9.,cariat pre,"조국사태는 언론, 국짐당, 검찰의 작품이다. 2030의원들이 거기에 숟가락을 얹고 싶은건가?",2주 전,JTBC News,163,29,5
"[뉴스룸 모아보기] 2030 초선이 내놓은 '참패 진단'에…""탈당하라"" 반발 / JTBC News",2021. 4. 9.,정수영,그다음..세력이 문제지,2주 전,JTBC News,163,29,0
"[뉴스룸 모아보기] 2030 초선이 내놓은 '참패 진단'에…""탈당하라"" 반발 / JTBC News",2021. 4. 9.,DP,대한민국 검찰과 언론은 일진이다,1주 전,JTBC News,163,29,0
"[뉴스룸 모아보기] 2030 초선이 내놓은 '참패 진단'에…""탈당하라"" 반발 / JTBC News",2021. 4. 9.,노력,틀린말도 없구만 ㅋㅋ,2주 전,JTBC News,163,29,2
"[뉴스룸 모아보기] 2030 초선이 내놓은 '참패 진단'에…""탈당하라"" 반발 / JTBC News",2021. 4. 9.,김성훈,그냥 이익공유제나 연구하세요 ㅋㅋㅋㅋㅋ 소득주도 성장이나 ㅋㅋㅋ,2주 전,JTBC News,163,29,9
"[뉴스룸 모아보기] 2030 초선이 내놓은 '참패 진단'에…""탈당하라"" 반발 / JTBC News",2021. 4. 9.,데조로,그땐 뭐했나  쇼 아닌가심판은 계속 진행중이다,2주 전(수정됨),JTBC News,163,29,0
"[뉴스룸 모아보기] 2030 초선이 내놓은 '참패 진단'에…""탈당하라"" 반발 / JTBC News",2021. 4. 9.,H.S Kim,기자들도 뻔히 알고 있는데 얼마나 입이 근질근질 할까? JTBC가 언제부터 저렇게 됐지?,2주 전,JTBC News,163,29,0
"[뉴스룸 모아보기] 2030 초선이 내놓은 '참패 진단'에…""탈당하라"" 반발 / JTBC News",2021. 4. 9.,김윤희,저 이소영 뭐하는 인간이냐?느네같은 수박들 땜에 진거야~,2주 전,JTBC News,163,29,20
"[뉴스룸 모아보기] 2030 초선이 내놓은 '참패 진단'에…""탈당하라"" 반발 / JTBC News",2021. 4. 9.,스쿠버다이빙홀릭TV,욕심이 화를 부른거지 민주당아 반성좀하자,2주 전,JTBC News,163,29,6
"[뉴스룸 모아보기] 2030 초선이 내놓은 '참패 진단'에…""탈당하라"" 반발 / JTBC News",2021. 4. 9.,YJ K,국민이 그렇게 생각하고 투표로 그게 증명되었는데도 국민이 잘못한거라고 자기 생각을 강요하면 그게 독재이지...,2주 전,JTBC News,163,29,0
"[뉴스룸 모아보기] 2030 초선이 내놓은 '참패 진단'에…""탈당하라"" 반발 / JTBC News",2021. 4. 9.,choi 301,잘못된걸 잘못됐다고 말해도퇴출되는구나그러다 너희모두 퇴출된다똑바로들 해라 쫌,2주 전,JTBC News,163,29,3
"[뉴스룸 모아보기] 2030 초선이 내놓은 '참패 진단'에…""탈당하라"" 반발 / JTBC News",2021. 4. 9.,전성일,노웅래 시방세 ~~~,2주 전,JTBC News,163,29,0
"[뉴스룸 모아보기] 2030 초선이 내놓은 '참패 진단'에…""탈당하라"" 반발 / JTBC News",2021. 4. 9.,도안포르쉐911,그게 끝이야 ???? ㅋㅋㅋㅋㅋㅋㅋㅋㅋㅋㅋㅋㅋ 엄청 많은대 ㅋㅋㅋㅋㅋㅋㅋㅋㅋㅋㅋㅋㅋㅋㅋㅋㅋㅋㅋㅋㅋㅋㅋㅋㅋㅋㅋㅋㅋㅋㅋㅋㅋㅋㅋㅋㅋㅋㅋㅋㅋㅋㅋㅋㅋㅋㅋㅋㅋㅋㅋㅋㅋㅋㅋㅋㅋㅋㅋㅋㅋㅋㅋ,2주 전,JTBC News,163,29,7
"[뉴스룸 모아보기] 2030 초선이 내놓은 '참패 진단'에…""탈당하라"" 반발 / JTBC News",2021. 4. 9.,조항헌,최고실책은 부동산 1주택자에대해도 세금폭탄에대해 분노로 똘똘뭉쳤다본다 김상조도 실패했다,2주 전,JTBC News,163,29,1
"[뉴스룸 모아보기] 2030 초선이 내놓은 '참패 진단'에…""탈당하라"" 반발 / JTBC News",2021. 4. 9.,june,저런 기회주의자들을 공천한 놈들과 어리버리 초선들 욕받이로 앞세워 같이 책임져야할 놈들이 뒤에 숨는 꼴들 참 보기좋다.,2주 전,JTBC News,163,29,1
"[뉴스룸 모아보기] 2030 초선이 내놓은 '참패 진단'에…""탈당하라"" 반발 / JTBC News",2021. 4. 9.,天衣無縫.,친문이 문제다.,2주 전,JTBC News,163,29,0
"[뉴스룸 모아보기] 2030 초선이 내놓은 '참패 진단'에…""탈당하라"" 반발 / JTBC News",2021. 4. 9.,박지호,"이제야? 그리고 그거만? 가장 민주적이라고 하던 사람들이 학벌, 위안부, 군대, 양성갈등 문제 전부 방치하거나 오히려 진영논리로 감싸며 부추겼잖아?",2주 전,JTBC News,163,29,4
"[뉴스룸 모아보기] 2030 초선이 내놓은 '참패 진단'에…""탈당하라"" 반발 / JTBC News",2021. 4. 9.,김영,J티비 점점 산으로가네,2주 전,JTBC News,163,29,0
"[뉴스룸 모아보기] 2030 초선이 내놓은 '참패 진단'에…""탈당하라"" 반발 / JTBC News",2021. 4. 9.,김형준,"그래. 끝까지 반성하지 말고, 잘못도 인정하지 말아라.아주 잘 하고 있다.",2주 전,JTBC News,163,29,1
"[뉴스룸 모아보기] 2030 초선이 내놓은 '참패 진단'에…""탈당하라"" 반발 / JTBC News",2021. 4. 9.,박진숙,탈당하라,2주 전,JTBC News,163,29,0
"[뉴스룸 모아보기] 2030 초선이 내놓은 '참패 진단'에…""탈당하라"" 반발 / JTBC News",2021. 4. 9.,곱슬돼지,조국이 문제였으면 잘도 180석이됐겟다,1주 전,JTBC News,163,29,0
"[뉴스룸 모아보기] 2030 초선이 내놓은 '참패 진단'에…""탈당하라"" 반발 / JTBC News",2021. 4. 9.,art art,와 결국은 검찰쪽에서 프락치를 심었었군 역시 조직이 커지면 관리가 어렵긴한거군,2주 전,JTBC News,163,29,3
"[뉴스룸 모아보기] 2030 초선이 내놓은 '참패 진단'에…""탈당하라"" 반발 / JTBC News",2021. 4. 9.,전성일,뭐가 중한데?,2주 전,JTBC News,163,29,0
"[뉴스룸 모아보기] 2030 초선이 내놓은 '참패 진단'에…""탈당하라"" 반발 / JTBC News",2021. 4. 9.,베리타스,다른건 공감 별로 안되는데...솔직히 보궐선거 후보는 안내는게 맞았다고 본다.,2주 전,JTBC News,163,29,11
"[뉴스룸 모아보기] 2030 초선이 내놓은 '참패 진단'에…""탈당하라"" 반발 / JTBC News",2021. 4. 9.,트렌트,새정치민주연합일때 안철수 나가듯이 나가라,2주 전,JTBC News,163,29,5
"[뉴스룸 모아보기] 2030 초선이 내놓은 '참패 진단'에…""탈당하라"" 반발 / JTBC News",2021. 4. 9.,양생우,보궐선거를 내지말았어야 !,2주 전,JTBC News,163,29,0
"[뉴스룸 모아보기] 2030 초선이 내놓은 '참패 진단'에…""탈당하라"" 반발 / JTBC News",2021. 4. 9.,박수경,이소영 아 놔 나가라!,2주 전,JTBC News,163,29,5
"[뉴스룸 모아보기] 2030 초선이 내놓은 '참패 진단'에…""탈당하라"" 반발 / JTBC News",2021. 4. 9.,오덕현,아직도 정신못차리네,2주 전,JTBC News,163,29,1
"[뉴스룸 모아보기] 2030 초선이 내놓은 '참패 진단'에…""탈당하라"" 반발 / JTBC News",2021. 4. 9.,김주하,초선의원들의 사과와 반성을 180석놈들은  인정하지 않는다는거지 ㅋㅋㅋㅋㅋㅋㅋㅋ  너넨  그냥 끝이다  질려버려,2주 전,JTBC News,163,29,0
"[뉴스룸 모아보기] 2030 초선이 내놓은 '참패 진단'에…""탈당하라"" 반발 / JTBC News",2021. 4. 9.,Dongho Lim,국회의원수 줄여야 합니다. 300명? 미국은 인구가 약 7배 우리보다 많은데 상하원 모두 535명입니다. 청년/여성/각계각층이라는 명목으로 대표자를 뽑으니...초보면 초보답게...더 이상 국회의원 하지마라. 제발...,2주 전,JTBC News,163,29,2
"[뉴스룸 모아보기] 2030 초선이 내놓은 '참패 진단'에…""탈당하라"" 반발 / JTBC News",2021. 4. 9.,myoung Kim,더불어 나가라!,2주 전,JTBC News,163,29,5
"[뉴스룸 모아보기] 2030 초선이 내놓은 '참패 진단'에…""탈당하라"" 반발 / JTBC News",2021. 4. 9.,Jooyoung Hwang,이제는 정치인들과 국민의 싸움인가!!  국민을 대표하는 리더는 문재인 추미애 조국 뿐이다.  저 더러운 정치인들 죄다 몰아내야 한다.,2주 전,JTBC News,163,29,4
"[뉴스룸 모아보기] 2030 초선이 내놓은 '참패 진단'에…""탈당하라"" 반발 / JTBC News",2021. 4. 9.,고승일,독주하더니 꼴좋네법사위 부터 야당 줘라,2주 전,JTBC News,163,29,0
"[뉴스룸 모아보기] 2030 초선이 내놓은 '참패 진단'에…""탈당하라"" 반발 / JTBC News",2021. 4. 9.,서순석,나가라,2주 전,JTBC News,163,29,0
"[뉴스룸 모아보기] 2030 초선이 내놓은 '참패 진단'에…""탈당하라"" 반발 / JTBC News",2021. 4. 9.,한국인의캠핑,너네를 지지하는 국민들은 안보이니이러니 지지자들이 등을 돌리지,2주 전,JTBC News,163,29,5
"[뉴스룸 모아보기] 2030 초선이 내놓은 '참패 진단'에…""탈당하라"" 반발 / JTBC News",2021. 4. 9.,인영이,지금 국민청원에 여가부 폐지 청원 올리면 정부가 엄청 압박 받을꺼 같아요 제발 좀 올려주세요 제가 글을 잘 못적어서 제가 못올리고 있습니다. 글 올린다면 전국민 2030 남성들이 전부 청원해줄겁니다. 지금 정부도 엄청난 압박을 받고있습니다. 이럴때 해야합니다 제발요,1주 전,JTBC News,163,29,0
"[뉴스룸 모아보기] 2030 초선이 내놓은 '참패 진단'에…""탈당하라"" 반발 / JTBC News",2021. 4. 9.,배성화,후보를  내서  선거  한게  젤  큰  문제  인듯   어자피  지난일  어떻하죠?   지금이라도  정신  바짝 차리고  초선이  나서야  댈듯,2주 전,JTBC News,163,29,6
"[뉴스룸 모아보기] 2030 초선이 내놓은 '참패 진단'에…""탈당하라"" 반발 / JTBC News",2021. 4. 9.,카오스,ㅋㅋ 내가죽어도 너희쪽에는 표안준다,2주 전,JTBC News,163,29,2
"[뉴스룸 모아보기] 2030 초선이 내놓은 '참패 진단'에…""탈당하라"" 반발 / JTBC News",2021. 4. 9.,yoojiny,무뇌가? 어이가 없다,2주 전,JTBC News,163,29,3
"[뉴스룸 모아보기] 2030 초선이 내놓은 '참패 진단'에…""탈당하라"" 반발 / JTBC News",2021. 4. 9.,빌에반스,제일 도움 안된 것들이 제일 먼저 도움안되는 말을 떠들지,2주 전,JTBC News,163,29,19
"[뉴스룸 모아보기] 2030 초선이 내놓은 '참패 진단'에…""탈당하라"" 반발 / JTBC News",2021. 4. 9.,moricone TV,"수신제가치국평천하가화만사성당내 분열이 이리도 심한데,어찌 나라와 국민, 국정의 분열을 다스릴 수 있겠는가?",2주 전,JTBC News,163,29,2
"[뉴스룸 모아보기] 2030 초선이 내놓은 '참패 진단'에…""탈당하라"" 반발 / JTBC News",2021. 4. 9.,임동열,참네이놈,2주 전,JTBC News,163,29,0
"[뉴스룸 모아보기] 2030 초선이 내놓은 '참패 진단'에…""탈당하라"" 반발 / JTBC News",2021. 4. 9.,전성일,이소영 국민들의 입장을 그리도 잘아는것들이 뭔생각으로 ~~~,2주 전,JTBC News,163,29,0
"[뉴스룸 모아보기] 2030 초선이 내놓은 '참패 진단'에…""탈당하라"" 반발 / JTBC News",2021. 4. 9.,KkeDev S,이로써 이당은 공산당이 확실해졌다..,2주 전,JTBC News,163,29,1
"[뉴스룸 모아보기] 2030 초선이 내놓은 '참패 진단'에…""탈당하라"" 반발 / JTBC News",2021. 4. 9.,노다메칸타빌레,나머지는 뭘잘했다고 시끄럽습니다. 장하시네요 들.,2주 전,JTBC News,163,29,2
"[뉴스룸 모아보기] 2030 초선이 내놓은 '참패 진단'에…""탈당하라"" 반발 / JTBC News",2021. 4. 9.,산용문,제발 열린우리당으로 않가길 버랍니다 패거리정치 하면 10년 전 열린우리당이 됍니다,2주 전,JTBC News,163,29,6
"[뉴스룸 모아보기] 2030 초선이 내놓은 '참패 진단'에…""탈당하라"" 반발 / JTBC News",2021. 4. 9.,김경애,언론이 조국장관때처럼 그렇게 찌른다면 유재석이였어도 죄인만드는건 아무일 아니였을것 같다 당신같은 국회의원이 조국장관을 위해서 뭘 했는가 지지는 했냐고 완전 실망이다,2주 전,JTBC News,163,29,6
"[뉴스룸 모아보기] 2030 초선이 내놓은 '참패 진단'에…""탈당하라"" 반발 / JTBC News",2021. 4. 9.,김지나,혁신하랬더니 친문 후보가 설쳐  ㅎㅎ여긴 답이없다,2주 전,JTBC News,163,29,0
"[뉴스룸 모아보기] 2030 초선이 내놓은 '참패 진단'에…""탈당하라"" 반발 / JTBC News",2021. 4. 9.,hmi cho,헛소리 그만하고 정신부터 챙겨라,2주 전,JTBC News,163,29,6
"[뉴스룸 모아보기] 2030 초선이 내놓은 '참패 진단'에…""탈당하라"" 반발 / JTBC News",2021. 4. 9.,곰푸우,탈당시켜라 당이 당나라로 가네참 왜 졌는지몰라서이러니니들 월급 만큼만 일해라공천두 똑바로좀 하구,2주 전(수정됨),JTBC News,163,29,0
"[뉴스룸 모아보기] 2030 초선이 내놓은 '참패 진단'에…""탈당하라"" 반발 / JTBC News",2021. 4. 9.,체니의 나무공작소,저것도 임기 끝나면 한나라당 가겠네 !!!,2주 전,JTBC News,163,29,8
"[뉴스룸 모아보기] 2030 초선이 내놓은 '참패 진단'에…""탈당하라"" 반발 / JTBC News",2021. 4. 9.,Bogan Jung,다소 공감하기 어려운 성급한 발표로 느껴지네요.. ㅠㅠ,2주 전,JTBC News,163,29,16
"[뉴스룸 모아보기] 2030 초선이 내놓은 '참패 진단'에…""탈당하라"" 반발 / JTBC News",2021. 4. 9.,김RJ,그래 이런거 이야기 할 수 있고 각자의 생각을 이야기 할 수 있어 ... 이런 과정이 있어야 또 의견이 모이지!!! 잘 반성하고 앞으로 또 어떻게 할지 잘 추스려보자!! 너무 목소리만 내면 또 분열하는걸로 보이니 적당하게... ㅋ,2주 전,JTBC News,163,29,4
"[뉴스룸 모아보기] 2030 초선이 내놓은 '참패 진단'에…""탈당하라"" 반발 / JTBC News",2021. 4. 9.,연승모,탈당이아니라 3대를영구제명해라. 이런양아치는 절대로당에 남겨선안된다. 전쟁시기면 사살감이다.,2주 전,JTBC News,163,29,0
"[뉴스룸 모아보기] 2030 초선이 내놓은 '참패 진단'에…""탈당하라"" 반발 / JTBC News",2021. 4. 9.,억수르,내 년엔 박근혜 특별 사면 돼겟네요 ㅋㅋㅋㅋ,2주 전,JTBC News,163,29,2
"[뉴스룸 모아보기] 2030 초선이 내놓은 '참패 진단'에…""탈당하라"" 반발 / JTBC News",2021. 4. 9.,졸려요,민주당과 대깨들이 미쳐도 단단히 미쳐 돌아가네,2주 전,JTBC News,163,29,1
"[뉴스룸 모아보기] 2030 초선이 내놓은 '참패 진단'에…""탈당하라"" 반발 / JTBC News",2021. 4. 9.,Min Ox,이소영 탈당 하시길,2주 전,JTBC News,163,29,7
"[뉴스룸 모아보기] 2030 초선이 내놓은 '참패 진단'에…""탈당하라"" 반발 / JTBC News",2021. 4. 9.,독도지킴이,당연 후보를 내지 않았어야지,2주 전,JTBC News,163,29,2
"[뉴스룸 모아보기] 2030 초선이 내놓은 '참패 진단'에…""탈당하라"" 반발 / JTBC News",2021. 4. 9.,Heekyu Jayden Kang,이게 바로 동아 출신인 이낙엽씨의 한계.,2주 전,JTBC News,163,29,0
"[뉴스룸 모아보기] 2030 초선이 내놓은 '참패 진단'에…""탈당하라"" 반발 / JTBC News",2021. 4. 9.,박승호,본인의 잘못보단 다른 사람 탓 어느 정치인 보단 조국장관 더 깨끗하게 행각 됩니다 성찰까지는 아니더라도 본인을 되돌아보시길..,2주 전,JTBC News,163,29,3
"[뉴스룸 모아보기] 2030 초선이 내놓은 '참패 진단'에…""탈당하라"" 반발 / JTBC News",2021. 4. 9.,던힐라이트,와 누구 덕에 국회의원이 된건데..  이제 슬슬 자기실속챙기기 바쁘네..결과보고 이러는게 진정성있냐 선거전에 말을 하던가,2주 전,JTBC News,163,29,15
"[뉴스룸 모아보기] 2030 초선이 내놓은 '참패 진단'에…""탈당하라"" 반발 / JTBC News",2021. 4. 9.,장진호,검찰 개혁. 정책 실현이 국민의 뜻이요.,2주 전,JTBC News,163,29,10
"[뉴스룸 모아보기] 2030 초선이 내놓은 '참패 진단'에…""탈당하라"" 반발 / JTBC News",2021. 4. 9.,신희철,누구탓 하지마시고 왜 첨 부터 그러시지는  않았는지?   미래지향적으로 행동하세요  참 으로 못났네요,2주 전,JTBC News,163,29,5
"[뉴스룸 모아보기] 2030 초선이 내놓은 '참패 진단'에…""탈당하라"" 반발 / JTBC News",2021. 4. 9.,jesook lee,국민 ?   너의 국민은 누구냐 ?,2주 전,JTBC News,163,29,0
"[뉴스룸 모아보기] 2030 초선이 내놓은 '참패 진단'에…""탈당하라"" 반발 / JTBC News",2021. 4. 9.,정셀레나 고메즈,초선5인 정신차립시다,2주 전,JTBC News,163,29,18
"[뉴스룸 모아보기] 2030 초선이 내놓은 '참패 진단'에…""탈당하라"" 반발 / JTBC News",2021. 4. 9.,박용수,민주당은 쾌쾌묵은 날근정치을 버리고세신 해야한다 탈당당원들 복당을십게 해줘야한다,2주 전(수정됨),JTBC News,163,29,0
"[뉴스룸 모아보기] 2030 초선이 내놓은 '참패 진단'에…""탈당하라"" 반발 / JTBC News",2021. 4. 9.,정천식,조국 장관은 적어도 당신 처럼 살지 않았다고 보는 사람 입니다,2주 전,JTBC News,163,29,1
"[뉴스룸 모아보기] 2030 초선이 내놓은 '참패 진단'에…""탈당하라"" 반발 / JTBC News",2021. 4. 9.,sungja hyun,오영환뒤에 윤영찬  지시 이낙연나쁜인간들!!!,2주 전,JTBC News,163,29,4
"[뉴스룸 모아보기] 2030 초선이 내놓은 '참패 진단'에…""탈당하라"" 반발 / JTBC News",2021. 4. 9.,호호,조국이 왜?다  나가라..,2주 전,JTBC News,163,29,0
"[뉴스룸 모아보기] 2030 초선이 내놓은 '참패 진단'에…""탈당하라"" 반발 / JTBC News",2021. 4. 9.,전성일,니덜이 더실망스럽다,2주 전,JTBC News,163,29,0
"[뉴스룸 모아보기] 2030 초선이 내놓은 '참패 진단'에…""탈당하라"" 반발 / JTBC News",2021. 4. 9.,전성일,검찰개혁을 응원합니다,2주 전,JTBC News,163,29,0
"[뉴스룸 모아보기] 2030 초선이 내놓은 '참패 진단'에…""탈당하라"" 반발 / JTBC News",2021. 4. 9.,Rest In Peace,진짜 코미디네ㅋㅋㅋ2030남자 때문에 졌다면서  2030남자들이 남북하키 인국공 조국 페미 윤미향 오거돈 박원순 에 부동산 마무리라고 말하는데 검찰 언론 타령하는 댓글ㅋㅋㅋㅋ드루킹 잔당이냐???,2주 전,JTBC News,163,29,3
"[뉴스룸 모아보기] 2030 초선이 내놓은 '참패 진단'에…""탈당하라"" 반발 / JTBC News",2021. 4. 9.,better soc,초선의원 틀린 말 안 했다. 공격하는 넘들은 선거를 망치게한 노장파들이다. 문제아 노장들은 물러나고 신선한 초선의원들 공격말고 기회를 주어라.,1주 전,JTBC News,163,29,0
"[뉴스룸 모아보기] 2030 초선이 내놓은 '참패 진단'에…""탈당하라"" 반발 / JTBC News",2021. 4. 9.,Gazza,저리 진단을 못하고 힘을 못모으고 남탓으로 일관하니 안돼는거임. 니들이 누구 덕에 국회의원이 됐나부터 똑바로 진단해봐라,2주 전,JTBC News,163,29,1
"[뉴스룸 모아보기] 2030 초선이 내놓은 '참패 진단'에…""탈당하라"" 반발 / JTBC News",2021. 4. 9.,백태경,초선의원이  맞구만..   좀 생각이  늦는다  싶으면  정치그만하시오  노땅들   절대 후보를  내면  안되지 ...     그게문제야,2주 전(수정됨),JTBC News,163,29,4
"[뉴스룸 모아보기] 2030 초선이 내놓은 '참패 진단'에…""탈당하라"" 반발 / JTBC News",2021. 4. 9.,sunny :,이번기회를 국민들이 뭘 원하는지 되새기는 기회로 삼길 바랍니다더불어 민주당  다시 깨어나세요!,2주 전,JTBC News,163,29,2
"[뉴스룸 모아보기] 2030 초선이 내놓은 '참패 진단'에…""탈당하라"" 반발 / JTBC News",2021. 4. 9.,김윤상,실력좀 키워라 다음에 의원에 출마할려면.당신은뭐 했나 반성하세요.,2주 전,JTBC News,163,29,4
"[뉴스룸 모아보기] 2030 초선이 내놓은 '참패 진단'에…""탈당하라"" 반발 / JTBC News",2021. 4. 9.,亞-Stop Asian Hate,젊은이는 부동산비리보다 입시비리가 더 기분나쁘다네.어렵다..정치는,2주 전(수정됨),JTBC News,163,29,2
"[뉴스룸 모아보기] 2030 초선이 내놓은 '참패 진단'에…""탈당하라"" 반발 / JTBC News",2021. 4. 9.,김똘똘,이나견과 초선5적들의 최종목표는 언.검.사법개혁 저지입니다. 눈속임에 속지 마세요 또 어떤 쇼로 개혁 저지하려할지 궁금하네 이런 황당한 이슈로 몇일 몇주 버는식임 자연스럽게 개혁 시간 야금야금 갉아먹는 방식,2주 전,JTBC News,163,29,1
"[뉴스룸 모아보기] 2030 초선이 내놓은 '참패 진단'에…""탈당하라"" 반발 / JTBC News",2021. 4. 9.,I LOVE STOCK !,진짜 //// 초선 5적이구나 !!,2주 전,JTBC News,163,29,11
"[뉴스룸 모아보기] 2030 초선이 내놓은 '참패 진단'에…""탈당하라"" 반발 / JTBC News",2021. 4. 9.,박승호,능력도 없으면서 무슨 진단오진 입니다,2주 전,JTBC News,163,29,1
"[뉴스룸 모아보기] 2030 초선이 내놓은 '참패 진단'에…""탈당하라"" 반발 / JTBC News",2021. 4. 9.,건독,LH처벌을 발 빠르게 했다면 이정도까지는 아니었지. 증거인멸하고 도피할 시간도 주고 심지어 지금까지 주고 있다. 선거보다 부패한 자들에 처벌이 먼저고 행동 했으면 선거 이겼을거다. 그래도 바뀌는게 없으면 다음선거 당선자는 허경영이 될거다.,2주 전(수정됨),JTBC News,163,29,11
"[뉴스룸 모아보기] 2030 초선이 내놓은 '참패 진단'에…""탈당하라"" 반발 / JTBC News",2021. 4. 9.,박선호,참 답답하네 초선의원들 그냥 탈당하지 굳이 선거에 졋다고 지금와서 저런소릴 하고 자빠졌노젊은것들이 완전 기회주의자 느낌이네답답하네,2주 전,JTBC News,163,29,15
"[뉴스룸 모아보기] 2030 초선이 내놓은 '참패 진단'에…""탈당하라"" 반발 / JTBC News",2021. 4. 9.,환락의퍼플,이소영의원 검찰개혁이 선거에 진 원인 맞아개혁을 못했기에 선거에 진거야 근데 너무 어리다 그냥 입만 놀리는거같다 한게 뭔데?,2주 전,JTBC News,163,29,4
"[뉴스룸 모아보기] 2030 초선이 내놓은 '참패 진단'에…""탈당하라"" 반발 / JTBC News",2021. 4. 9.,검은예수,아직도 초선빼고는 반성을안하네?윗선들은 아직도 정신못차리고 표에눈만멀었구나반성할건하고 제식구감싸기 하는 한니네는 답이없다,2주 전,JTBC News,163,29,0
"[뉴스룸 모아보기] 2030 초선이 내놓은 '참패 진단'에…""탈당하라"" 반발 / JTBC News",2021. 4. 9.,heungsik Han,민주당은 왜 졌는지를 정확히 모릅니다.그게 문제입니다.왜 시민이 민주당을 외면했을까요?왜 시민들이 분노하고 분열 했는지 진정 모르는건가요?이걸 정말 몰라요?정말 엉뚱한 사과만 할겁니까?,2주 전,JTBC News,163,29,5
"[뉴스룸 모아보기] 2030 초선이 내놓은 '참패 진단'에…""탈당하라"" 반발 / JTBC News",2021. 4. 9.,Kyle Park,민주당은 고개를 숙이고 귀를 열고 들어라. 지금은 그것만 해라.,2주 전,JTBC News,163,29,0
"[뉴스룸 모아보기] 2030 초선이 내놓은 '참패 진단'에…""탈당하라"" 반발 / JTBC News",2021. 4. 9.,EverBloo,내가 이런 애를 응원했다니 ㅎㅎ,2주 전,JTBC News,163,29,8
"[뉴스룸 모아보기] 2030 초선이 내놓은 '참패 진단'에…""탈당하라"" 반발 / JTBC News",2021. 4. 9.,강양근,"초선5적, 박용진, 김해영, 조웅천, 이상민, 노웅래...대표 빨간수박들...국민들 그만 열받게 하고 국짐당으로 당적을 옮겨라...국회의원직은 내려놓고",2주 전,JTBC News,163,29,2
"[뉴스룸 모아보기] 2030 초선이 내놓은 '참패 진단'에…""탈당하라"" 반발 / JTBC News",2021. 4. 9.,Heesun Hur,재 뭐래는거니 지금??  입 닥치고 그냥 나가라.,2주 전,JTBC News,163,29,1
"[뉴스룸 모아보기] 2030 초선이 내놓은 '참패 진단'에…""탈당하라"" 반발 / JTBC News",2021. 4. 9.,박진숙,아주.추잡하게.변명하네.,2주 전,JTBC News,163,29,4
"[뉴스룸 모아보기] 2030 초선이 내놓은 '참패 진단'에…""탈당하라"" 반발 / JTBC News",2021. 4. 9.,un s,전혀 다른 뜻을 전하는것 같군요 그냥 말과 얼굴을 보여 줄려는 과거의 정치인과 비슷 한 행보를 이어 가네요,2주 전,JTBC News,163,29,4
"[뉴스룸 모아보기] 2030 초선이 내놓은 '참패 진단'에…""탈당하라"" 반발 / JTBC News",2021. 4. 9.,정상일,초선의원들 대단하다  탈당하여  새로운당 창당하여  국민의 신뢰를 받고  정계를 개편하라  전라도  국민이 응원하고 지지합니다,2주 전,JTBC News,163,29,0
"[뉴스룸 모아보기] 2030 초선이 내놓은 '참패 진단'에…""탈당하라"" 반발 / JTBC News",2021. 4. 9.,Kenny Kang,원인은 언론과 검찰 개혁을 늦게한 너네들한테있다,2주 전,JTBC News,163,29,28
"[뉴스룸 모아보기] 2030 초선이 내놓은 '참패 진단'에…""탈당하라"" 반발 / JTBC News",2021. 4. 9.,김종순,이러니 철새정치인은이나라 여야꼬라지를보면 당연히 생기는거죠민주세력이 썩어서3지대나 우파로 가고 우파가 썩어서 3지대로가고 하는거죠~금태섭 이번초선 5인같이 많이 생기는거겠죠~죽어도 민주죽어도 우파 이세력들이더 잘못된 세력일수도있습니다합리성과 정의가 우선이되어야된다고 봅니다당주류가 잘못됬다싶으면이야기하는게  어느당이던 정당한발언이죠~이정권의 검찰개혁이잘못된게 아니고윤미향 조국 같은도덕성 떨어지는 분들을일벌백계해야하는데그대로 밀고가는것이고누가봐도 잘못됬으면 본인들이 물러나야 하는데너무 뻔뻔했다는겁니다그리고 코로나대응이너무 잘못되어 서민들이분노를 표출하는거라 봐야됩니다~,2주 전(수정됨),JTBC News,163,29,0
"[뉴스룸 모아보기] 2030 초선이 내놓은 '참패 진단'에…""탈당하라"" 반발 / JTBC News",2021. 4. 9.,TOPᄋ,집권여당의 반대 정당만 찍으면 개꿀잼임정권 바뀌거나 집권후 장관 자리 지명 할때마다 상위 0.01%인간이 깜빵가는거 너무 조아,2주 전,JTBC News,163,29,0
"[뉴스룸 모아보기] 2030 초선이 내놓은 '참패 진단'에…""탈당하라"" 반발 / JTBC News",2021. 4. 9.,cariat pre,뒷북 맞아?국짐당으로 가라,2주 전,JTBC News,163,29,0
"[뉴스룸 모아보기] 2030 초선이 내놓은 '참패 진단'에…""탈당하라"" 반발 / JTBC News",2021. 4. 9.,까꽁,조금씩 깨어가는구나 고맙다,2주 전,JTBC News,163,29,6
"[뉴스룸 모아보기] 2030 초선이 내놓은 '참패 진단'에…""탈당하라"" 반발 / JTBC News",2021. 4. 9.,jk k,오영환씨!  밀리면 안된다고 생각하셨다구요?  저는 상식이라 생각했습니다,2주 전,JTBC News,163,29,1
"[뉴스룸 모아보기] 2030 초선이 내놓은 '참패 진단'에…""탈당하라"" 반발 / JTBC News",2021. 4. 9.,junhyo kim,댓글보니 민주당은 멀엇네 ㅋㅋ 그대로 쭉가자~!,2주 전,JTBC News,163,29,1
"[뉴스룸 모아보기] 2030 초선이 내놓은 '참패 진단'에…""탈당하라"" 반발 / JTBC News",2021. 4. 9.,램피카,노웅래 반문이 이때다 싶어 역시나 내부총질그럼에도 당신에게 기회 안가요,2주 전,JTBC News,163,29,0
"[뉴스룸 모아보기] 2030 초선이 내놓은 '참패 진단'에…""탈당하라"" 반발 / JTBC News",2021. 4. 9.,Ljw L,태극기나 친문이나 그나물에 그밥,2주 전,JTBC News,163,29,0
"[뉴스룸 모아보기] 2030 초선이 내놓은 '참패 진단'에…""탈당하라"" 반발 / JTBC News",2021. 4. 9.,white,젊은 사람들 말을 들어야함,2주 전,JTBC News,163,29,9
"[뉴스룸 모아보기] 2030 초선이 내놓은 '참패 진단'에…""탈당하라"" 반발 / JTBC News",2021. 4. 9.,김형,이소영 아웃,2주 전,JTBC News,163,29,9
"[뉴스룸 모아보기] 2030 초선이 내놓은 '참패 진단'에…""탈당하라"" 반발 / JTBC News",2021. 4. 9.,박브루스,집단쓰레기 됐네.,2주 전,JTBC News,163,29,3
"[뉴스룸 모아보기] 2030 초선이 내놓은 '참패 진단'에…""탈당하라"" 반발 / JTBC News",2021. 4. 9.,Yui Yui,아니 그렇게 내부 총질 할거면 그냥 탈당 해서 민주당 까던가? 치사하게 내부 총질이고!,2주 전(수정됨),JTBC News,163,29,11
"[뉴스룸 모아보기] 2030 초선이 내놓은 '참패 진단'에…""탈당하라"" 반발 / JTBC News",2021. 4. 9.,송대헌,탈당이 맞다노웅래 또?김한길처럼,2주 전(수정됨),JTBC News,163,29,2
"[뉴스룸 모아보기] 2030 초선이 내놓은 '참패 진단'에…""탈당하라"" 반발 / JTBC News",2021. 4. 9.,F150_Repter F150,뭔 헛소리야 원인은 깜도 안돼는 후보들하고 지도부  집값하고 LH 사태 때문인데 저런것들도 국회의원이라고,2주 전(수정됨),JTBC News,163,29,6
"[뉴스룸 모아보기] 2030 초선이 내놓은 '참패 진단'에…""탈당하라"" 반발 / JTBC News",2021. 4. 9.,0 paz,와 ㅎㅎㅎ 여기 비판하는 사람들 딱 몇년전에 친박들 하고 그 무리를 추종하는 태극기 세력같네 ㅎㅎ권력만 잡으면 사람들이 이렇게 변하는가보다 ㅎㅎㅎㅎㅎㅎㅎㅎㅎㅎㅎㅎㅎㅎㅎㅎㅎㅎㅎㅎㅎㅎㅎㅎㅎㅎㅎㅎㅎㅎㅎㅎㅎㅎㅎㅎㅎㅎㅎ,2주 전,JTBC News,163,29,2
"[뉴스룸 모아보기] 2030 초선이 내놓은 '참패 진단'에…""탈당하라"" 반발 / JTBC News",2021. 4. 9.,hee k,대가리가 똥만들엇다어째서 조국탓을 할꼬,2주 전,JTBC News,163,29,1
"[뉴스룸 모아보기] 2030 초선이 내놓은 '참패 진단'에…""탈당하라"" 반발 / JTBC News",2021. 4. 9.,天衣無縫.,친문이 죽어야 유권자가 돌아온다.,2주 전,JTBC News,163,29,0
"[뉴스룸 모아보기] 2030 초선이 내놓은 '참패 진단'에…""탈당하라"" 반발 / JTBC News",2021. 4. 9.,Joy En,"이번 보궐선거에 민주당이 진 이유가 저기 있었네... 강선우 같은 보궐선거 반대한 것이 시장후보 비서를 했으니 될 선거도 안 되는게 당연하다! 이소영, 오영환, 장경태 제대로 선거운동 돕지도 않고 저렇게 딴지를 거니.. 문재인, 추미애, 조국, 정경심이 검찰개혁과 사법 정의를 위해 피눈물 흘릴 때 따뜻한 방구석에 드러누워서 국민들 혈세나 빨아먹고 산 것들이 뻔뻔하다!",2주 전,JTBC News,163,29,4
"[뉴스룸 모아보기] 2030 초선이 내놓은 '참패 진단'에…""탈당하라"" 반발 / JTBC News",2021. 4. 9.,유민순,친문이면 뭐가 문제냐? 계파로 분열을 유도하냐?,2주 전,JTBC News,163,29,9
"[뉴스룸 모아보기] 2030 초선이 내놓은 '참패 진단'에…""탈당하라"" 반발 / JTBC News",2021. 4. 9.,워크홀릭,초선 니들은 뭐했는데요?검찰에 대들지말고 고분고분 했어야했냐?민주당에세 정치한다는 X들이 네이버 기사만 검색하시나봐.,2주 전(수정됨),JTBC News,163,29,1
"[뉴스룸 모아보기] 2030 초선이 내놓은 '참패 진단'에…""탈당하라"" 반발 / JTBC News",2021. 4. 9.,나인,1 후보를 내면 안됐고2 lh강력처벌했으면이렇게 됐을까?똑똑한분들이라 알텐데요ㅎㅎ공정 평등 정의 슬로건걸고자기들 슬로건과반대짓거리하니깐 지지자들도 떠나는거임,2주 전(수정됨),JTBC News,163,29,7
"[뉴스룸 모아보기] 2030 초선이 내놓은 '참패 진단'에…""탈당하라"" 반발 / JTBC News",2021. 4. 9.,빌에반스,슬슬 민주당 탈당할때가 된거같다.,2주 전,JTBC News,163,29,1
"[뉴스룸 모아보기] 2030 초선이 내놓은 '참패 진단'에…""탈당하라"" 반발 / JTBC News",2021. 4. 9.,마우리,오영환이는 의용소방대나 해라사퇴해라시건방진 넘,2주 전,JTBC News,163,29,1
"[뉴스룸 모아보기] 2030 초선이 내놓은 '참패 진단'에…""탈당하라"" 반발 / JTBC News",2021. 4. 9.,고영철,괜잖아요  더추행당은   공산당으로   바꿔야   하기에,2주 전,JTBC News,163,29,0
"[뉴스룸 모아보기] 2030 초선이 내놓은 '참패 진단'에…""탈당하라"" 반발 / JTBC News",2021. 4. 9.,무한에너지,뭔 말도않되는 물방울 논리야.검사남편 두면 원래 그런거야?이소영 당신이 말하는 국민은 국민의힘 지지자들이야?아니면 민주당 지지자들이야이번 투표장에 나온 국민들은 둘중 하나인거야.그냥 민주당 탈당해라말하는거보니 민주진보의 뇌구조가 아니다 넌,2주 전(수정됨),JTBC News,163,29,4
"[뉴스룸 모아보기] 2030 초선이 내놓은 '참패 진단'에…""탈당하라"" 반발 / JTBC News",2021. 4. 9.,김윤희,저5명 진짜 멍청한 초선들이네기회주의자들!!!,2주 전,JTBC News,163,29,10
"[뉴스룸 모아보기] 2030 초선이 내놓은 '참패 진단'에…""탈당하라"" 반발 / JTBC News",2021. 4. 9.,니아,아니 선거에서 진 이유를 왜케 모르지????????????????????????????진짜 모르는건가???????????????아니면 말을 처 안듣는건가???????????????????진짜 선거에서 진이유를 몰라?????????? 사과문에 왜 진이유가 없어?????????20대들은 가장큰게 젠더갈등이야~~~~~남여를 같이 햇엇어야지 여자만 계속 이야기하고 정치하니까 공정성이 사라졋자나~~~~~~~~~~~~,2주 전(수정됨),JTBC News,163,29,5
"[뉴스룸 모아보기] 2030 초선이 내놓은 '참패 진단'에…""탈당하라"" 반발 / JTBC News",2021. 4. 9.,독도지킴이,멍청하게 공수처가 뭐라고,2주 전,JTBC News,163,29,2
"[뉴스룸 모아보기] 2030 초선이 내놓은 '참패 진단'에…""탈당하라"" 반발 / JTBC News",2021. 4. 9.,Apocalypse draws near,원인은 부동산 플러스 페미정책이야. 조국은 괜히 말꺼내서 문제 만드네,2주 전,JTBC News,163,29,0
"[뉴스룸 모아보기] 2030 초선이 내놓은 '참패 진단'에…""탈당하라"" 반발 / JTBC News",2021. 4. 9.,天衣無縫.,조국이 개선장군이냐?입시비리 전형이 아니냐?,2주 전,JTBC News,163,29,0
"[뉴스룸 모아보기] 2030 초선이 내놓은 '참패 진단'에…""탈당하라"" 반발 / JTBC News",2021. 4. 9.,오세영,저것들은 왜 민주당에 들어왔지,2주 전,JTBC News,163,29,4
"[뉴스룸 모아보기] 2030 초선이 내놓은 '참패 진단'에…""탈당하라"" 반발 / JTBC News",2021. 4. 9.,jae yong jin,민주당이 무능력해서 민심이 잠시 떠난거를 아직도 모르네.,2주 전,JTBC News,163,29,1
"[뉴스룸 모아보기] 2030 초선이 내놓은 '참패 진단'에…""탈당하라"" 반발 / JTBC News",2021. 4. 9.,DANIEL SONG,임대차3법 강행세금폭탄공공에 질린것,2주 전,JTBC News,163,29,1
"[뉴스룸 모아보기] 2030 초선이 내놓은 '참패 진단'에…""탈당하라"" 반발 / JTBC News",2021. 4. 9.,Seodo,정당이 재보선에 후보를 않내면 정당이 아니죠. 그러나 서울시장후보는 않내기로 했는데 그 부분만 맞습니다. 불공정 따지는데 이번 선거는 불공정한 후보들의 승리였습니다. 오판은 초선 오적분들이 하시고 계시네요. 그렇게하면 민주당은 공중분해되겠죠.,2주 전,JTBC News,163,29,0
"[뉴스룸 모아보기] 2030 초선이 내놓은 '참패 진단'에…""탈당하라"" 반발 / JTBC News",2021. 4. 9.,moon south,윤석열이 나쁜 놈이지 추미애가 나쁘냐!,2주 전,JTBC News,163,29,0
"[뉴스룸 모아보기] 2030 초선이 내놓은 '참패 진단'에…""탈당하라"" 반발 / JTBC News",2021. 4. 9.,아구ᅵ찜,사실 서민들이 제일 원하는건 백신과 집일겁니다! 검찰과 공수처 이슈는 그 다음이죠!!,2주 전,JTBC News,163,29,0
"[뉴스룸 모아보기] 2030 초선이 내놓은 '참패 진단'에…""탈당하라"" 반발 / JTBC News",2021. 4. 9.,man ho,"왜 2030 초선의원을 뭐라고해!!! 맞는 말인데!!! 우리는 조국사태 때 얼마나 열받았는데 공정, 평등 외치던 사람들이 이런 사람을 자리에 앉히고!!!또 당개편 바꾸면서 시장후보 올리고 장난들 하냐!! 솔직히 시장 후보 안냈으면 당신들 이렇게까지 싫어하지 않을꺼에요.저는 2030 초선들 응원합니다. 반성할거 반성하고 인정할거 인정해야합니다!!",2주 전,JTBC News,163,29,1
"[뉴스룸 모아보기] 2030 초선이 내놓은 '참패 진단'에…""탈당하라"" 반발 / JTBC News",2021. 4. 9.,형k,민주바보당아 정신차려라  1대3  민주당대 국민의짐당  검찰  수구언론  플레임덧에걸려  허우적 대는구나  180석이 아깝다  쓰레기언론이 이번선거의진정한 승자입니다,2주 전,JTBC News,163,29,0
"[뉴스룸 모아보기] 2030 초선이 내놓은 '참패 진단'에…""탈당하라"" 반발 / JTBC News",2021. 4. 9.,퀸튼,ㅋㅋㅋ절대 앞으로 민주당 안뽑쥬걍 페미당으로 변경해,2주 전,JTBC News,163,29,0
"[뉴스룸 모아보기] 2030 초선이 내놓은 '참패 진단'에…""탈당하라"" 반발 / JTBC News",2021. 4. 9.,겨울,후보는 안냈어야죠!정말 성추행하는 서울시장 보유국이라는 오명으로 챙피하네요,2주 전,JTBC News,163,29,2
"[뉴스룸 모아보기] 2030 초선이 내놓은 '참패 진단'에…""탈당하라"" 반발 / JTBC News",2021. 4. 9.,김도실맘,꼴값여저런 의리없는  인간들,2주 전,JTBC News,163,29,3
"[뉴스룸 모아보기] 2030 초선이 내놓은 '참패 진단'에…""탈당하라"" 반발 / JTBC News",2021. 4. 9.,조연,조국 추미애 때문에 민주당 안 뽑은거 맞는데 ㅋ 20대중에 많을걸???,2주 전,JTBC News,163,29,0
"[뉴스룸 모아보기] 2030 초선이 내놓은 '참패 진단'에…""탈당하라"" 반발 / JTBC News",2021. 4. 9.,정셀레나 고메즈,거기서 왜 조국이 나오나요???,2주 전,JTBC News,163,29,2
"[뉴스룸 모아보기] 2030 초선이 내놓은 '참패 진단'에…""탈당하라"" 반발 / JTBC News",2021. 4. 9.,이정향,부끄러운줄 알고 지금이라도 반성해라조국.추미애.문재인.다 니들탓이다국민들이 바보는 아니거든,2주 전,JTBC News,163,29,2
"[뉴스룸 모아보기] 2030 초선이 내놓은 '참패 진단'에…""탈당하라"" 반발 / JTBC News",2021. 4. 9.,Lucia Nam,"그래서 민주당은, 그 지지자들은 안된다는 겁니다 아직도 본인들이 왜 졌는지를 모르네요",2주 전,JTBC News,163,29,14
"[뉴스룸 모아보기] 2030 초선이 내놓은 '참패 진단'에…""탈당하라"" 반발 / JTBC News",2021. 4. 9.,장금이와 한량 Life in Ireland,초선의원들의 반성이 맞는 것 같은데요?? 이번에 왜 졌는지 모르겠나요??? 민주당도 본인들만이 옳다고 우기면 태극기부대랑 똑같아 진다는 것 잊지마세요,2주 전,JTBC News,163,29,3
"[뉴스룸 모아보기] 2030 초선이 내놓은 '참패 진단'에…""탈당하라"" 반발 / JTBC News",2021. 4. 9.,yes we can,이소영의원 응원합니다!!!:)),2주 전,JTBC News,163,29,0
"[뉴스룸 모아보기] 2030 초선이 내놓은 '참패 진단'에…""탈당하라"" 반발 / JTBC News",2021. 4. 9.,Hyeon su Kim,"지지하는 정당에 마음을 싣지말고 부리시오. 정치인은 당연히 국민을 대위해야하고 그들의 주인이 당신들입니다.20 30대 분들에게 귀를 기울이면, 그들에게서 미래를 빼앗고 착취하는 구조로 가고 있었다는걸 깨닫을겁니다.국민이 심판했고 받아 들인다더니. 틀리지 않았다니... 나참.",2주 전(수정됨),JTBC News,163,29,0
"[뉴스룸 모아보기] 2030 초선이 내놓은 '참패 진단'에…""탈당하라"" 반발 / JTBC News",2021. 4. 9.,최병준,"이러한 국회의원들이 함께 있기에,   선거에서 진 것 아닐까요?? ..      묘하게 내부총질하는 분들,  추진력 깍아먹는 분들.....",2주 전,JTBC News,163,29,7
"[뉴스룸 모아보기] 2030 초선이 내놓은 '참패 진단'에…""탈당하라"" 반발 / JTBC News",2021. 4. 9.,sk,내년에 민주당 망하겠네~반성하는 의원들을 저렇게 매도하는걸 보니 민주당의 미래는 럾다,2주 전,JTBC News,163,29,0
"[뉴스룸 모아보기] 2030 초선이 내놓은 '참패 진단'에…""탈당하라"" 반발 / JTBC News",2021. 4. 9.,aurora,사회구저적인문제를 왜 조국한테 뒤집어 씌우냐.조국이 예수냐?,2주 전,JTBC News,163,29,1
"[뉴스룸 모아보기] 2030 초선이 내놓은 '참패 진단'에…""탈당하라"" 반발 / JTBC News",2021. 4. 9.,scope 2020,오영환·이소영·장경태·장철민·전용기 니들은  조국장관을 그렇게 봤구나 ... 잘 알았다,2주 전,JTBC News,163,29,12
"[뉴스룸 모아보기] 2030 초선이 내놓은 '참패 진단'에…""탈당하라"" 반발 / JTBC News",2021. 4. 9.,Kenny Kang,탈당 해라,2주 전,JTBC News,163,29,4
"[뉴스룸 모아보기] 2030 초선이 내놓은 '참패 진단'에…""탈당하라"" 반발 / JTBC News",2021. 4. 9.,김광수,180석 만들어 주면 뭐해?개혁도 못하고 지지부진하니까 그러지당 지도부가 그 모양이니 그렇지.이낙연이가 제일 문제 제발 이재명 처럼 빠른 대처 좀 해라.국민은 이번 선거 너무 답답해서 회초리 든거야.정신 차리세요.번지수 잘못 지프지 말구요.초선이란 것들이 할때 안하고 엄한 소리나 하고,2주 전,JTBC News,163,29,1
"[뉴스룸 모아보기] 2030 초선이 내놓은 '참패 진단'에…""탈당하라"" 반발 / JTBC News",2021. 4. 9.,정민성,조국이 잘못한거있나?조국이 잘못있는거있음증거제시해보라역시 종양일보에서 벗어나질못하구만,2주 전,JTBC News,163,29,0
"[뉴스룸 모아보기] 2030 초선이 내놓은 '참패 진단'에…""탈당하라"" 반발 / JTBC News",2021. 4. 9.,park fd,니들 스팩으로 국민에당 근처에도 못간다 어린  헛똑똑이들아..  ㅋㅋ 선거전에나 입장문 발표하시지 새내기들이 주제에 또 겁은많아요 ㅋㅋ,2주 전(수정됨),JTBC News,163,29,0
"[뉴스룸 모아보기] 2030 초선이 내놓은 '참패 진단'에…""탈당하라"" 반발 / JTBC News",2021. 4. 9.,이필희,이소영 미쳤냐~ ! 와! 열받네! 어떻게 저리 모두 수박이냐!   오호 통제라~  문대통령님~저들을 믿고 개혁을 준비 하셨으니 목숨이 촌각에 달린듯 합니다~ 어쩌누~ 결국은 저들도 권력에 맛들여져 권력을 유지 하기위해 줄 바꾸어 서려고 준비 하는구나~,2주 전(수정됨),JTBC News,163,29,2
"[뉴스룸 모아보기] 2030 초선이 내놓은 '참패 진단'에…""탈당하라"" 반발 / JTBC News",2021. 4. 9.,young TEAK,너그들이 조국과 추미애와 고 박원순시장을 보호 안해서 진거다!!!!,2주 전,JTBC News,163,29,3
"[뉴스룸 모아보기] 2030 초선이 내놓은 '참패 진단'에…""탈당하라"" 반발 / JTBC News",2021. 4. 9.,오세완,이소영 조국 기준으로 잡으면 죄 없는 인간이 얼마나 될까? 2030 너희들이 말하는 것은 선택적 분노가 정당하다고 말하고 있는거다 그러니 민주당에서 탈당해라. 패배의 원인은 부동산 정책이 실패해고 개검에 무기력하게 패배해서 그런거다 너희들이 오판하면 국짐당에게 또 패배하게 될것이다.,2주 전,JTBC News,163,29,0
"[뉴스룸 모아보기] 2030 초선이 내놓은 '참패 진단'에…""탈당하라"" 반발 / JTBC News",2021. 4. 9.,박상범,초선 의원님들 정확하게 말씀하시네요.기본적인데 이걸 모르다니,2주 전,JTBC News,163,29,1
"[뉴스룸 모아보기] 2030 초선이 내놓은 '참패 진단'에…""탈당하라"" 반발 / JTBC News",2021. 4. 9.,최혜영,국민이 바보는 아닌가요?무엇이 옳고 그른지를 분간하지 못하고 화난다고....그런 선택을 했으니...역사가 말해주겠죠.,2주 전,JTBC News,163,29,2
"[뉴스룸 모아보기] 2030 초선이 내놓은 '참패 진단'에…""탈당하라"" 반발 / JTBC News",2021. 4. 9.,김은경,부동산실명제 차명부동산법 부동산전산화 통과시켜라 부동산실명제 대통령을 원한다 부동산전산화 로 투기꾼을박멸하자 분양조건형 임대아파트가 답이다 ㅊ,1주 전,JTBC News,163,29,0
"[뉴스룸 모아보기] 2030 초선이 내놓은 '참패 진단'에…""탈당하라"" 반발 / JTBC News",2021. 4. 9.,동효삼,"개혁하라고 180석이나  몰아 줬더니  할일은  않고  배때기  두드리다가  무슨  난데없는  조국, 추미애  타령??니들은  그 사람들  10분지 1은  애써봤니?",2주 전,JTBC News,163,29,22
"[뉴스룸 모아보기] 2030 초선이 내놓은 '참패 진단'에…""탈당하라"" 반발 / JTBC News",2021. 4. 9.,계륵,다른건 모르겠고 .. 당규 바꿔가며 후보를 낸게 패착이라고 본다. 소탐대실.... 시장 탐내다 대선까지 망칠판,2주 전,JTBC News,163,29,3
"[뉴스룸 모아보기] 2030 초선이 내놓은 '참패 진단'에…""탈당하라"" 반발 / JTBC News",2021. 4. 9.,1781 ka,이해충돌방지법 먼저 통과시켜라 그딴 당내 노선 싸움은 너네끼리 하고,2주 전,JTBC News,163,29,8
"[뉴스룸 모아보기] 2030 초선이 내놓은 '참패 진단'에…""탈당하라"" 반발 / JTBC News",2021. 4. 9.,Heekyu Jayden Kang,"형이 객관적으로 패배원인 말해줄께.  선거후 친야언론들 일제히 패배원인 청년 불공정 분노,조국탓 어째고 하는데 다 사기. 180석 줬는데 지들 편 조국 일가 죽이고 미투로 다 죽고 이런 힘없는 정부 밀어봤자 득없다 생각한거야.윤씨하나에 휘둘린 집권여당, 대통령 20,30대 젊은 남자들이 지지하겠냐? 애처로움 작전은 저번 총선때까지만 먹힌거야. 아직도 이유도 모르고 친야언론들 선동질 조국에 반성하라는 둥 공작에 놀아나는 세작들이 가득한 민주당 진심 걱정된다.",2주 전,JTBC News,163,29,0
"[뉴스룸 모아보기] 2030 초선이 내놓은 '참패 진단'에…""탈당하라"" 반발 / JTBC News",2021. 4. 9.,박영채,누구때문에 뺏지 달았는지 다시 생각해보시지..5명의 초선의원은 촛불국민으로서 배신감과 비통함으로 심판하리라너희가 감히 조국장관을 입에올리다니..너희가 오판한거 그게 너희들의 오만함..반성해라,2주 전(수정됨),JTBC News,163,29,0
"[뉴스룸 모아보기] 2030 초선이 내놓은 '참패 진단'에…""탈당하라"" 반발 / JTBC News",2021. 4. 9.,SY K,2030들이 그나마 현실감각이 있네 ㅋㅋ근데 민주당은 절대 페미랑 조국 못버릴껄?  페미 + 윤미향 조국 이런애들 못쳐내면 한동안 절대 정권 못찾음 어차피 콘크리트 양쪽 30에 나머지 중도를 어떻게 끌어들이느냐 인데 정청래가 2030 의원 불러서 혼냈다 라는 말 보고 그냥 끝났구나 싶더라 ㅋㅋ,2주 전(수정됨),JTBC News,163,29,2
"[뉴스룸 모아보기] 2030 초선이 내놓은 '참패 진단'에…""탈당하라"" 반발 / JTBC News",2021. 4. 9.,강상우,탈당 없으면 대선 아마도 힘들것,2주 전,JTBC News,163,29,1
"[뉴스룸 모아보기] 2030 초선이 내놓은 '참패 진단'에…""탈당하라"" 반발 / JTBC News",2021. 4. 9.,이영순,(검찰개혁  언론개혁 해야지 )ㆍ패배원인~  세금폭탄  ㆍ부동산정책 실패~국민한테  책임전가  ㆍ 국민이  잘사는꼴을  못봐주는정부  세금으로  국민쥐어짜기   ㆍ민주당  대  실망 😭,2주 전,JTBC News,163,29,6
"[뉴스룸 모아보기] 2030 초선이 내놓은 '참패 진단'에…""탈당하라"" 반발 / JTBC News",2021. 4. 9.,우길단,아직도 모르네왜2030초불들었다조국수호 검찰개혁 서초동 여의도 목이아프도록외친2030니네들이개혁안하고하는일마다열받는 짓거리하니까2030이 돌아선것이다제발국암당으로 가서 소신것일해라,2주 전,JTBC News,163,29,0
"[뉴스룸 모아보기] 2030 초선이 내놓은 '참패 진단'에…""탈당하라"" 반발 / JTBC News",2021. 4. 9.,한민규,와 댓글들 미쳤네 이렇게 가다가는 정권도 뺏기겠네 저 초선의원들뿐 아니라 이런 인식때문에,2주 전,JTBC News,163,29,0
"[뉴스룸 모아보기] 2030 초선이 내놓은 '참패 진단'에…""탈당하라"" 반발 / JTBC News",2021. 4. 9.,최창혁,"국힘당이 태극기 부대 때문에 선거 졌다고 하면 딱 나올 반응이랑 똑같네ㅋㅋㅋ 그말은 즉, 태극기부대 = 문빠. 극단적인 사람들 종교 정치 좀 그만하고 빠져나와서 보편적인 국민의 시선으로 돌아오길. 지금 본인들이 사이비종교나 마찬가지라는 걸 모르는 듯.",2주 전,JTBC News,163,29,0
"[뉴스룸 모아보기] 2030 초선이 내놓은 '참패 진단'에…""탈당하라"" 반발 / JTBC News",2021. 4. 9.,플랑크톤,"2030의원들, 초선의원들 응원합니다.",2주 전,JTBC News,163,29,3
"[뉴스룸 모아보기] 2030 초선이 내놓은 '참패 진단'에…""탈당하라"" 반발 / JTBC News",2021. 4. 9.,jeh04013541,아직 정신 못차렸네! 국민을 졸로 보는거 맞다. 이제와서 반성? 웃겨! 밥그릇 챙기자고  눈치 보다가 줄바꾸기 착수 하는건가?,2주 전,JTBC News,163,29,4
"[뉴스룸 모아보기] 2030 초선이 내놓은 '참패 진단'에…""탈당하라"" 반발 / JTBC News",2021. 4. 9.,Pablo kim,"ㅋㅋㅋㅋㅋ역시 아직도 지들이 뭘 잘못했는지 몰라. 그냥 누구 핑계대야 하니까 구킴당, 언론 탓하기 뭐하니까 이제는 조국, 추미애... 차라리 나견이 핑계 댓으면 이해나 하지....잘한다.",2주 전,JTBC News,163,29,2
"[뉴스룸 모아보기] 2030 초선이 내놓은 '참패 진단'에…""탈당하라"" 반발 / JTBC News",2021. 4. 9.,정완기,좋은 정보 감사합니다  저도 진보적인 사람인데 친노 친문들은 어쩔수 없네요 열 린우리당 시절에도  우리 만주당을 말아먹더니 지금도 똑같네  친노 친문들이 나가서 새로운 당 을 만들어라 우리 민주당 더이상 망치지말고 김대중 대통령님 욕보이지마라,2주 전,JTBC News,163,29,2
"[뉴스룸 모아보기] 2030 초선이 내놓은 '참패 진단'에…""탈당하라"" 반발 / JTBC News",2021. 4. 9.,꽃길모란,이소영 넌 이제 끝이야~~너한테 표를 줬는데 이제 끝,2주 전,JTBC News,163,29,7
"[뉴스룸 모아보기] 2030 초선이 내놓은 '참패 진단'에…""탈당하라"" 반발 / JTBC News",2021. 4. 9.,우리터전,"이소영~~ 2030이 언제 조국이 잘못되었다는거야???  차라리 수박이니 국힘당 가려고 준비하니??? 그냥 집값상승과  LH사건과,  2030의 특히 남성을 배려하지않은처사였다~~ 이제 LH의 공무원투기는 잡아가고 있고,  부동산도 자라집혀가는게 안보이냐???  너는 분명 말하자면,,  조국과 검찰개혁으로 국회위원 되었는거 잊지마라~~",1주 전,JTBC News,163,29,1
"[뉴스룸 모아보기] 2030 초선이 내놓은 '참패 진단'에…""탈당하라"" 반발 / JTBC News",2021. 4. 9.,161 24,여기 댓글만 봐도 민주당이 왜 졌는지 알겠네 ㅋㅋㅋ 잘못된건 잘못됬다고 말할수 있어야한다 내 당이니까 무조건 옳고 니 당이니까 무조건 틀리다는 맹목적인 사고는 이제 좀 버리는게 어떨까?,2주 전,JTBC News,163,29,3
"[뉴스룸 모아보기] 2030 초선이 내놓은 '참패 진단'에…""탈당하라"" 반발 / JTBC News",2021. 4. 9.,aurora,민주당 초선이 저 정도라면 민주당은 안되겠다. 사람 쓰고 버리는 당 필요없다.,2주 전,JTBC News,163,29,0
"[뉴스룸 모아보기] 2030 초선이 내놓은 '참패 진단'에…""탈당하라"" 반발 / JTBC News",2021. 4. 9.,조성주,국민과 청년을 함부로 담지말아라. 마치 자신들의  입장문에 정당성을 주장하는데나 사용하는 전형적인 낡아빠진 정치적인 화법일뿐. 절대 용서할 수 없다.민주당의 초선답지 않다. 국힘당이면 그러려니 하겠지만.,2주 전,JTBC News,163,29,1
"[뉴스룸 모아보기] 2030 초선이 내놓은 '참패 진단'에…""탈당하라"" 반발 / JTBC News",2021. 4. 9.,달려라 마루쉐,끝까지 남성 역차별은 운운하지않네 왜 20 30 남성이 압도적으로 야당에 몰표박앗는데 어휴,2주 전,JTBC News,163,29,6
"[뉴스룸 모아보기] 2030 초선이 내놓은 '참패 진단'에…""탈당하라"" 반발 / JTBC News",2021. 4. 9.,김용진,구속된 아줌마가 대통령할때 이 비슷한거 본거 같은데..... 역시 늙어빠진 정치인은 캬~~약 퉤!!,2주 전,JTBC News,163,29,1
"[뉴스룸 모아보기] 2030 초선이 내놓은 '참패 진단'에…""탈당하라"" 반발 / JTBC News",2021. 4. 9.,sm w,니들다음공천은 결사반대할깃이다 국회의원은 국힘당에서 할수있음해라,2주 전(수정됨),JTBC News,163,29,2
"[뉴스룸 모아보기] 2030 초선이 내놓은 '참패 진단'에…""탈당하라"" 반발 / JTBC News",2021. 4. 9.,이정욱,"정신차려라 민주당아 조국, 윤석렬, 한명숙때 니들이 제대로 한 것이 무엇이냐?",2주 전,JTBC News,163,29,9
"[뉴스룸 모아보기] 2030 초선이 내놓은 '참패 진단'에…""탈당하라"" 반발 / JTBC News",2021. 4. 9.,johannes lee,주사파들이 있는 더듬어당은 더이상 대한민국의 정당이 아니다 그냥 광신도일뿐이다,2주 전,JTBC News,163,29,1
"[뉴스룸 모아보기] 2030 초선이 내놓은 '참패 진단'에…""탈당하라"" 반발 / JTBC News",2021. 4. 9.,조항헌,대통령의 인사실패는 정말 최고다 감사원장 총장 건교장관등,2주 전,JTBC News,163,29,0
"[뉴스룸 모아보기] 2030 초선이 내놓은 '참패 진단'에…""탈당하라"" 반발 / JTBC News",2021. 4. 9.,yn wa,아니 페미랑 남성역차별이 지분70%는 차지하는데 그것만 쏙 빼고 패배원인 말하네ㅋㅋ그니깐 안되는 거라고. 니들 듣고싶은 거만 들으니깐.ㅉ,2주 전,JTBC News,163,29,13
"[뉴스룸 모아보기] 2030 초선이 내놓은 '참패 진단'에…""탈당하라"" 반발 / JTBC News",2021. 4. 9.,서묘숙,반성하는척조용히있으면상대방이 똥볼그러면 선거승리이리 쉬운걸ㅉㅉ,2주 전(수정됨),JTBC News,163,29,0
"[뉴스룸 모아보기] 2030 초선이 내놓은 '참패 진단'에…""탈당하라"" 반발 / JTBC News",2021. 4. 9.,유님,조국을 다 신뢰하지는 않지만 니네들 초선이 그리 깨끗하니??니네들이 그리할수있니???어차피 개검과 보수언론이 극우들이 조직적 작전을 하는데...,2주 전,JTBC News,163,29,6
"[뉴스룸 모아보기] 2030 초선이 내놓은 '참패 진단'에…""탈당하라"" 반발 / JTBC News",2021. 4. 9.,사탄친구,민주당 총선때 지지한것 후회될정도이다 자만에빠저있꼴 더러운 국민짐에게 승리를 내준 민주당 !!!,2주 전,JTBC News,163,29,6
"[뉴스룸 모아보기] 2030 초선이 내놓은 '참패 진단'에…""탈당하라"" 반발 / JTBC News",2021. 4. 9.,양화진,이정권은 도대체 비리 수사는 아예 안함   윤미향같은 악마가 아직도 국개의원이니   쯧국민들이계속 지켜보고 있다,2주 전,JTBC News,163,29,1
"[뉴스룸 모아보기] 2030 초선이 내놓은 '참패 진단'에…""탈당하라"" 반발 / JTBC News",2021. 4. 9.,조규선,지금 민주당은 공당이 아니고 친노 친문 개인 사당이다~사악한 사기꾼 집단들이다~,2주 전,JTBC News,163,29,1
"[뉴스룸 모아보기] 2030 초선이 내놓은 '참패 진단'에…""탈당하라"" 반발 / JTBC News",2021. 4. 9.,Da Ba,이소영 초선 의원님.. !!   하고싶은말을 하지 말고 정말 국민들이 어떤 생각을 하고 어떤것을 원하는지 그것을 이해 하고 말씀을 해 줬으면 합니다.............  다시 한번 거듭나길 기원합니다.,2주 전,JTBC News,163,29,9
"[뉴스룸 모아보기] 2030 초선이 내놓은 '참패 진단'에…""탈당하라"" 반발 / JTBC News",2021. 4. 9.,대머리낙지,나라가 지금 공산화 되고있는데 누가 더듬어민주를 뽑냐 페미대통령에 공약도 하나 안지키고 언론플레이 개심하고 국민에게 이득보다는 국뽕을 강조하는 현실 줫같다,2주 전,JTBC News,163,29,3
"[뉴스룸 모아보기] 2030 초선이 내놓은 '참패 진단'에…""탈당하라"" 반발 / JTBC News",2021. 4. 9.,HJ Park,조국 사태이후에 180석을 얻는 선거를 했는데 무슨 개소리들 하는거지? 그냥 나가라,2주 전,JTBC News,163,29,5
"[뉴스룸 모아보기] 2030 초선이 내놓은 '참패 진단'에…""탈당하라"" 반발 / JTBC News",2021. 4. 9.,홍홍,"정신을 못차리는구만..공정한 사회? = 도대체 뭐가 공정한 사회인가? 예를 하나 들어 보라.최저임금 상승? = 없어진 일자리..알바..누구를 위한 초고속 최저 임금인가?도대체 왜 조국 탓이라고 생각 할까? 조국은 조금 도움을 주었을뿐...조국때문에 안찍었다. 몇%일까?전혀 감을 못 잡고 있어. 지금 20대는 오세훈이 뭐 했는지...최루탄 가스가 매운건지..빨간당이 지금까지 어떻게 이 나라를 지배 했는지 모른다. 단지, 지금..지금..지금이 중요할 뿐이다.",2주 전,JTBC News,163,29,6
"[뉴스룸 모아보기] 2030 초선이 내놓은 '참패 진단'에…""탈당하라"" 반발 / JTBC News",2021. 4. 9.,김시연,세상에는  다생각이다르겠지만 이것아니다 조국 전 장관님을 탓을하다니 입에다가  똥물을부삐라,2주 전,JTBC News,163,29,0
"[뉴스룸 모아보기] 2030 초선이 내놓은 '참패 진단'에…""탈당하라"" 반발 / JTBC News",2021. 4. 9.,보통사람,2030 탈당합시다. 민주당은썩었다,2주 전,JTBC News,163,29,8
"[뉴스룸 모아보기] 2030 초선이 내놓은 '참패 진단'에…""탈당하라"" 반발 / JTBC News",2021. 4. 9.,Yuzu Fujinaga,2030의 민주당 의원들은 배신자들이네,2주 전,JTBC News,163,29,4
"[뉴스룸 모아보기] 2030 초선이 내놓은 '참패 진단'에…""탈당하라"" 반발 / JTBC News",2021. 4. 9.,박진석,누구를 찍던지 국민은 내지갑불려주는 당 찍는다~ 그게 현실이고..돈불려준다면 김정은이도 찍어준다..우리 어르신들은.,2주 전,JTBC News,163,29,1
"[뉴스룸 모아보기] 2030 초선이 내놓은 '참패 진단'에…""탈당하라"" 반발 / JTBC News",2021. 4. 9.,정주원,진보당 맞냐? 초선의원들이 어떻게든 문제해결 해볼라고 용기 냈는데 걍 무시.. 이게 어케 진보당이여..,2주 전,JTBC News,163,29,8
"[뉴스룸 모아보기] 2030 초선이 내놓은 '참패 진단'에…""탈당하라"" 반발 / JTBC News",2021. 4. 9.,해바라기,야 이소영  똑바로 알아라  적폐언론때문에 진거야민주당은 잘못없어조국만큼만 깨끗해라 그래라,2주 전(수정됨),JTBC News,163,29,2
"[뉴스룸 모아보기] 2030 초선이 내놓은 '참패 진단'에…""탈당하라"" 반발 / JTBC News",2021. 4. 9.,D Jung,민주당의 을사오적이다..,2주 전,JTBC News,163,29,4
"[뉴스룸 모아보기] 2030 초선이 내놓은 '참패 진단'에…""탈당하라"" 반발 / JTBC News",2021. 4. 9.,Dd Ss,극좌파가 대한민국을 망하게 하는구나,2주 전,JTBC News,163,29,3
"[뉴스룸 모아보기] 2030 초선이 내놓은 '참패 진단'에…""탈당하라"" 반발 / JTBC News",2021. 4. 9.,Young So,2030 저것들은 핀트를 잡지도 못하네 조국때문에 그런거 같냐 페미옹호랑 부동산이지,2주 전,JTBC News,163,29,2
"[뉴스룸 모아보기] 2030 초선이 내놓은 '참패 진단'에…""탈당하라"" 반발 / JTBC News",2021. 4. 9.,뭐ᄒ,더듬어 만진당 망친건 위선적인 정부와 조국사태 억지 검찰개혁 윤석열 끌어내기 윤미향 친중 페미정책 여성부 이거다 ㅋㅋㅋㅋ 더 망해야지 정신차리지 그나마 초선들은 머리좀 덜 깨졋나보네 ㅋㅋ 희망이보인다,2주 전(수정됨),JTBC News,163,29,2
"[뉴스룸 모아보기] 2030 초선이 내놓은 '참패 진단'에…""탈당하라"" 반발 / JTBC News",2021. 4. 9.,멍멍이,문제의 본질을 흐리는구려 이보쇼 본질은  집권내내 부동산 폭등이오 서민눈물 어쩔겨 서민들은 부동산을 빼았겨소 참,2주 전(수정됨),JTBC News,163,29,5
"[뉴스룸 모아보기] 2030 초선이 내놓은 '참패 진단'에…""탈당하라"" 반발 / JTBC News",2021. 4. 9.,유스대표,아직 멀었다 민주당 수구골통이 되가고 있다,2주 전,JTBC News,163,29,2
"[뉴스룸 모아보기] 2030 초선이 내놓은 '참패 진단'에…""탈당하라"" 반발 / JTBC News",2021. 4. 9.,정짱구,조국추미애가 내로남불 불공정의 근원적 사건이었으니 국민민심이반의 불씨였지. 민주당지지주류들은 이런걸 싫어하겠지. 초선들이 이런벽을 깨기에는 역부족일듯.,2주 전,JTBC News,163,29,1
"[뉴스룸 모아보기] 2030 초선이 내놓은 '참패 진단'에…""탈당하라"" 반발 / JTBC News",2021. 4. 9.,Geonho Song,"언론개혁, 검찰개혁하면 지들이 이길 줄 아나봐 ㅋㅋㅋ 니들 그렇게 멋대로하면 전라도빼고 전부빨강에 국힘이 200당 먹고 개헌까지 한다 정신차려라.",2주 전,JTBC News,163,29,2
"[뉴스룸 모아보기] 2030 초선이 내놓은 '참패 진단'에…""탈당하라"" 반발 / JTBC News",2021. 4. 9.,생생,ㅇ역시 조중동 조국 추미애가 윤설열에게 졌다는 그런 논리를 만드는 거야 ㅎㅎㅎㅎ,2주 전,JTBC News,163,29,1
"[뉴스룸 모아보기] 2030 초선이 내놓은 '참패 진단'에…""탈당하라"" 반발 / JTBC News",2021. 4. 9.,sanju pak,"성명서낸  초선 5인 보아라.  개혁하라고 180석 몰아 주었는데 니들이  협치한다고 세월 보내며 검찰과 국힘, 언론등 부당한 몽니에 끌려다니기만 한 지난1년에  민주 시민들이 실망한것을 모르니? 검찰개혁이 국민의 뜻이 아니라 니들 민주당이 정략적 이유로 하는 거였니? 니들의 그 천박한 인식에 분노한다.  검찰의 제식구 감싸기, 선택적 수사와 기소, 정치적 수사, 사건조작, 언론과 야합하는 검찰의 모습을 니들은 못보았다는 말인가? 사법정의를 세워야할 검찰의 타락으로 피눈물을 흘리는 것은 국민들이다. 더욱이 이번 선거 참패가 조국과 추미애  때문이니?  조국과 추미애가 당한 고통과 가족의 아픔이 그들의 잘못 때문이라는 말이니?  윤석열의 항명하며 제식구 감싸기 할때 니들은 머했니?  과정에 추미애가 멀 잘못했다는 거니? 니들이 말하는 국민은 누구니? 박원순이 가해자라는 증거 있으면 하나라도 보여봐라. 니가 박원순을 알아?  기가 막힌다. 당장 의원직 반납해라.",2주 전,JTBC News,163,29,5
"[뉴스룸 모아보기] 2030 초선이 내놓은 '참패 진단'에…""탈당하라"" 반발 / JTBC News",2021. 4. 9.,문보민,아마 이낙연씨가 대본 써줬나보죠ᆢ 허구헌날 가자격리 들어가는 이낙연씨 ! 초선의원들까지 갈라치기 하지마세요,2주 전,JTBC News,163,29,2
"[뉴스룸 모아보기] 2030 초선이 내놓은 '참패 진단'에…""탈당하라"" 반발 / JTBC News",2021. 4. 9.,이경호,대깨들이 득달같이 달려드는구나,2주 전,JTBC News,163,29,1
"[뉴스룸 모아보기] 2030 초선이 내놓은 '참패 진단'에…""탈당하라"" 반발 / JTBC News",2021. 4. 9.,뽀게버렷,당이름부터 바꿔야 할듯  문공산당공중파 방송사 들도 반성해야 하죠???거짓  허위  로 국민들의  귀를 막았으니....윗쪽나라 대표에게  건내준  USB 내용을 공개 하고 조사해서  우리나라 대표 랍시고 있는 이를 끌어내려야하지 안을까요????,2주 전,JTBC News,163,29,7
"[뉴스룸 모아보기] 2030 초선이 내놓은 '참패 진단'에…""탈당하라"" 반발 / JTBC News",2021. 4. 9.,잘니꼴라 지알라,아직도 조국  핑계대고 있어지가족  털릴까봐공소시효지나도록 자리차지하고  조국만털어온    썩여리탓인걸   초선아초선아   초선아   초선아  초선아오초선    정신차려라,2주 전,JTBC News,163,29,2
"[뉴스룸 모아보기] 2030 초선이 내놓은 '참패 진단'에…""탈당하라"" 반발 / JTBC News",2021. 4. 9.,권혁미,이소영 뭐래니헛소리 그만하고 입 닫아라원인 분석 똑바로하고 나대라열받네 진짜!!,2주 전,JTBC News,163,29,4
"[뉴스룸 모아보기] 2030 초선이 내놓은 '참패 진단'에…""탈당하라"" 반발 / JTBC News",2021. 4. 9.,Junho Kim,이소영 의원 헛소리 말고 탈당해서 국민의힘으로 가세요,2주 전(수정됨),JTBC News,163,29,7
"[뉴스룸 모아보기] 2030 초선이 내놓은 '참패 진단'에…""탈당하라"" 반발 / JTBC News",2021. 4. 9.,Scott hi,배신자여 조국화이팅 추미애 화이팅!,2주 전,JTBC News,163,29,3
"[뉴스룸 모아보기] 2030 초선이 내놓은 '참패 진단'에…""탈당하라"" 반발 / JTBC News",2021. 4. 9.,보스베이비,"민주당에 2030초딩 의원들 미성숙하고 한심한 발언이 패배를 넘어 분노케 한다. 왜 민주당 지지자가 촛불을 들고 염원하며 개혁을 외치는지, 노선도 못 찾고 민주당에 있다면 참으로 부끄러운 일이다. 그대 초딩들이 패배의 주 원인 일 수도 있다. 왜 민주당은 항상 점잖게 폼만 잡는가?",2주 전(수정됨),JTBC News,163,29,0
"[뉴스룸 모아보기] 2030 초선이 내놓은 '참패 진단'에…""탈당하라"" 반발 / JTBC News",2021. 4. 9.,sang shin,"이상한 것을 반성하는 민주당원이 있네,  국민들은  180석을 가진 민주당이 힘을 더 내기를 기다리고 있다,  개혁의 성과를 보여주기를 특히 180석 국회의원들이 힘을 너무 못 쓰는 것 같아  180석 쉽게 만들어지는 것이 아닌만큼 그 기대도 큰 거야,   80석 민주당과 180석 민주당이 다르다는 것을 보여줘야 하지 않을까? 180석 국민의 땀과 노력과 열망으로 만들어진거야,  그리고 조국 탓하는 애들은 다 탈당시켜 그정도 시야를 가지고 있다면 180명 안에 들어갈 자격이 없다,   내부의 적이 제일 나쁜 적이야,",2주 전(수정됨),JTBC News,163,29,3
"[뉴스룸 모아보기] 2030 초선이 내놓은 '참패 진단'에…""탈당하라"" 반발 / JTBC News",2021. 4. 9.,EDEL Sang Jun Yun,"진짜 궁금한건데... 댓글들 보면 조국이 무슨잘못이냐는 분들은...정말로 잘못이라는 단어의 의미를 모르는 건가요?아니면... 그래도 좋아하는 사람인데... 감싸주고 싶은게 선을 넘는건가요???잘못할수있죠... 잘못을 인정하고 책임지는 모습을 보이면...다시 기회가 올거고... 그때 다시 자기의 철학을 사회에 펼치는 자세가 그가 말하는 용아닌가요?지금의 모습은 가재, 게, 붕어도 아까운 피래미 그이상도 이하도 아닙니다.어느쪽이든 투명하게, 성실하게, 국민을 위하는 사람에게 응원을 보냅시다...",2주 전(수정됨),JTBC News,163,29,4
"[뉴스룸 모아보기] 2030 초선이 내놓은 '참패 진단'에…""탈당하라"" 반발 / JTBC News",2021. 4. 9.,12,차기 지도부도 친문으로 가득찬다면 민주당은 ㄹㅇ답이 없는 정당으로 전락할 것입니다.이번에 큰 회초리를 맞앚으니 정신 차리고 이번 지도부는 이재명을 중심으로 통합하며 이제는 문재인이미지를 당 내에서 슬슬 지워야합니다.,2주 전,JTBC News,163,29,0
"[뉴스룸 모아보기] 2030 초선이 내놓은 '참패 진단'에…""탈당하라"" 반발 / JTBC News",2021. 4. 9.,조항헌,조국은 아무잘못없다 언론과 검찰이 문제지,2주 전,JTBC News,163,29,0
"[뉴스룸 모아보기] 2030 초선이 내놓은 '참패 진단'에…""탈당하라"" 반발 / JTBC News",2021. 4. 9.,분당악기 기타공작실,조국... 윤미향 ...... ...,2주 전,JTBC News,163,29,2
"[뉴스룸 모아보기] 2030 초선이 내놓은 '참패 진단'에…""탈당하라"" 반발 / JTBC News",2021. 4. 9.,송암,이소영 나가라!,2주 전,JTBC News,163,29,6
"[뉴스룸 모아보기] 2030 초선이 내놓은 '참패 진단'에…""탈당하라"" 반발 / JTBC News",2021. 4. 9.,dmsens rha,아직도 참패원인을 모르는구나! 정치신념으로 정공법을 택하기보다 핑계거리와 희생양을 찾아 제물로 받칠 심산이라니..우직한 신념은 없고 발빠른 계산이 먼저니 동지로서 믿어서는 안되는 젊은이들일세.,2주 전,JTBC News,163,29,9
"[뉴스룸 모아보기] 2030 초선이 내놓은 '참패 진단'에…""탈당하라"" 반발 / JTBC News",2021. 4. 9.,san kim,이번 보궐선거의 참폐원인중 하나를조국사태에 두는 것을 보고 기가차다지난 총선결과는 유령이 지지했나?참 웃긴 괴변이다저런 자들이 민주당의 2030이라니진짜 차라리 탈당을 해라한편다시 조국을 얘기하는 걸 보면조국으로 거짓을 덧 씨우려던적폐세력들의 장난질에놀아나는 모습같은 건 뭘까?해방후70년을 지배해 온 기득권세력!너희 적폐들이 이번에도 웃는 건가? 쳐 죽일 놈들~,2주 전,JTBC News,163,29,4
"[뉴스룸 모아보기] 2030 초선이 내놓은 '참패 진단'에…""탈당하라"" 반발 / JTBC News",2021. 4. 9.,Kompetẹnz,"아직도 멀었씀. 서양에서는 의혹이있으면, 우선 직 내려놓고, 의원직 내려놓고, 당에서 쫓겨나고, 일주일만에 다 해결된다.너희들은 범죄를 저질러도,  들키면, 아니라고, 우기는 족속들임. 법이 잘못됬다. 이런 소리가 요즘은 금방금방, 딴나라 정보기관에들어간다. 창피 안하냐? 조국사건 를 보면, 수준이 아주 밑바닥 이라는것이 확들어나는 시작이었씀.",2주 전(수정됨),JTBC News,163,29,4
"[뉴스룸 모아보기] 2030 초선이 내놓은 '참패 진단'에…""탈당하라"" 반발 / JTBC News",2021. 4. 9.,찬당,이소영 너나 잘하세요 듣보잡 수고,2주 전,JTBC News,163,29,3
"[뉴스룸 모아보기] 2030 초선이 내놓은 '참패 진단'에…""탈당하라"" 반발 / JTBC News",2021. 4. 9.,Gundong Lee,민주당 이번 서울부산재보궐선거패배! 이유 정말 몰라서들 이러나? 거짓말들 그만하고 솔직하게 말합시다. 국짐당? 오세훈? 박형준? 이 예뻐서? 투표 했나요? 국짐당! 오세훈! 박형준! 거짓말! 비리! 몰라서 투표 한줄 아시나요? 민주당 정부의 “ 부동산 정책”하나! 때문 입니다. 다주택자보유세인상! 재개발지역부동산투기근절! 불로소득근절! 부정이익전액환수! 부동산투기강력수사!부동산투기강력처벌! 이 모든것이 싫은거지요. 부동산 투기로 이제까지 잘먹고 잘살고 세금은 적게 내고 내 돈 없어도 은행에서 대출 받아서 갭투자 하고 앉아서 거저 부자 되며 떵떵 거리고 놀러 다니며 잘먹고 잘 살았는데.. 민주당 문재인 정부가 부동산 투기! 막겠다고 하니까! 다수의 서울부산해당시민들께서 민주당 버린것이 결정적인 요인이 되어서 이번 선거의 결과로 나온것 아닙니까? 집값 떨어지고! 세금 많아지고! 돈 더이상 못 벌고! 이제까지 부동산 투기로벌어논 돈도 도로 물어내야 하고여차하면 감옥가게 생겼는데.. 민주당에게 투표 하겠어요?,2주 전(수정됨),JTBC News,163,29,1
"[뉴스룸 모아보기] 2030 초선이 내놓은 '참패 진단'에…""탈당하라"" 반발 / JTBC News",2021. 4. 9.,송암,개혁 발목 잡는 수박 들이 젊은이 라니 그래서 개혁  이 지지 부진 했고만 기회주이자 일뿐 나가라!민주당 정체성  헤손 일뿐~,2주 전,JTBC News,163,29,1
"[뉴스룸 모아보기] 2030 초선이 내놓은 '참패 진단'에…""탈당하라"" 반발 / JTBC News",2021. 4. 9.,James Lee,깝치지말고 들어가라 내분일으키지말고. 지금 잘해야하는건 앞으로 정책을 잘 수정해서 옳은 방향으로가는거다.. 인터뷰도 실체없이 대강 대강 문제만 나열해서 불만만 많은 애같다. 옳은 방향이라는건 공정 정의라고 슬로건해놓구는 정책만들고 하면 꼭 누군가가 혜택을 보는 것들을 만들어내서 20대 남자들같은 선의에 피해자가 나오는 멍청한 정책을 없애고 가는거다.,2주 전(수정됨),JTBC News,163,29,1
"[뉴스룸 모아보기] 2030 초선이 내놓은 '참패 진단'에…""탈당하라"" 반발 / JTBC News",2021. 4. 9.,Hena,"경험치가 낮아서 그런가, 현실 정치인이 왜 윤리 선생 흉내를 내고 있냐.. 국가부도와 국정농단에도 대통령 후보를 내는데, 시장 후보 낸 게 무슨 큰 잘못이라고..",2주 전,JTBC News,163,29,3
"[뉴스룸 모아보기] 2030 초선이 내놓은 '참패 진단'에…""탈당하라"" 반발 / JTBC News",2021. 4. 9.,김현성,"이소영 그 입 다물어라. 조국, 추미애 전 장관은 가족까지 피폐해져가면서 검찰개혁의 선두에 서서 최선을 다했는데 니네들은 뭘했다고 주뎅이를 터냐? 어리다고 뭐라하고 싶지 않지만 너네들 생각이 딱 거기까지라는 생각이 든다.",2주 전,JTBC News,163,29,7
"[뉴스룸 모아보기] 2030 초선이 내놓은 '참패 진단'에…""탈당하라"" 반발 / JTBC News",2021. 4. 9.,김윤희,"윤석열을 욕을 해야지!!! 무슨 조국,추미애를 소환하냐?그들만큼 기득권인 검찰에 항거해봤냐?",2주 전,JTBC News,163,29,2
"[뉴스룸 모아보기] 2030 초선이 내놓은 '참패 진단'에…""탈당하라"" 반발 / JTBC News",2021. 4. 9.,dod yi,뜬금없이 조국 전장관은 왜 소환? 조국 전장관이 문제였으면 지난 총선에서 패배했어야지.,2주 전,JTBC News,163,29,8
"[뉴스룸 모아보기] 2030 초선이 내놓은 '참패 진단'에…""탈당하라"" 반발 / JTBC News",2021. 4. 9.,Pnda D,초선들 말 들어라. 그래야 문통 살고 민주당 산다.,2주 전,JTBC News,163,29,4
"[뉴스룸 모아보기] 2030 초선이 내놓은 '참패 진단'에…""탈당하라"" 반발 / JTBC News",2021. 4. 9.,최한부,"나온 5명 빨리 당에서 떠나라,,,감히 조국을 갈궈,",2주 전,JTBC News,163,29,4
"[뉴스룸 모아보기] 2030 초선이 내놓은 '참패 진단'에…""탈당하라"" 반발 / JTBC News",2021. 4. 9.,chow bianca,"검찰개혁 먼저완성해라, 물러터진 민주당아, 조국만큼만 해라",2주 전,JTBC News,163,29,6
"[뉴스룸 모아보기] 2030 초선이 내놓은 '참패 진단'에…""탈당하라"" 반발 / JTBC News",2021. 4. 9.,sjudhsdd,초선들아 당선되고 하나 한게 없는 것들이 무슨 개소리들이세요?????? 니들이 한게 뭐가 있는데???????????????? 니들이 조국처럼 했냐고요............ 왜 니들도 검찰에게 약점 잡혔냐????그래서 그래??????,2주 전,JTBC News,163,29,4
"[뉴스룸 모아보기] 2030 초선이 내놓은 '참패 진단'에…""탈당하라"" 반발 / JTBC News",2021. 4. 9.,SU_A PARK,갑자기... 시장선거 참패에ㅋㅋ 조국장관이..????참나...1. 박영선 후보의 경쟁력이 없었음.-시장가서 감성팔이 선거활동... 언제적 선거 활동 입니까? 변한게 없음...2. 절대 국힘당이 잘해 뽑은게 아닙니다.국힘당의 미래는 없습니다.뽑을 사람이 없어 어쩔 수 없이 뽑았다는 겁니다.왜 20-30-40세대가 이낙연이 아닌이재명 도지사를 지지 할까요?-눈에 보이는 확실한 성과 그리고 추진력 입니다.제발 20대 한테 참패 라느니... 시대갈등 키우는여론 조작 좀 그만 하세요.,2주 전,JTBC News,163,29,3
"[뉴스룸 모아보기] 2030 초선이 내놓은 '참패 진단'에…""탈당하라"" 반발 / JTBC News",2021. 4. 9.,라로사,"못된것들?이낙연은 아웃이다.문재인대통령때문에 국회진출한것들이 은혜를 원수로 갚네.노웅래, 조응천, 이소영 탈당해라.",2주 전,JTBC News,163,29,2
"[뉴스룸 모아보기] 2030 초선이 내놓은 '참패 진단'에…""탈당하라"" 반발 / JTBC News",2021. 4. 9.,박종성,아 짜증나네 민주당에 저런 의원이 있는게 오히려 문제란 생각이 드네. 개혁을 확실히 못하고 수구세력에 밀린게 문제지. 조국이 머가 문제란 말이냐. 이 한심한 인간아,2주 전,JTBC News,163,29,1
"[뉴스룸 모아보기] 2030 초선이 내놓은 '참패 진단'에…""탈당하라"" 반발 / JTBC News",2021. 4. 9.,김정희,착각들하지마시라. 니네 초선위원들 일잘해서 국회의원 시켜준거아니다. 문재인대통령님 조국장관님 수호 때문이다,2주 전,JTBC News,163,29,4
"[뉴스룸 모아보기] 2030 초선이 내놓은 '참패 진단'에…""탈당하라"" 반발 / JTBC News",2021. 4. 9.,NJ Sean Kang,분명히 이해찬전대표깨서 너희 초선들 경거망동 하지말라고 하셨다너희들 조심해라감히 조국 장관을 건드려?,2주 전,JTBC News,163,29,4
"[뉴스룸 모아보기] 2030 초선이 내놓은 '참패 진단'에…""탈당하라"" 반발 / JTBC News",2021. 4. 9.,독도지킴이,조국과 추미애가 다 말아 먹었다.류시민과 김어준이 많이 보태주고,2주 전(수정됨),JTBC News,163,29,3
"[뉴스룸 모아보기] 2030 초선이 내놓은 '참패 진단'에…""탈당하라"" 반발 / JTBC News",2021. 4. 9.,왕건,조국?문은 아무 문제없고? ㅋㅋㅋ 그냥 2030 민주당도 별로다.,2주 전,JTBC News,163,29,1
"[뉴스룸 모아보기] 2030 초선이 내놓은 '참패 진단'에…""탈당하라"" 반발 / JTBC News",2021. 4. 9.,이뽀맘,민주당은 소신이 있는 당인가? 정말 실망이다 지금 분열할때인가?  조국전장관이 무슨 죄인가 검찰의 무리한 기소의 피해자일뿐 니들이 조국 전장관의 희생을 이리 물타기를 하나? 한심한것들,2주 전(수정됨),JTBC News,163,29,4
"[뉴스룸 모아보기] 2030 초선이 내놓은 '참패 진단'에…""탈당하라"" 반발 / JTBC News",2021. 4. 9.,똘또리,"2030세대 유권자의 가치기준이 잘못돼 있슴이 원인인데 웬 조국? 추미애? 이만큼 깨끗한 분들이 또 어딨어? 비리,반칙,불공정및 투기로 얼룩진 후보자를 선택한 유권자를 욕해야지 무슨 목사 장로 뽑자는거냐?",2주 전(수정됨),JTBC News,163,29,2
"[뉴스룸 모아보기] 2030 초선이 내놓은 '참패 진단'에…""탈당하라"" 반발 / JTBC News",2021. 4. 9.,서주우유,ㅋ 국짐당 선거 두번 이겼다고 기고만장 하는 꼴 봐라 ㅋ  과연 니들은 깨끗할까 ? 이번 선거 당한거 그대로 대선때 받을 준비나 해라 ㅋ 그때는 니들  당이 존재 할지 모르겠지만,2주 전(수정됨),JTBC News,163,29,5
"[뉴스룸 모아보기] 2030 초선이 내놓은 '참패 진단'에…""탈당하라"" 반발 / JTBC News",2021. 4. 9.,까마,조국대통령을 간절히 원합니다!,2주 전,JTBC News,163,29,3
