﻿Title,Date,ID,Comment,Comment_date,Channel,Like,Dislike,Comment_like
[현장+]2030 오세훈 선거 유세 “박영선 뚝 떨어뜨리자”,2021. 3. 30.,슈프림,숙대에 저런사람이 있다는게 놀랍다,2주 전,머니투데이,764,120,100
[현장+]2030 오세훈 선거 유세 “박영선 뚝 떨어뜨리자”,2021. 3. 30.,work to,많이 떠는거보니 진짜 대학생임,3주 전,머니투데이,764,120,230
[현장+]2030 오세훈 선거 유세 “박영선 뚝 떨어뜨리자”,2021. 3. 30.,Jhei Wng,숙대라고?? 와 저분 대학에서 보복당하는 거 아닐까 내가 다 걱정되네...,2주 전(수정됨),머니투데이,764,120,30
[현장+]2030 오세훈 선거 유세 “박영선 뚝 떨어뜨리자”,2021. 3. 30.,ᄋᄋ자살직전,숙대에 저런 사람이 있네 bb,3주 전,머니투데이,764,120,102
[현장+]2030 오세훈 선거 유세 “박영선 뚝 떨어뜨리자”,2021. 3. 30.,Bryce Jo,같은 20대지만 저 단상에 올라가는 것 엄청난 용기에요.. 특히 10~20대 세대는 프레임 싸움에서 집권여당에 공개적으로 반대 목소리 내는 게 살짝 힘든 세대였음 ㅋㅋ 그 20대가 여당에 투표하지 않는 건 본인들이 도게자 하면서 생각해봐야함,3주 전,머니투데이,764,120,96
[현장+]2030 오세훈 선거 유세 “박영선 뚝 떨어뜨리자”,2021. 3. 30.,커피커피,정말 가슴아프네요 기성세대도반성해야합니다,3주 전,머니투데이,764,120,45
[현장+]2030 오세훈 선거 유세 “박영선 뚝 떨어뜨리자”,2021. 3. 30.,홍hss,청년들  정말 불쌍합니다,3주 전,머니투데이,764,120,58
[현장+]2030 오세훈 선거 유세 “박영선 뚝 떨어뜨리자”,2021. 3. 30.,BBD,이건 진심이네 떠시는거봐...숙대에도 저런 인재가....,3주 전,머니투데이,764,120,56
[현장+]2030 오세훈 선거 유세 “박영선 뚝 떨어뜨리자”,2021. 3. 30.,SANGHUN OH,저단상에올라가는것만으로솔직히얘기하고좋아요,3주 전(수정됨),머니투데이,764,120,34
[현장+]2030 오세훈 선거 유세 “박영선 뚝 떨어뜨리자”,2021. 3. 30.,ED A,숙명여대?? ㅋㅋㅋㅋㅋ 와,2주 전,머니투데이,764,120,32
[현장+]2030 오세훈 선거 유세 “박영선 뚝 떨어뜨리자”,2021. 3. 30.,뎀나,이대보단 숙대제,2주 전,머니투데이,764,120,13
[현장+]2030 오세훈 선거 유세 “박영선 뚝 떨어뜨리자”,2021. 3. 30.,학생신철웅,이건 청년들이 보수화된게 아니라 문재인이 너무 못한거임,3주 전,머니투데이,764,120,79
[현장+]2030 오세훈 선거 유세 “박영선 뚝 떨어뜨리자”,2021. 3. 30.,Marco Lee,숙대 >>>>>>>>>>>>>>>>>>>>>>>>> 이대,2주 전,머니투데이,764,120,18
[현장+]2030 오세훈 선거 유세 “박영선 뚝 떨어뜨리자”,2021. 3. 30.,MINJUN CHO,숙대에 계실 분이 아닌데 저런 귀하신분을 ㄷ,2주 전,머니투데이,764,120,3
[현장+]2030 오세훈 선거 유세 “박영선 뚝 떨어뜨리자”,2021. 3. 30.,Jail가는국어강사박광일,오늘부터 '건동홍숙' 인정한다....,2주 전,머니투데이,764,120,7
[현장+]2030 오세훈 선거 유세 “박영선 뚝 떨어뜨리자”,2021. 3. 30.,서진영,문재인이 잘한거 하나있네 20대사람들 정치관심가지게 만들어줌,3주 전,머니투데이,764,120,31
[현장+]2030 오세훈 선거 유세 “박영선 뚝 떨어뜨리자”,2021. 3. 30.,역사적 경험치 부족한20대,세금 뚝 떨어트리자 ㄱㅈㅇ,3주 전,머니투데이,764,120,12
[현장+]2030 오세훈 선거 유세 “박영선 뚝 떨어뜨리자”,2021. 3. 30.,클템의신음을 먹고싶어,여자분이신데 청년이라고 말하네 멋지당,2주 전,머니투데이,764,120,17
[현장+]2030 오세훈 선거 유세 “박영선 뚝 떨어뜨리자”,2021. 3. 30.,yuha,눈나..,3주 전,머니투데이,764,120,12
[현장+]2030 오세훈 선거 유세 “박영선 뚝 떨어뜨리자”,2021. 3. 30.,보람찬하루,저 50대중반인데 이 영상을 보고 반성하고 있습니다.,2주 전,머니투데이,764,120,1
[현장+]2030 오세훈 선거 유세 “박영선 뚝 떨어뜨리자”,2021. 3. 30.,John Ber,"40대 아재, 아재매들요.. 젊은 사람들 생각은 이렇습니다 20대 지지율 결과보고 좀 생각을 해보세요...당신들이 민주화 운동하면서 맞서싸웠던 구시대의 적폐와 모순들이 이젠 당신네들 40대란 말입니다 ㅠㅠ",2주 전,머니투데이,764,120,34
[현장+]2030 오세훈 선거 유세 “박영선 뚝 떨어뜨리자”,2021. 3. 30.,골드포칼,숙대에도 정상인이 있었구나난 숙대하면 눈하나에 이마에 뿔달린 괴물만 있다고 배웠는데....,1일 전,머니투데이,764,120,0
[현장+]2030 오세훈 선거 유세 “박영선 뚝 떨어뜨리자”,2021. 3. 30.,하냥경이,숙명갓...  그 동안 오해해서 미안합니다. 숙 건동홍,2주 전,머니투데이,764,120,1
[현장+]2030 오세훈 선거 유세 “박영선 뚝 떨어뜨리자”,2021. 3. 30.,최수원,숙대에 이런  인물이 ㄷㄷㄷ,1주 전,머니투데이,764,120,0
[현장+]2030 오세훈 선거 유세 “박영선 뚝 떨어뜨리자”,2021. 3. 30.,구레구레,와 저 여대생 정말 진짜 많이 배우신 분이다 .....,3주 전(수정됨),머니투데이,764,120,4
[현장+]2030 오세훈 선거 유세 “박영선 뚝 떨어뜨리자”,2021. 3. 30.,노르웨이의숲,예쁘고 사상도 올바르시네요 00년생이라고 기사에서 본거같은데 제 동생이랑 동갑인데 진짜대단하세요 파이팅입니다!,3주 전,머니투데이,764,120,14
[현장+]2030 오세훈 선거 유세 “박영선 뚝 떨어뜨리자”,2021. 3. 30.,SH,와 이런 여자도 있네 ㄷㄷ 대단하심,1주 전,머니투데이,764,120,1
[현장+]2030 오세훈 선거 유세 “박영선 뚝 떨어뜨리자”,2021. 3. 30.,비비안,ㅋㅋㅋㄱㅋㅋㅋㅋㅋㅋㅋ,3주 전,머니투데이,764,120,1
[현장+]2030 오세훈 선거 유세 “박영선 뚝 떨어뜨리자”,2021. 3. 30.,SungOk Cho,멋있다!!🍀,2주 전,머니투데이,764,120,0
[현장+]2030 오세훈 선거 유세 “박영선 뚝 떨어뜨리자”,2021. 3. 30.,John Doe,긴장 많이 하셨다,7시간 전,머니투데이,764,120,0
[현장+]2030 오세훈 선거 유세 “박영선 뚝 떨어뜨리자”,2021. 3. 30.,두환,이게 청년의 목소리다...,3주 전,머니투데이,764,120,32
[현장+]2030 오세훈 선거 유세 “박영선 뚝 떨어뜨리자”,2021. 3. 30.,Kevin Lee,뭐지?,2주 전,머니투데이,764,120,1
[현장+]2030 오세훈 선거 유세 “박영선 뚝 떨어뜨리자”,2021. 3. 30.,현우,내 숙대친구는 맛좀갔던데 저런사람도 있구나 숙대에,5일 전,머니투데이,764,120,0
[현장+]2030 오세훈 선거 유세 “박영선 뚝 떨어뜨리자”,2021. 3. 30.,그냥없다,40대들 존나 웃긴게 사실20 30보다 40대 자녀 어린이들이 더 많은 시대를 살아야하는데 자기 자녀늘 한테공산화를 선물해주려고하는건가?,1주 전,머니투데이,764,120,1
[현장+]2030 오세훈 선거 유세 “박영선 뚝 떨어뜨리자”,2021. 3. 30.,호재,저런사람이 있는곳임에도 숙대 입결은 점점 내려간다..,2주 전,머니투데이,764,120,1
[현장+]2030 오세훈 선거 유세 “박영선 뚝 떨어뜨리자”,2021. 3. 30.,Aa88 Jang,젊은 청년들 화이팅 .정직한 청년들이네,3주 전,머니투데이,764,120,28
[현장+]2030 오세훈 선거 유세 “박영선 뚝 떨어뜨리자”,2021. 3. 30.,어흥이,멋있다!!!! 화이팅,3주 전,머니투데이,764,120,1
[현장+]2030 오세훈 선거 유세 “박영선 뚝 떨어뜨리자”,2021. 3. 30.,Sinabro forever,이번 선거가 민주당 두 성범죄자들로 인해서 수백억 혈세를 쓰면서 다시 치르게 됐는데 민주당 지지하는 놈들 선민의식 높은거 보면 진짜 얘네들은 쪽팔림을 모르는 40~50대 골통들이라는 생각밖에 안드네 ㅋㅋ,3주 전,머니투데이,764,120,9
[현장+]2030 오세훈 선거 유세 “박영선 뚝 떨어뜨리자”,2021. 3. 30.,너새니얼호손,화이팅입니다!,3주 전,머니투데이,764,120,6
[현장+]2030 오세훈 선거 유세 “박영선 뚝 떨어뜨리자”,2021. 3. 30.,강정우,의원이 아니라 실장이지,3주 전(수정됨),머니투데이,764,120,2
[현장+]2030 오세훈 선거 유세 “박영선 뚝 떨어뜨리자”,2021. 3. 30.,ks ahn,화이팅입니다 진짜!,3주 전,머니투데이,764,120,18
[현장+]2030 오세훈 선거 유세 “박영선 뚝 떨어뜨리자”,2021. 3. 30.,유말선,신현수 학생  나도 숙대에서 가게를 하는대  3학년 어덨과 에다니지요 꼭한번  보고 십어요,2주 전,머니투데이,764,120,0
[현장+]2030 오세훈 선거 유세 “박영선 뚝 떨어뜨리자”,2021. 3. 30.,SANGHUN OH,용기있는정권실정폭로멋저요,3주 전(수정됨),머니투데이,764,120,5
[현장+]2030 오세훈 선거 유세 “박영선 뚝 떨어뜨리자”,2021. 3. 30.,강정옥,공감합니다,3주 전,머니투데이,764,120,1
[현장+]2030 오세훈 선거 유세 “박영선 뚝 떨어뜨리자”,2021. 3. 30.,이슈채널 망고망고,어머니 고생하셨습니다,3주 전,머니투데이,764,120,4
[현장+]2030 오세훈 선거 유세 “박영선 뚝 떨어뜨리자”,2021. 3. 30.,멍멍이고양이,서울부동산 투기 스타트!!,3주 전,머니투데이,764,120,3
[현장+]2030 오세훈 선거 유세 “박영선 뚝 떨어뜨리자”,2021. 3. 30.,Dan,똑 부러진다!,3주 전,머니투데이,764,120,38
[현장+]2030 오세훈 선거 유세 “박영선 뚝 떨어뜨리자”,2021. 3. 30.,1q2w3e4r!!,ㅈㄴ 맞는말ㅋㅋㅋㅋ,3주 전,머니투데이,764,120,25
[현장+]2030 오세훈 선거 유세 “박영선 뚝 떨어뜨리자”,2021. 3. 30.,서Alaska,허영영찍어라.청년이산다,3주 전,머니투데이,764,120,7
[현장+]2030 오세훈 선거 유세 “박영선 뚝 떨어뜨리자”,2021. 3. 30.,Dan Dan,대깨도 많은데 은근 보수도 많음,2주 전,머니투데이,764,120,0
[현장+]2030 오세훈 선거 유세 “박영선 뚝 떨어뜨리자”,2021. 3. 30.,골목사진동네아저씨,열열히 응원핲니다.,3주 전,머니투데이,764,120,4
[현장+]2030 오세훈 선거 유세 “박영선 뚝 떨어뜨리자”,2021. 3. 30.,mo no,내곡동   안감,3주 전,머니투데이,764,120,2
[현장+]2030 오세훈 선거 유세 “박영선 뚝 떨어뜨리자”,2021. 3. 30.,G Chaos,"서울시장은 삼파전인가??빵영선인지 빡영선인지 빵 ㅈㄴ 잘뜯게 생긴 아줌마랑 오세훈, 그다음 우리의 희망 허본좌!!마음같아서는 허본좌를 뽑고 싶지만 빵상아줌마가 될까봐 차선으로 오세훈 뽑아야겠다.....",3주 전,머니투데이,764,120,7
[현장+]2030 오세훈 선거 유세 “박영선 뚝 떨어뜨리자”,2021. 3. 30.,ᄏᄏ,속이 뻥~,3주 전,머니투데이,764,120,2
[현장+]2030 오세훈 선거 유세 “박영선 뚝 떨어뜨리자”,2021. 3. 30.,sh kim,어ㆍ안보인다ᆢ너보니깐ᆢ,2주 전,머니투데이,764,120,0
[현장+]2030 오세훈 선거 유세 “박영선 뚝 떨어뜨리자”,2021. 3. 30.,거북이별,맞습니다 저도 청년으로서 집권여당과 정권의 독주와 위선 그리고 불공정에 반대하며 국힘당 지지합니다!!! 부끄러움을 모르는 권력에 투표로 보여줘야 합니다!!!,3주 전,머니투데이,764,120,8
[현장+]2030 오세훈 선거 유세 “박영선 뚝 떨어뜨리자”,2021. 3. 30.,HM M,진짜 586 욕해서 미안함. 40대 남자들이 문제였네,2주 전,머니투데이,764,120,0
[현장+]2030 오세훈 선거 유세 “박영선 뚝 떨어뜨리자”,2021. 3. 30.,김인복,시집 잘 가라,3주 전,머니투데이,764,120,1
[현장+]2030 오세훈 선거 유세 “박영선 뚝 떨어뜨리자”,2021. 3. 30.,김수길,그런데 저 학생 어렵게 사는것처럼 보이지 않네,2주 전,머니투데이,764,120,2
[현장+]2030 오세훈 선거 유세 “박영선 뚝 떨어뜨리자”,2021. 3. 30.,임동원,쑥대밭이야 이곳대학,3주 전,머니투데이,764,120,5
[현장+]2030 오세훈 선거 유세 “박영선 뚝 떨어뜨리자”,2021. 3. 30.,임선준,젊은 여성분이 정말로 큰 용기를 내서 연설을 하신것 같아 진심으로 응원합니다. 그리고 감사합니다.  주위 대깨문놈들의 위세에 눌려 말 못하는 기성세대로서 젊은이의 용기에 찬사를 보냅니다.민주당놈들 몰아내고 젊은이들의 미래를 위한 나라를 만듭시다.국민의 힘도 반성해야 합니다.   지금 잠깐 보이는 우세에 만족하여 전과 똑같이 행동한다면 이 놈의 정권을 심판하고자 하는 민심은 언제든 국민의 힘 을 향한 날카로운 칼날이 될 수 있습니다.지금 국민의 힘 지지는 국민의 힘이 결코 잘해서가 아니라 민주당 놈들.. 대깨문들.. 김어준이 꼴 보기 싫어서 지지하는 것임을 명심해야 할 것입니다.,3주 전,머니투데이,764,120,10
[현장+]2030 오세훈 선거 유세 “박영선 뚝 떨어뜨리자”,2021. 3. 30.,유리베,여학생 말은 다 맞아   근디 5씨가 비호감이라,3주 전,머니투데이,764,120,1
[현장+]2030 오세훈 선거 유세 “박영선 뚝 떨어뜨리자”,2021. 3. 30.,환기,오세훈의 죄는 서울시장이라는 직위를 이용해 그린벨트를 해제하고 샐프보상 36억을 받았다는 것.,3주 전,머니투데이,764,120,8
[현장+]2030 오세훈 선거 유세 “박영선 뚝 떨어뜨리자”,2021. 3. 30.,주사파 척결때까지,영선아 기권하고 세금 아끼자 그리고 도꾜가라 야스쿠니뷰 봐야지,3주 전,머니투데이,764,120,9
[현장+]2030 오세훈 선거 유세 “박영선 뚝 떨어뜨리자”,2021. 3. 30.,sk j,TV토론 하시오.,3주 전,머니투데이,764,120,5
[현장+]2030 오세훈 선거 유세 “박영선 뚝 떨어뜨리자”,2021. 3. 30.,코스모스,오세훈서울시장 화이팅,3주 전,머니투데이,764,120,21
[현장+]2030 오세훈 선거 유세 “박영선 뚝 떨어뜨리자”,2021. 3. 30.,apple big,ㅋ 돈받았네,3주 전,머니투데이,764,120,3
[현장+]2030 오세훈 선거 유세 “박영선 뚝 떨어뜨리자”,2021. 3. 30.,Poko km,젊은이가 똑똑해 빨리께였네,3주 전,머니투데이,764,120,5
[현장+]2030 오세훈 선거 유세 “박영선 뚝 떨어뜨리자”,2021. 3. 30.,KongYaHeeMa,이준석 0선인데 ㅋ,2주 전,머니투데이,764,120,0
[현장+]2030 오세훈 선거 유세 “박영선 뚝 떨어뜨리자”,2021. 3. 30.,Henry Ryu,기레기들은 방송을 빙자해서 국민힘당 선거운동 하네...,2주 전,머니투데이,764,120,5
[현장+]2030 오세훈 선거 유세 “박영선 뚝 떨어뜨리자”,2021. 3. 30.,MK L,하아... 진짜 20대들 대부분이 저렇게 생각하는 거 맞나?!ㅜㅜ,2주 전,머니투데이,764,120,3
[현장+]2030 오세훈 선거 유세 “박영선 뚝 떨어뜨리자”,2021. 3. 30.,sh l,국민의힘 수강생ㅋㅋㅋㅋㅋ,3주 전,머니투데이,764,120,13
[현장+]2030 오세훈 선거 유세 “박영선 뚝 떨어뜨리자”,2021. 3. 30.,여전진희,불쌍하다.....,2주 전,머니투데이,764,120,4
[현장+]2030 오세훈 선거 유세 “박영선 뚝 떨어뜨리자”,2021. 3. 30.,jang paulj,도.. 둑욱님.. 미는 개.. 돼지,3주 전,머니투데이,764,120,2
[현장+]2030 오세훈 선거 유세 “박영선 뚝 떨어뜨리자”,2021. 3. 30.,Zz Zzzz,저런여자들이 많아져야 나라가산다 숙명여대 올 페미라고생각했는데 정상인이 있긴했네 ㅋㅋㅋㅋ,2주 전,머니투데이,764,120,32
[현장+]2030 오세훈 선거 유세 “박영선 뚝 떨어뜨리자”,2021. 3. 30.,자유민주주의만세공산린민민주주의결사반대,40대가 문제야 문제 ㅉㅉㅉㅉㅉㅉㅉ 40대 정신좀 차려요... 신*수 학생 장하십니다. 멋지십니다.,3주 전(수정됨),머니투데이,764,120,9
[현장+]2030 오세훈 선거 유세 “박영선 뚝 떨어뜨리자”,2021. 3. 30.,신기섭,오세훈 : 청년들 헬조선? 개발도상국에서 살아봐이런건 기사에 안나오더라.,3주 전,머니투데이,764,120,2
[현장+]2030 오세훈 선거 유세 “박영선 뚝 떨어뜨리자”,2021. 3. 30.,스파클,페미 중심부 숙대에서 이런 위인이 ㅋㅋ,2주 전,머니투데이,764,120,2
[현장+]2030 오세훈 선거 유세 “박영선 뚝 떨어뜨리자”,2021. 3. 30.,종목찾아천만리,ㅋㅋ바꾸자 제발 열심히사는사람만 바보되는세상,3주 전,머니투데이,764,120,5
[현장+]2030 오세훈 선거 유세 “박영선 뚝 떨어뜨리자”,2021. 3. 30.,SANGHUN OH,여대생분노발언멋져요,2주 전,머니투데이,764,120,0
[현장+]2030 오세훈 선거 유세 “박영선 뚝 떨어뜨리자”,2021. 3. 30.,Freedom F-22,페미대에서 이준석 언급하는거 보고 깜짝놀랐다,3주 전(수정됨),머니투데이,764,120,20
[현장+]2030 오세훈 선거 유세 “박영선 뚝 떨어뜨리자”,2021. 3. 30.,이수,여대 출신이 보수인거 처음봄,2주 전,머니투데이,764,120,0
[현장+]2030 오세훈 선거 유세 “박영선 뚝 떨어뜨리자”,2021. 3. 30.,이종현,같은 20대로서 동감하고 마이크 잡으신 용기 칭찬드립니다☺️,3주 전,머니투데이,764,120,46
[현장+]2030 오세훈 선거 유세 “박영선 뚝 떨어뜨리자”,2021. 3. 30.,머라꼬,국민의땅 다음코스는 ㅋㅋㅋ,3주 전,머니투데이,764,120,2
[현장+]2030 오세훈 선거 유세 “박영선 뚝 떨어뜨리자”,2021. 3. 30.,젤리발바닥,멋있는 대학생이네요... 이런분이 계신다는 사실에 힘 얻고 갑니다.감사합니다.,3주 전,머니투데이,764,120,11
[현장+]2030 오세훈 선거 유세 “박영선 뚝 떨어뜨리자”,2021. 3. 30.,이병철,같은 20대로서 공감합니다 얼마나 울분이 나오십니까 말씀 하시는거 보면 속이 다 시원 합니다,3주 전,머니투데이,764,120,9
[현장+]2030 오세훈 선거 유세 “박영선 뚝 떨어뜨리자”,2021. 3. 30.,택사노바,내가 살기 힘든데 뭔 개소리냐! 청년은니미,2주 전,머니투데이,764,120,0
[현장+]2030 오세훈 선거 유세 “박영선 뚝 떨어뜨리자”,2021. 3. 30.,김치찌개,응오세훈도 청년안챙겨  ㅋㅋ,3주 전,머니투데이,764,120,5
[현장+]2030 오세훈 선거 유세 “박영선 뚝 떨어뜨리자”,2021. 3. 30.,김수길,"젊은이들의 분노를 귀담아 들어라그런데 진퇴양난이다쌀도가니에 돌맹이 썪혔다고,곰팡이 썪혀있는 쌀로 밥을지을  것인가?돌맹이를 가려내고 밥을 짓겠다는 대안 제시가   없다무조건 돌맹이 썪힌 밥을짓지 말라고만 한다진정성이 아리송하다.",3주 전(수정됨),머니투데이,764,120,1
[현장+]2030 오세훈 선거 유세 “박영선 뚝 떨어뜨리자”,2021. 3. 30.,김형원,ㅌㅋㅋㅋㅋㅋ 국민의힘 꿈나무 한명 등판했다던데 ㅋㅋㅋㅋㅋㅋㅋㅋ각종 행사에 등장하신다던뎈ㅋㅋㅋㅋ,3주 전,머니투데이,764,120,2
[현장+]2030 오세훈 선거 유세 “박영선 뚝 떨어뜨리자”,2021. 3. 30.,no problem,왜 철천지원수인 일본아파트를 10여년간가지고 있으면서 일본정부에 세금을 납부했는지... 그결과가 독도왜고교과서 야,3주 전,머니투데이,764,120,15
[현장+]2030 오세훈 선거 유세 “박영선 뚝 떨어뜨리자”,2021. 3. 30.,즐하루요,비대면으로 선거유세 하는분을 뽑아줍시다국민들은 거리두기5인이상 못모이게 하고는 뭔짓인지,3주 전,머니투데이,764,120,0
[현장+]2030 오세훈 선거 유세 “박영선 뚝 떨어뜨리자”,2021. 3. 30.,하하헤헷,"여대3,4학년애들  아마 죽을맛일걸페미들 때문에 기업에서 대학기입란에 여대면 거르고 서류탈락시킴ㅋㅋ",2주 전,머니투데이,764,120,0
[현장+]2030 오세훈 선거 유세 “박영선 뚝 떨어뜨리자”,2021. 3. 30.,좌파게티,👍👍,3주 전,머니투데이,764,120,1
[현장+]2030 오세훈 선거 유세 “박영선 뚝 떨어뜨리자”,2021. 3. 30.,김민철,왜 다른건 거리두기 그렇게 강조하면서 선거유세때는 왜 거리두기 안하지..선거때는 코로나 안걸리나..자기들 이익에 눈이 멀어 거리두기는 생각조차하지않는..,2주 전(수정됨),머니투데이,764,120,0
[현장+]2030 오세훈 선거 유세 “박영선 뚝 떨어뜨리자”,2021. 3. 30.,Through Cut,저렇기 이용 당하는거 보니까 보기 좋네 더해라,3주 전,머니투데이,764,120,3
[현장+]2030 오세훈 선거 유세 “박영선 뚝 떨어뜨리자”,2021. 3. 30.,사시부활,이렇게 깨어있는 여학생이 페미 비판까지 해줬으면 아주 완벽했을텐데 아쉽네잉.  그래도 너무 멋있다. 저런 여자분 만나야됨,3주 전,머니투데이,764,120,29
[현장+]2030 오세훈 선거 유세 “박영선 뚝 떨어뜨리자”,2021. 3. 30.,이순신,어색해..짜고치는 고스톱 ㅋㅋㅋ,2주 전,머니투데이,764,120,2
[현장+]2030 오세훈 선거 유세 “박영선 뚝 떨어뜨리자”,2021. 3. 30.,김재운,오세훈시장되면 박근혜 이명박 출소하겠네,3주 전,머니투데이,764,120,4
[현장+]2030 오세훈 선거 유세 “박영선 뚝 떨어뜨리자”,2021. 3. 30.,geek wu,그짓말을 말하니 목소리가 떨리지,3주 전,머니투데이,764,120,1
[현장+]2030 오세훈 선거 유세 “박영선 뚝 떨어뜨리자”,2021. 3. 30.,박가로이,미친 정신 청년가튼 소리하고있네,2주 전,머니투데이,764,120,3
[현장+]2030 오세훈 선거 유세 “박영선 뚝 떨어뜨리자”,2021. 3. 30.,굿바이,ㅋㅋㅋㅋ우리나라는 그냥 쳐망한거같은데 누가되든 ㅋㅋ똑같이 쳐흘러갈듯ㅋㅋㅋ,2주 전,머니투데이,764,120,0
[현장+]2030 오세훈 선거 유세 “박영선 뚝 떨어뜨리자”,2021. 3. 30.,감자탕,여자는 여자의 원쑤고 남자의 무엇이더라,3주 전,머니투데이,764,120,0
[현장+]2030 오세훈 선거 유세 “박영선 뚝 떨어뜨리자”,2021. 3. 30.,이하구,음댓글반응 이 박영선은 100개남짓인데 전부 욕하는댓글 허경영   댓글은 진짜 조음 오세훈댓글이최고 많은걸보니 허경영  선전해도 안지겠네요 하지만 개표 관리철저히 하시길,2주 전(수정됨),머니투데이,764,120,1
[현장+]2030 오세훈 선거 유세 “박영선 뚝 떨어뜨리자”,2021. 3. 30.,환기,오세훈. 2009년 내곡지구 포함 주택계획 직접 발표한 자료 나옴.  역시 오세훈.. 거짓말했음. 왜? 거짓말을 했을까?,3주 전,머니투데이,764,120,6
[현장+]2030 오세훈 선거 유세 “박영선 뚝 떨어뜨리자”,2021. 3. 30.,카르페디엠,"청년들 교통지원 정책 반대전국민 재난지원금 반대 그런데 강남 수십억 아파트 집값, 세금 방어 약속그리고서는 청년의 분노 운운 ㅋ",3주 전,머니투데이,764,120,6
[현장+]2030 오세훈 선거 유세 “박영선 뚝 떨어뜨리자”,2021. 3. 30.,김반장,페미  나와서 여성만 건강 보살피겠다고ᆞ동성애 후보 나와서ᆞ퀘어 축제 열겠다고 하는 나라에ᆞ무슨 희망이 있어ᆞ,3주 전,머니투데이,764,120,2
[현장+]2030 오세훈 선거 유세 “박영선 뚝 떨어뜨리자”,2021. 3. 30.,유갑엽,똑똑합니다ㅡ이런 청년이 있어 미래가 보입니다ㅡ👏👏👏,3주 전,머니투데이,764,120,26
[현장+]2030 오세훈 선거 유세 “박영선 뚝 떨어뜨리자”,2021. 3. 30.,환기,오세훈.  내곡지구지정 1년전  개발계획 보고받았다,3주 전,머니투데이,764,120,12
[현장+]2030 오세훈 선거 유세 “박영선 뚝 떨어뜨리자”,2021. 3. 30.,E Meta,학생의 잣대는 여당에게만 가혹하군요..  임대료 14퍼올려서 2년동안 2040만원인데 누구는 전세값을 1억이나 올렸네요.,3주 전,머니투데이,764,120,3
[현장+]2030 오세훈 선거 유세 “박영선 뚝 떨어뜨리자”,2021. 3. 30.,Trump Donald,숙대가 이런줄몰랐네 꼴페미밭인줄알았는데 그래도 저런분도 있구나,3주 전(수정됨),머니투데이,764,120,3
[현장+]2030 오세훈 선거 유세 “박영선 뚝 떨어뜨리자”,2021. 3. 30.,Folatre,페미천국 숙대에서 저런 학생이?,2주 전,머니투데이,764,120,0
[현장+]2030 오세훈 선거 유세 “박영선 뚝 떨어뜨리자”,2021. 3. 30.,김도현,오글거려서 끝까지 보기 힘들었다...,3주 전,머니투데이,764,120,2
[현장+]2030 오세훈 선거 유세 “박영선 뚝 떨어뜨리자”,2021. 3. 30.,궁예,여대에서 저러면 왕따당하지 않냐 여대들 페미에 찌들었더만,2주 전,머니투데이,764,120,0
[현장+]2030 오세훈 선거 유세 “박영선 뚝 떨어뜨리자”,2021. 3. 30.,임동원,아이 이런 속얷는 것들,3주 전,머니투데이,764,120,3
[현장+]2030 오세훈 선거 유세 “박영선 뚝 떨어뜨리자”,2021. 3. 30.,jang paulj,땅꾼한테 표주는 개돼지 인증,3주 전,머니투데이,764,120,7
[현장+]2030 오세훈 선거 유세 “박영선 뚝 떨어뜨리자”,2021. 3. 30.,Jh Lim,서울시민들 믿는다 제발 오세훈..,3주 전,머니투데이,764,120,3
[현장+]2030 오세훈 선거 유세 “박영선 뚝 떨어뜨리자”,2021. 3. 30.,최혜경,서울이 살려면 허경영이 답이다 국민세금70프로  아껴서 서울시민에게 돌려 주네요 기호 7 허경영,3주 전,머니투데이,764,120,6
[현장+]2030 오세훈 선거 유세 “박영선 뚝 떨어뜨리자”,2021. 3. 30.,김태환,어차피 민주당이나 새누리나 고놈이 고놈들이야 ㅋㅋㅋ,2주 전,머니투데이,764,120,0
[현장+]2030 오세훈 선거 유세 “박영선 뚝 떨어뜨리자”,2021. 3. 30.,임성애,주호영은  왜얘기 안하지?  이 여학생 앞날에 어둠이 보이네 ㅋㅋ,3주 전,머니투데이,764,120,6
[현장+]2030 오세훈 선거 유세 “박영선 뚝 떨어뜨리자”,2021. 3. 30.,영철,청년들이 나오니 이나라 희망이보인다 청년을 살리자 ^^,3주 전,머니투데이,764,120,4
[현장+]2030 오세훈 선거 유세 “박영선 뚝 떨어뜨리자”,2021. 3. 30.,k g lee,이번에는 일단은 안녕 오세훈이 간첩이다,3주 전,머니투데이,764,120,2
[현장+]2030 오세훈 선거 유세 “박영선 뚝 떨어뜨리자”,2021. 3. 30.,서울로사,저쪽은 집요하게 지지투표 문자발송 하는데 왜 우리진영은 그런 적극성이 없습니까 지금이라도 움직이세요 나도 벌써 3번이나 저쪽으로 부터 문자를 받았어요 물론 삭재했지만요,3주 전,머니투데이,764,120,1
[현장+]2030 오세훈 선거 유세 “박영선 뚝 떨어뜨리자”,2021. 3. 30.,릴리,박형준입시비리 피노키오세후니 거짓말 선택적분노 어쩔?,3주 전,머니투데이,764,120,3
[현장+]2030 오세훈 선거 유세 “박영선 뚝 떨어뜨리자”,2021. 3. 30.,choco moongchi,학...생.. 이라고????,3주 전,머니투데이,764,120,8
[현장+]2030 오세훈 선거 유세 “박영선 뚝 떨어뜨리자”,2021. 3. 30.,sungho Jin,주호영은 몇프로 올렸더라?,3주 전,머니투데이,764,120,6
[현장+]2030 오세훈 선거 유세 “박영선 뚝 떨어뜨리자”,2021. 3. 30.,호낔,말을 왜이렇게못하노,2주 전,머니투데이,764,120,0
[현장+]2030 오세훈 선거 유세 “박영선 뚝 떨어뜨리자”,2021. 3. 30.,saeam Shin,저여자분 안위가걱정된다 숙대페미집단에서 잘살아계신지,2주 전(수정됨),머니투데이,764,120,0
[현장+]2030 오세훈 선거 유세 “박영선 뚝 떨어뜨리자”,2021. 3. 30.,ᅲᅲᅭᅭ,숙명여대 경기도 2등급 후반이 간다,2주 전,머니투데이,764,120,2
[현장+]2030 오세훈 선거 유세 “박영선 뚝 떨어뜨리자”,2021. 3. 30.,코호모이,김상조보고의원이라넼ㅋㅋ 모르면말을말지,2주 전,머니투데이,764,120,1
[현장+]2030 오세훈 선거 유세 “박영선 뚝 떨어뜨리자”,2021. 3. 30.,디바스트로,젊은이들이 현실을 직시하고 선동과 세뇌에 물들지 않고 소신있게 연설하는걸 들으면서우리나라의 미래가 어둡지만은 않게 생각드네요,3주 전(수정됨),머니투데이,764,120,7
[현장+]2030 오세훈 선거 유세 “박영선 뚝 떨어뜨리자”,2021. 3. 30.,생태사랑,20대 청년으로서 공감합니다. 국민의힘이 집권해서 바른 정치 하기를 기대합니다.,3주 전,머니투데이,764,120,6
[현장+]2030 오세훈 선거 유세 “박영선 뚝 떨어뜨리자”,2021. 3. 30.,고현종,거짓말을 안했으면 좋았을걸~ 거짓말하는 사람이 시장이 될순없다,3주 전,머니투데이,764,120,2
[현장+]2030 오세훈 선거 유세 “박영선 뚝 떨어뜨리자”,2021. 3. 30.,Chul k Joung,오세훈 오구라.,3주 전,머니투데이,764,120,2
[현장+]2030 오세훈 선거 유세 “박영선 뚝 떨어뜨리자”,2021. 3. 30.,환기,오세훈 부정여론 온라인 폭발^^,3주 전,머니투데이,764,120,2
[현장+]2030 오세훈 선거 유세 “박영선 뚝 떨어뜨리자”,2021. 3. 30.,환기,오세훈의 망언- 용산참사는 임차인들의 폭력적 저항이 원인이라고 망언함.,3주 전,머니투데이,764,120,3
[현장+]2030 오세훈 선거 유세 “박영선 뚝 떨어뜨리자”,2021. 3. 30.,권정헌,ㅋㅋㅋ극우 일베대학생ㅋㅋㅋ,2주 전,머니투데이,764,120,2
[현장+]2030 오세훈 선거 유세 “박영선 뚝 떨어뜨리자”,2021. 3. 30.,김대박,땅 의혹도 해명 못하는 세후니무상급식 빈대한 오세훈너나 자손대대로 평생 밀어줘라,2주 전(수정됨),머니투데이,764,120,4
[현장+]2030 오세훈 선거 유세 “박영선 뚝 떨어뜨리자”,2021. 3. 30.,천리마,지금까지 문정권에 속아왔던 젊은이들이 깨어나는 모습을 보니우리 나라의 장래가 환해지는 듯 합니다. 환영합니다.  젊은이들!,3주 전,머니투데이,764,120,1
[현장+]2030 오세훈 선거 유세 “박영선 뚝 떨어뜨리자”,2021. 3. 30.,art iii,오래전...수락산 등산길에 안초딩이 유세하며 시끄럽게 아침부터 소음 발생시키고 있길래 지나가며 한마디한 기억있다.투표결과는 누구나 민주당 승리라고 믿고 있는데 현실감없이 나와서 시끄럽게 하냐고...이번이 딱 그짝이다.민주당은 지금 표정관리 안될까봐 그점이 큰 고민이다.5살 세후나 먼저 인간부터 되고나서 뭐라도해라. 기름장어 정말 싫다...,3주 전,머니투데이,764,120,4
[현장+]2030 오세훈 선거 유세 “박영선 뚝 떨어뜨리자”,2021. 3. 30.,양영자,오세훈 화이팅  꼭돼셔서   서울발전 돼도록 힘써주세요 특히  낙후됀 응암동좀  재개발해주세요,3주 전,머니투데이,764,120,5
[현장+]2030 오세훈 선거 유세 “박영선 뚝 떨어뜨리자”,2021. 3. 30.,jung oh,이번 선거는 두명의 성범죄자때문에 세금몇백억쓰면서 치루는건데 그 당에서 낸 후보찍는 빡대가리는뭐야,3주 전,머니투데이,764,120,1
[현장+]2030 오세훈 선거 유세 “박영선 뚝 떨어뜨리자”,2021. 3. 30.,바이낸스알트코인존버,영선이 사퇴해라 그냥,3주 전,머니투데이,764,120,4
[현장+]2030 오세훈 선거 유세 “박영선 뚝 떨어뜨리자”,2021. 3. 30.,붕붕달료,Lh  직원들이 어제오늘 해처먹엇냐?문제인정부때만 해처먹엇냐고  장담하고 믿늣거야 ?  지금에서라도 밝혀져서다행으론 생각안하지?부당산 실패?  아니 어떤것들이 자기 집값이 내려가길좋아하것냐? 정부정책은 집값을 잡을려고 내논건데 있는자들은 그에 반하여 집값을 더올려.. 득실을 따지는 자본주의 시장에 한계인건모르고. 인간의 욕인건 모르고 오로지 정부탓? 어떤놈이  대통이 되어도 부동산이란것은 실패냐 성공이냐 라는 수식어가 안맞어..전세계 부동산 성공사례는 없다. 자기들인생에 미치는영향에  5 년도 못미더워 발병나거든. 지지한다라는말은 하는게아녀.사회곳곳이 썩어잇는데.. 이게 정부탓이냐.개개인의 삶의태도지.. 내곡동땅 이득챙긴 오세훈 시장되서 좋겠어?,2주 전,머니투데이,764,120,0
[현장+]2030 오세훈 선거 유세 “박영선 뚝 떨어뜨리자”,2021. 3. 30.,임의의값,숙명여대 재학생도 힘들다고 하소연하는 현재의 대한민국 대체 유능한 젊은이들을 어떻게 대우하고 있나 한탄스럽다. 솔직히 이 정도면 대한민국 대학생 90%가 힘들다는거다. 일자리 특히 양질의 일자리는 운동권 정치인들이 서로 자녀들 봐주며 양질의 일자리 서로 챙겨줬잖아.,3주 전,머니투데이,764,120,3
[현장+]2030 오세훈 선거 유세 “박영선 뚝 떨어뜨리자”,2021. 3. 30.,Byunghyun Park,나무는 보이니 보고숲은 못보는 학생같네씁쓸하다,3주 전,머니투데이,764,120,3
[현장+]2030 오세훈 선거 유세 “박영선 뚝 떨어뜨리자”,2021. 3. 30.,윤석현,난 솔직히부담스럽다 스스로 가치를 만들어 도전하는 모습이 필요한데 이런식하면 다른 분들은 안좋게 본다에 한표을 줍니다.그리고많이 아쉬워,3주 전,머니투데이,764,120,2
[현장+]2030 오세훈 선거 유세 “박영선 뚝 떨어뜨리자”,2021. 3. 30.,JH Shin,용기있다 근데 여자분들이 보통 페미 민주당 지지하는 줄 알았는데 이분보고 생각 바른 여자분들도 많다는걸 느꼈음,3주 전,머니투데이,764,120,45
[현장+]2030 오세훈 선거 유세 “박영선 뚝 떨어뜨리자”,2021. 3. 30.,박의석,1합시다~ 썩은2는 빼야합니다.정치를 외면하면 혐오하는자들에게 또 지배를받게됩니다.투표합시다~🙏,2주 전,머니투데이,764,120,3
[현장+]2030 오세훈 선거 유세 “박영선 뚝 떨어뜨리자”,2021. 3. 30.,sungho Jin,오세훈은 내곡동으로 얼마 먹었더라?생태탕도 먹었지?LH사태는 이맹박때부터 문제였던게 이제 터진거지그만큼 세상이 투명해졌다는 사실,3주 전,머니투데이,764,120,4
[현장+]2030 오세훈 선거 유세 “박영선 뚝 떨어뜨리자”,2021. 3. 30.,하루일대기,20대 여자가 대깨문이아니란게놀랍다,3주 전,머니투데이,764,120,8
[현장+]2030 오세훈 선거 유세 “박영선 뚝 떨어뜨리자”,2021. 3. 30.,라 파 엘,추운 겨울이 지나고 봄이 오니 새싹이 돋아나듯 민주당 문재점이 새싹처럼 여기 저기서 돋아나네.,3주 전,머니투데이,764,120,0
[현장+]2030 오세훈 선거 유세 “박영선 뚝 떨어뜨리자”,2021. 3. 30.,ᅲᅲᅭᅭ,이여자 스윕포커스 이사직스윕포커스 대표.직원 국짐당원임이여자 고양예고 연기과 출신연기했구만,2주 전,머니투데이,764,120,3
[현장+]2030 오세훈 선거 유세 “박영선 뚝 떨어뜨리자”,2021. 3. 30.,무인도를 원해 (muindo),이준석 위원은 후세에 대통령이 될 듯,3주 전,머니투데이,764,120,1
[현장+]2030 오세훈 선거 유세 “박영선 뚝 떨어뜨리자”,2021. 3. 30.,재테크EXPLORER,"미국제일주의가 삼성과 현대마저 위태롭게 하고 있다. 오로지 자원이라고는 인력뿐인 나라가? 혈세는 마르지 않는 바다인가? 극포퓰리즘은 강성노조,페미를 필두로 권리만용주의를 팽배시켰고 책임 모럴해저드를 사회곳곳에 만연시켰다. 후대와 사회전체의 미래 희망과 기회까지 일시금으로 현재에 낭비하기에 이르렀다. 무얼믿고 이러한 만용을 일삼는가? 백년지대계는 없고 권력의 야욕만이 우리의 미래를 어둡게 하고 있다.",3주 전,머니투데이,764,120,0
[현장+]2030 오세훈 선거 유세 “박영선 뚝 떨어뜨리자”,2021. 3. 30.,ᅲᅲᅭᅭ,나경원엔 분노 안하냐,2주 전,머니투데이,764,120,4
[현장+]2030 오세훈 선거 유세 “박영선 뚝 떨어뜨리자”,2021. 3. 30.,1130따오기,민주당을 단두대로!,3주 전,머니투데이,764,120,2
[현장+]2030 오세훈 선거 유세 “박영선 뚝 떨어뜨리자”,2021. 3. 30.,이춘선,뒤통수 한번 쳐줄겨궁물당이,3주 전,머니투데이,764,120,2
[현장+]2030 오세훈 선거 유세 “박영선 뚝 떨어뜨리자”,2021. 3. 30.,신뢰진실이 승리,저애 돈받고 알바하는거 같다...60년전 수구꼴똥 프레임에 갇혔네,3주 전,머니투데이,764,120,2
[현장+]2030 오세훈 선거 유세 “박영선 뚝 떨어뜨리자”,2021. 3. 30.,Y.S K,대학생이면 지성인인데 뭐 좀 앍고 연설하시죠!!!,3주 전,머니투데이,764,120,1
[현장+]2030 오세훈 선거 유세 “박영선 뚝 떨어뜨리자”,2021. 3. 30.,jange928,야 정신차려라 오세훈 거짓말 재이 오세훈 되면 더 심각해진다 바보들아,3주 전,머니투데이,764,120,3
[현장+]2030 오세훈 선거 유세 “박영선 뚝 떨어뜨리자”,2021. 3. 30.,Big Babarian,20대가 원하는 정치인이 당선되길 바람 세상의 주인공은 지금의 20대 아닌가15년전 어리석음으로 정치인 잘못 뽑아서 나라를 망칠뻔한 경험을 한 40대 50대는 안타까울뿐비리의혹이 한두개가 아닌 이명박 이였지만 이명박이 나라경재를 살릴거라는 선동에 속았고 그것이 애국인줄 착각했다,3주 전,머니투데이,764,120,2
[현장+]2030 오세훈 선거 유세 “박영선 뚝 떨어뜨리자”,2021. 3. 30.,방장혁,왜 자꾸 써 먹냐???,3주 전,머니투데이,764,120,2
[현장+]2030 오세훈 선거 유세 “박영선 뚝 떨어뜨리자”,2021. 3. 30.,s s,아직 오세훈의 맛을 모르네 ㅎㅎ 당해봐야 정신차리지  수상택시타고 등교하시면 되겠네 ㅎ,3주 전,머니투데이,764,120,2
[현장+]2030 오세훈 선거 유세 “박영선 뚝 떨어뜨리자”,2021. 3. 30.,youtube야가미이오리,페미니즘 정책 자체가 문제있고반일정책 자체도 문제있고종교탄압 자체도 문제 있어요,3주 전,머니투데이,764,120,1
[현장+]2030 오세훈 선거 유세 “박영선 뚝 떨어뜨리자”,2021. 3. 30.,정대인,학생아닌것같은데 ㅉㅉ,3주 전,머니투데이,764,120,4
[현장+]2030 오세훈 선거 유세 “박영선 뚝 떨어뜨리자”,2021. 3. 30.,k g lee,국민의힘이 자고로 60년했쟎우 그만하구 더불어민주당 더불어민주당 내비두고 국민의뜻이니깐 다들 무릎끓고 국민들한테 사죄하라구 60년동안 해먹은거 도둑놈들아 국민의힘들 안뽑아줄떼니깐 혼자라도 목숨까지 걸고 나섰다?!!,3주 전,머니투데이,764,120,1
[현장+]2030 오세훈 선거 유세 “박영선 뚝 떨어뜨리자”,2021. 3. 30.,urcgu8914,개독에서 많이도 뿌렸네,3주 전,머니투데이,764,120,1
[현장+]2030 오세훈 선거 유세 “박영선 뚝 떨어뜨리자”,2021. 3. 30.,박Sun,투기로 돈벌은 사람한테 투표하자는게무슨소리냐 ??부동산으로 돈번 정당이 국짐당인데,2주 전,머니투데이,764,120,0
[현장+]2030 오세훈 선거 유세 “박영선 뚝 떨어뜨리자”,2021. 3. 30.,성우,젊은사람들 아무것도 모르고 민주당 좋다고 찍어줬는데 한번 크게 데였는데 분노하는게 당연하지 ㅡㅡ,2주 전,머니투데이,764,120,2
[현장+]2030 오세훈 선거 유세 “박영선 뚝 떨어뜨리자”,2021. 3. 30.,서천호랭이TV,지몸키우다가 이제와서서울챙기겠다하니 웃음밖에 안나는구려진실로보이지않는 서울시장해서돈빼먹고 서울망치겟다는것,3주 전,머니투데이,764,120,5
[현장+]2030 오세훈 선거 유세 “박영선 뚝 떨어뜨리자”,2021. 3. 30.,두리77,이명박때 lh 공룡으로 둔갑시켜서 그전부터 비리 문제 많았는데 지금와서 문제 따지고 집문제는 이명박때 경기안좋다고 규제 다 철폐해서 안전망해제 결정적인 계기가 박근혜가 집내서 집사라 해서 그때 엄청난 아파트가 지어졌다..서민들은 은행대출로 그덕에 문제인정권때 폭탄이 생긴거고 아주  그냥 아무것도 모른것들이 헛소리한다. 애쓴다,3주 전,머니투데이,764,120,2
[현장+]2030 오세훈 선거 유세 “박영선 뚝 떨어뜨리자”,2021. 3. 30.,지용규,너희 청년들아 박근혜 탄핵전에광화문에서 레미제라블 노래 누가 불렀는가요?참으로 안타깝습니다 저는 개인적으로 허경영33공약이 더 좋으다고 봅니다 이제는 좌 우 답이없네요 안속을겁니다 허경영33공약 지지합니다 강력하게 지지합니다 다시한번 느끼네 라는 글을 올려봅니다,3주 전,머니투데이,764,120,0
[현장+]2030 오세훈 선거 유세 “박영선 뚝 떨어뜨리자”,2021. 3. 30.,이미니,개처럼벌어 써라 ㅋㅋㅋ 돈이쵝오지   내곡동 사기친놈 유세 응원합니다,3주 전,머니투데이,764,120,2
[현장+]2030 오세훈 선거 유세 “박영선 뚝 떨어뜨리자”,2021. 3. 30.,김은숙,참 대학생들께서 판단을 바르게 하셔야죠..거대 정당들이 현재 모든 하는 형태를 바르게 보는 눈을 꼭 가지시길 바랍니다.,3주 전(수정됨),머니투데이,764,120,1
[현장+]2030 오세훈 선거 유세 “박영선 뚝 떨어뜨리자”,2021. 3. 30.,chaengrosie_,"앞으로의 한국 조선족, 무슬림들이 판치는 견같은 나라.",3주 전,머니투데이,764,120,4
[현장+]2030 오세훈 선거 유세 “박영선 뚝 떨어뜨리자”,2021. 3. 30.,백인 흑인 차별은 이렇게,알바들 대결인가?,3주 전,머니투데이,764,120,0
[현장+]2030 오세훈 선거 유세 “박영선 뚝 떨어뜨리자”,2021. 3. 30.,꼬리꼬리꾸꾸리,이준석은 위원인지 아는거 보니 ㅋㅋㅋㅋ 국힘당 소속이네 푸하하,3주 전,머니투데이,764,120,1
[현장+]2030 오세훈 선거 유세 “박영선 뚝 떨어뜨리자”,2021. 3. 30.,JULIUS KIM,이런 학생들이 5세 훈이를 지지하다니...안타깝다... ㅠㅠ,3주 전,머니투데이,764,120,1
[현장+]2030 오세훈 선거 유세 “박영선 뚝 떨어뜨리자”,2021. 3. 30.,GT S,말 더듬는거 보면 자기도 최소한의 양심은 있는모양이다.,3주 전,머니투데이,764,120,2
[현장+]2030 오세훈 선거 유세 “박영선 뚝 떨어뜨리자”,2021. 3. 30.,어데최씹니까,40대가 민주당 지지하는 이유: 지들도 박원순 오거돈 안희정 만큼이나 온갖 더러운 짓거리 하고 다니기 때문,3주 전,머니투데이,764,120,3
[현장+]2030 오세훈 선거 유세 “박영선 뚝 떨어뜨리자”,2021. 3. 30.,이서림,"정책실장으로서 김상조 14% 전셋값 인상, 나중에 돌려주는  돈이라 하더라도 김상조 욕먹어 마땅하다.오후보 처와 처가의 그린벨트 지역 내곡동 땅  36억 5000만원 보상과 특별분양...이를 해명하는 과정에서 단정적으로 말한 거짓말은 선거법 위반이라 생각한다. 여학생이 말하는 정의는 선택적이다. 며칠전 어느 영상에서 오후보 유세장 근처에서   여성 경호원? 들에게 물리적 몰아부침과 둘러싸임을 당하면서도 생목으로 오세훈 전 서울시장이 했던 무상급식 반대의 서러움과 여러가지 성토를 쏟아내는 그 여학생의 외로운 외침이 더 가슴을 울리는 것은 왜일까?조0학생의 봉사상 표창장에는 그리도 분노하며  정의를 외치던 서울대 고대 학생들이 박형준 후보 딸 홍익대 입시청탁의혹에는 청탁받은 전교수의 증언이 있는데도, 명분대 최고 지성이라는 너희 학생들과, 검사들, 언론들 너무도 선택적으로 침묵하고 있다. 똑같은 잣대로 비판해라. 너희들이 울부짖는 정의는 너무도 정치적이고 선택적이다.",3주 전,머니투데이,764,120,1
[현장+]2030 오세훈 선거 유세 “박영선 뚝 떨어뜨리자”,2021. 3. 30.,꼬리꼬리꾸꾸리,김상조가 의원인지...정책실장인지도 모르는게ㅉㅉㅉ,3주 전,머니투데이,764,120,1
[현장+]2030 오세훈 선거 유세 “박영선 뚝 떨어뜨리자”,2021. 3. 30.,이순신,"불쌍한 여자,,, 오구라를 대변하고 있다니,, 뉴스 좀 봐라,,  오구라를 왜 오구라라 하는지,, 불쌍한 청뇬",3주 전(수정됨),머니투데이,764,120,3
[현장+]2030 오세훈 선거 유세 “박영선 뚝 떨어뜨리자”,2021. 3. 30.,두리77,주호영 1억 올린건 분노안하냐? 하여간 가짜대학생 열일한다. ㅋ 알바 푼돈받고 참 안따갑네,3주 전,머니투데이,764,120,3
[현장+]2030 오세훈 선거 유세 “박영선 뚝 떨어뜨리자”,2021. 3. 30.,비타민,김상조가 의원이냐 미친. 청와대정책실장인지도 모르고 의원이라부르며 알지도 못하면서 보고읽느라 고생한다.소신없이  거짓말 떠들어대려니 떨리지 ㅉㅉ,3주 전(수정됨),머니투데이,764,120,3
[현장+]2030 오세훈 선거 유세 “박영선 뚝 떨어뜨리자”,2021. 3. 30.,이모나는,ㅋㅋㅋㅋㅋ 매국노 지지 ㅋㅋㅋ 대단한 용기다.,3주 전,머니투데이,764,120,1
[현장+]2030 오세훈 선거 유세 “박영선 뚝 떨어뜨리자”,2021. 3. 30.,Ian Kim,안쓰럽다. 논리도 근거도 없이. 대학생이 저렇게 밖에 생각이 없나,2주 전,머니투데이,764,120,1
[현장+]2030 오세훈 선거 유세 “박영선 뚝 떨어뜨리자”,2021. 3. 30.,개독척살,지금여당도 촛불혁명으로 드러운정권을 바뀟는데..하는짓 보면 똑같어 그런데 배고픈 아이들 밥 못주겟단  쓰레기 보단 낫지 않을까?,2주 전,머니투데이,764,120,0
[현장+]2030 오세훈 선거 유세 “박영선 뚝 떨어뜨리자”,2021. 3. 30.,서천호랭이TV,#노련한 #승부사#합니다 #박영선#서울시민과더불어서울시 대전환~완전 새로운 서울~서울 끝까지 달리는 #써니!!!#박영선은 행동으로 합니다#박영선후보를 #서울시장 으로!!!,3주 전,머니투데이,764,120,2
[현장+]2030 오세훈 선거 유세 “박영선 뚝 떨어뜨리자”,2021. 3. 30.,깔리야니,ㅎㆍㅎ..어리석은 저 여학생은 미래 태극기부대,3주 전,머니투데이,764,120,3
[현장+]2030 오세훈 선거 유세 “박영선 뚝 떨어뜨리자”,2021. 3. 30.,UFO CAP,"구김당 오(惡)재앙 5재앙 (코로나까지?)😱미워할惡악惡 ""오재앙+5재앙""임박 (방역)오재앙.5재앙+5대재앙.惡재앙.악할오(惡).미워할 오(惡)=惡재앙=오재앙=Oh재앙+5대재앙임박 😱",2주 전,머니투데이,764,120,1
[현장+]2030 오세훈 선거 유세 “박영선 뚝 떨어뜨리자”,2021. 3. 30.,조원영,불과얼마전 국민들은 80%에달하는  민심을 툭하면트집잡는   한나랑당   싫타고 반영했건만    정책은없고  정부 만 비 판하는안타까워요 오로지비판만하는모습에  아니라고봅니다  아울러우리가족은 박영선후보에게 투표하기로 하였읍니다,3주 전,머니투데이,764,120,0
[현장+]2030 오세훈 선거 유세 “박영선 뚝 떨어뜨리자”,2021. 3. 30.,윤석,정말  국민을 위한 정책은 하나도 없어   국민들  호주머니에  돈이 떨어졌는데  여당 비판이나하고  국민을위한 공약을  말하세요  한심 해   여야  비판하고  싸울줄알지  국민 속마음을   왜  모르는지   국민으로써   답답합니다,3주 전,머니투데이,764,120,1
[현장+]2030 오세훈 선거 유세 “박영선 뚝 떨어뜨리자”,2021. 3. 30.,안승광,9년동안 집권 했을때는 글엄 머했냐?  ㅋㅋ 오세훈 5년때는 청년이 행복하고?지가 지인생 사는거지 누구탓하냐,3주 전,머니투데이,764,120,1
[현장+]2030 오세훈 선거 유세 “박영선 뚝 떨어뜨리자”,2021. 3. 30.,너크렘,"문재인 정권과 주사파의 모습경제폭망, 청년 일자리 취업 난항, 중년 실업자 급증 , 부동산 내집 구하기  난항,  코로나 대응 부재 , 세금 강탈, 공시지가 급인상(  취득세 2배인상),증여세 ,재산세  , 소득세,  4대 보험 인상 안보부재이렇게 나라와 국민을 망친  희망이 없는 정권 표를 주지 맙시다ㆍ오세훈 후보 압승 기호 2번  !!",3주 전,머니투데이,764,120,4
[현장+]2030 오세훈 선거 유세 “박영선 뚝 떨어뜨리자”,2021. 3. 30.,임채욱,젊은이여. 정치적 지지도 좋지만넒고 깊게 보세요.지금에 여러 문제가 이전 정권에도그랬다는거.,2주 전(수정됨),머니투데이,764,120,0
[현장+]2030 오세훈 선거 유세 “박영선 뚝 떨어뜨리자”,2021. 3. 30.,김명익,유세 현장이 너무  썰렁 .서울 시민은 허경영 찍는다.이 모지리들아🙆‍♂️🙆‍♂️🙆‍♂️👍👌,3주 전,머니투데이,764,120,1
[현장+]2030 오세훈 선거 유세 “박영선 뚝 떨어뜨리자”,2021. 3. 30.,편지봉투,청년들  잘 살고싶으면  그렇게 모르겠나요??7번 허경영이 답이요,3주 전,머니투데이,764,120,1
[현장+]2030 오세훈 선거 유세 “박영선 뚝 떨어뜨리자”,2021. 3. 30.,기쎈TV,이명박근혜때 농락당한 10대들이 20대에 들어서도 피해를 당하는 구나.........아름답지 못한 이명박근혜때 키즈들 불쌍합니다.,3주 전,머니투데이,764,120,0
[현장+]2030 오세훈 선거 유세 “박영선 뚝 떨어뜨리자”,2021. 3. 30.,행복세상,쯧쯧 젊은 사람이 한심하네,3주 전,머니투데이,764,120,6
[현장+]2030 오세훈 선거 유세 “박영선 뚝 떨어뜨리자”,2021. 3. 30.,Gisun Nam,대가리에 똥만들었네. 자기성찰을 좀해라,3주 전,머니투데이,764,120,1
[현장+]2030 오세훈 선거 유세 “박영선 뚝 떨어뜨리자”,2021. 3. 30.,정미옥,애야 ~김상조의원님이 아니라 정책실장이다. 그대에게 실망입니다.,3주 전,머니투데이,764,120,0
[현장+]2030 오세훈 선거 유세 “박영선 뚝 떨어뜨리자”,2021. 3. 30.,김재운,참 이여대생도 불쌍하다 오세훈이가 시장하면  이명박 박근혜 그 핏줄인데 시장하면 서울 꼬라지잘돌라가겠다 정신차례 이여대생야,3주 전,머니투데이,764,120,2
[현장+]2030 오세훈 선거 유세 “박영선 뚝 떨어뜨리자”,2021. 3. 30.,서Alaska,오.박.정책은없고 싸움만하냐 땅이 어쩌고저쩌고 그게뭐시중한디  영화에 나오는한마디 .차라리허경영찍어라.,3주 전,머니투데이,764,120,2
[현장+]2030 오세훈 선거 유세 “박영선 뚝 떨어뜨리자”,2021. 3. 30.,Luna caballero,너 어릴때 니부모 가정경제 생각해서 무상급식 한다는걸 반대하다 엉엉울며 사퇴한 인간이다. 너도 무상급식 혜택받고 자란 세대고...박정희와 전두환의 쿠테타 세력의 역사를 가진 당을 위해 고래고래 소리지를 힘이 있다면 미얀마 민주화를 위해 국제사회에 고래고래 소리나 지르렴...,3주 전,머니투데이,764,120,4
[현장+]2030 오세훈 선거 유세 “박영선 뚝 떨어뜨리자”,2021. 3. 30.,곽박아름,"오세훈이 서울시장 재임 년도 서울시 부채    2009년 한 해 동안 7조 7,910억원 급증해서 25조원을 넘더니, 2010년도에도 4,610억원 증가해서 2010년말 현재 25조 5,363억원   서울시  역대 최악으로  재정 파탄낸놈에게 서울시장이 가당키나 한 말인가????    차라리  안철수가  더 적임자이다.  지금 당장  후보  교체해라!!!!!!!!!",3주 전,머니투데이,764,120,2
[현장+]2030 오세훈 선거 유세 “박영선 뚝 떨어뜨리자”,2021. 3. 30.,카르페디엠,정신차려라. 니네 무상급식반대하고 자리박차고나간 사기꾼이다,3주 전,머니투데이,764,120,1
[현장+]2030 오세훈 선거 유세 “박영선 뚝 떨어뜨리자”,2021. 3. 30.,jh Kwon,청년들 보면 짠한데 번지수가 틀렸네요.역사에 관심을 좀 가져주시길...참 안타깝습니다.,3주 전,머니투데이,764,120,0
[현장+]2030 오세훈 선거 유세 “박영선 뚝 떨어뜨리자”,2021. 3. 30.,34콜콜,"저도 20대때 뭣모르고 친구 말만 듣고 MB를 서울시장으로 찍었더랬습니다... 반성합니다.ㅠ20대를 지나 40대를 지나가고 있는 입장에서 저도 바라본다면...현정권: 애는 쓰고 있으나 미흡하다. 만족스럽지 않다.  -> 최저임금/청년수당/청년창업지원... 등등과거정권: 애쓰지도 않았고, 관심도 없다. -> ??? 용산참사/쌍용 해고 노동자/세월호 아이들과 유가족/백남기 농민 물대포 사망사건...등등 솔직히 현정권에서 하고 있는 일을 달가워하지 않는 세력들 대부분이 언론과 기업이다보니정책을 만들어도 홍보되거나 적극 적으로 받아들여지기 쉬운 구조가 아닙니다. 오히려 왜곡되거나 다른 피해를 주기도하는 점도 많다기도 합니다. 단기간에 바로잡기는 힘드다는 점도 이해해야한다고 봅니다.또 민주당 내에도 고인물같은 사람들이 많이 있기도 하고요.불만의 표시로 표를 주지 않을 수 있습니다. 하지만 그들은 근본이 민생엔 관심도 없는 사람들입니다.홍보용으로나 쓸 뿐이지요. 필요없으면 누구도 가차없이 버려지거나 언론에 매장될 뿐입니다.답답하기는 합니다. 아직 한국은 시스템이 만들어지진 않았으니까요.누구나, 기업들, 언론들이이라도 잘못을 했을땐 그에 준하는 벌들이 있어야하는데 그렇지 않으니 편법으로 손쉽게 돈을 벌어들이고 세금은 낭비됩니다. 검찰은 기소를 안하고, 언론은 잘하고 있다고 열심히 홍보하고요. 적어도 국짐당은 그 시스템을 싫어합니다. 땅집고 헤엄칠 손쉬운 기회를 잃을테니까요.현 정권이 그래도 애쓰고 잘 하고 있다는걸...나중에라도 깨닫게 된다면 좋겠다는 바램입니다.",3주 전,머니투데이,764,120,0
[현장+]2030 오세훈 선거 유세 “박영선 뚝 떨어뜨리자”,2021. 3. 30.,요로시 대구 아지야,"40대도 현 문재인 정권 진짜싫다, 잘한게 없고, 무능에 뻔뻔하고, 편가르고, 주택등 나라를 엉망으로 만들었다",3주 전,머니투데이,764,120,4
[현장+]2030 오세훈 선거 유세 “박영선 뚝 떨어뜨리자”,2021. 3. 30.,피카츄,젊은 여성이여. 나도 청년이지만 분노한다는데 왜 국민의당에서서 연설을 하는가? 진정한 분노가 맞는가? 두눈을 크게 뜨고 현명하게 생각해보라. 누가 지금 서울을 살릴 시장인지. 다시한번 생각해보라.,3주 전,머니투데이,764,120,1
[현장+]2030 오세훈 선거 유세 “박영선 뚝 떨어뜨리자”,2021. 3. 30.,윤지송,골때리는군...   민주당이 싫다고 국짐당을 찍는 놈들이 있다? 아니 원래 국짐당 찍는 놈들이었다. MB대선때인가 시장때인가 라디오에서 울면서 외치던 놈이 떠오르네. 그넘 혜택이라도 잘 받고 잘 사나?  똑같이 보인다.  셀프로 36억 쳐먹으면 밥안먹어도 배부르겠어.  오늘 고발뉴스에 파이시티? 나오던데...,3주 전,머니투데이,764,120,3
[현장+]2030 오세훈 선거 유세 “박영선 뚝 떨어뜨리자”,2021. 3. 30.,서천호랭이TV,신현수라는 학생이 모든청년들의대표도 목소리도 아닙니다진짜현장의 목소리는오세훈 아웃입니다당은 미워도사람 박영선은 서울시장으로 선택하자입니다오세훈은 절대 아니라는 겁니다,3주 전(수정됨),머니투데이,764,120,3
[현장+]2030 오세훈 선거 유세 “박영선 뚝 떨어뜨리자”,2021. 3. 30.,환기,LH 사태는 이명박때부터 시작된 거야.. 그리고 2.4대책으로 부동산값은 이미 하락하고있어.. LH사태로 화났다고하며 부동산투기꾼 오세훈을 지지하니?,3주 전,머니투데이,764,120,3
[현장+]2030 오세훈 선거 유세 “박영선 뚝 떨어뜨리자”,2021. 3. 30.,SPQR ΗΕΛΛΑ,기본 상식도 없이 나와서 좀 떠들지 말자...김상조 의원님? 김상조는 국회의원을 한 번도 한 적이 없어.세금을 뚝 떨어뜨려서 청년을 살리자고...청년 정책을 하려면 꼰대들한테 세금을 더 걷어야지..어디서 정치의 기초 상식도 없고 보고 읽는 것도 못 하는 사람을 데려와서 아무 이야기나 하면 지지 연설이냐?보는 내가 더 부끄럽다. 정말!,3주 전(수정됨),머니투데이,764,120,4
[현장+]2030 오세훈 선거 유세 “박영선 뚝 떨어뜨리자”,2021. 3. 30.,두리77,에라 모지리들  그런다고 탄핵당을 부활시킨다. 그게 더 실망 아닌가  주호여은 1억 올렸다........성누리당 미래는,3주 전,머니투데이,764,120,0
[현장+]2030 오세훈 선거 유세 “박영선 뚝 떨어뜨리자”,2021. 3. 30.,신행복,아이들 밥 주기 싫어서  뛰쳐 나간 인간이 청년을 위해 뭘 하겠나??? 이명박근혜정권땐  청년들 살기 좋았니??? 박근혜는  전세값 엄청 올랐을때 대책 없이 대출 받아서 집 사라고 했다!!! 우리 나라만 집값이 오른게 아니라 전세계가 다 올랐어~~~ 5세훈이가 규제 없이 재개발 하면 집 값 떨어질것 같냐??? 돈 있는 것들이 다 살걸~~~,3주 전(수정됨),머니투데이,764,120,2
[현장+]2030 오세훈 선거 유세 “박영선 뚝 떨어뜨리자”,2021. 3. 30.,이광숙플내음,알고 떠들어라..생각없기는..LH가 투기꾼들이 문정부때 뿐이겠냐 까봐라 오세훈이도 똑같은 사기꾼이지,3주 전,머니투데이,764,120,2
[현장+]2030 오세훈 선거 유세 “박영선 뚝 떨어뜨리자”,2021. 3. 30.,박영호,학생들을 정치유세장에 이용(?)하는 것 같아 좋아보이진 않는다 민주당을 지지하는 학생도 있는데 민주당은 하지 마시길ᆢLH비리는 문재인정권 전부터 한나라당이 집권했을 때도 있었을 것이고 인구는 많고 국토가 좁은 우리나라에서 누가 집권하든 부동산정책은 쉽진 않을 것이다,3주 전,머니투데이,764,120,6
