﻿제목,날짜,작성일,작성자,댓글
대통령 할아버지…이 약속은 못 지키는 건가요?,2021-05-05 14:55:00,2021-05-06 11:04:00,bea,이 약속 도 못 지키시는 건가요
"대선지지층, 진보가 보수보다 처음으로 앞선다",2021-03-07 08:24:00,2021-03-08 10:57:00,lordo****,기렉아 똥같은 기사로 선동질할 생각 꿈도 꾸지마라.
"대선지지층, 진보가 보수보다 처음으로 앞선다",2021-03-07 08:24:00,2021-03-08 10:47:00,김송,대한민국의 보수는 진정한 보수는 김대중 뿐 이었다~그들은 보수를 가장한 수구친일일 뿐이다.
"대선지지층, 진보가 보수보다 처음으로 앞선다",2021-03-07 08:24:00,2021-03-08 00:03:00,Nono,경향 좌파신문 한겨ㄹㅖ 저리가라네
"대선지지층, 진보가 보수보다 처음으로 앞선다",2021-03-07 08:24:00,2021-03-07 22:23:00,hyun****,좋은말로 보수지 실제는 시대변화에 무디고 지적능력이 떨어진 노인들이 많은부분을 차지하다 점차 사망하니 줄어드는것 뿐이지.
"대선지지층, 진보가 보수보다 처음으로 앞선다",2021-03-07 08:24:00,2021-03-07 22:13:00,자자,여론조사 웃기고 자빠졌다. 여론조사 전화받아봤어? 전화벨이 울려 받으면 질문— 당신이 점 더 낫다고 생각하는 정당은 1번 민주당. 2번 국민의 힘—2번 누르면 당신은 조사대상이 아닙니다- 전화끊김. 여론조사 웃기고 자빠졌다. 저걸 믿는 건 진보만 믿는다. 보수들아 여론조사 믿지마라. 그냥 좌빨들의 선동이다. 통계청장 갈아치우는 것봐라. 정부 모든게 그냥 다 거짓이다.
"대선지지층, 진보가 보수보다 처음으로 앞선다",2021-03-07 08:24:00,2021-03-07 20:22:00,등대지기,"찌그러진 달빛아래 무뇌충 잡견 좀비들...더불어 만지다,쑤시다 못해, 똥개 처럼 돈 될만한 정보 보이면 , 물불 안가리고 한다리 들고 오줌 깔기며 오만군데 영역 표시 하였구나 ...파란지붕 에 사는 떼거리들은 사전 조사해보니 없다 ? 확신해서 조사해보라 했나? .. 똥창부터,국개의원, 공무원 ,민간인 할것없이 특검해서 불법 위장농지 몸통부터 깃털 차명까지 모조리 밝혀내어 족쳐라 ,그렇지 못하면, 대대손손 채마밮 일구며 근근히 살아온 우리네 민초들은 제2 동학 혁명으로 반드시 응징 할것이라 확신한다......광기 어린 지역 토호 우두머리 넌 왜 말이없니 니 관할에서 난 사건인데.."
"대선지지층, 진보가 보수보다 처음으로 앞선다",2021-03-07 08:24:00,2021-03-07 18:52:00,부자,"토착왜구 ㆍ수구꼴통ᆢ
국민의짐"
"대선지지층, 진보가 보수보다 처음으로 앞선다",2021-03-07 08:24:00,2021-03-07 16:30:00,-,"토착왜구들과 국민의짐 불안에 떨며 ""덴노 헤이카 반자이~~"" 를 외치는 모습이 보이는 구만ㅋ

토착왜구들 국짐당 다음 대선에서도 엿 쳐먹으면 왜구의 후예들 답게 장렬하게 셋푸쿠~ 알지?

왜구들이니까 설명은 안한다. 김종인이나 주호영이가 카이샤쿠 역은 해줄 거다 아마. ㅋ"
"대선지지층, 진보가 보수보다 처음으로 앞선다",2021-03-07 08:24:00,2021-03-07 16:11:00,ilk,지금 민주당이 진보인가? 진보가 모두 얼어죽었는가 보다. 진보는 무슨 진보? 개털진보.
"대선지지층, 진보가 보수보다 처음으로 앞선다",2021-03-07 08:24:00,2021-03-07 16:07:00,bk****,"진보-좌파 : 일본 극혐, 친 중국-북한
미국과는 사안에 따라서 협력
(안보상 한미 동맹은 기본적으로 유지)
보수-우익 : 공산주의/국가 극혐, 친 미국
친 일본 및 한미동맹 철저유지
그런데, 서양에서는 한국인의 이와 같은 좌/우 대립적 개념을 이해하기 힘들어 합니다. 서구식 사고방식으로는 진보/보수 혹은 공산~사회주의 대 자유민주주의를 대체로 경제적인 개념을 가치판단 기준으로 구분해서 말한다고 보면 됩니다.
즉, 진보/좌파는 사회주의식 경제체제(계획경제와 기업의 국유화를 중심으로 하는 경제구조 우선주의)를 추구하며 보수/우익은 자유로운 시장 거래, 사유재산 인정 기반의 자본주의 경제체제를 지향한다는 식 입니다. 그런 그들이 보기엔 한국에서 보수는 친일 수구 토착왜구 라고 보는 것과 진보 좌익은 친 공산당, 친 북한/ 친 중공(중국 공산당을 의미함).... 한 마디로 ㅃㄱㅇ 라는 식으로 서로 상대방을 매도하는 것을 이해하기 어렵다고 하는 것이지요.
물론 그들도 한국의 근 현대사를 조금만 관심있게 들여다 보면 비로소 납득이 가게 될겁니다."
"대선지지층, 진보가 보수보다 처음으로 앞선다",2021-03-07 08:24:00,2021-03-07 16:00:00,무울,"국민들이..많은,학습으로..정견이.생겼다는것...필요한건..정언..정행이라네..."
"대선지지층, 진보가 보수보다 처음으로 앞선다",2021-03-07 08:24:00,2021-03-07 15:45:00,제임스리,"없는 자들이 훨씬 많은데도, 보수를 지지하는 자들이 많았던 아이러니는 국민들이 무지했기 때문이다. 친일에 독재에 핍박을 받으며 조상 대대로 힘겹게 살아온 자들이, 가해자가 누구인지도 모르는 무지 때문에 오히려 가해자들을 지지해온 것이 우리의 슬픈 역사였다."
"대선지지층, 진보가 보수보다 처음으로 앞선다",2021-03-07 08:24:00,2021-03-07 15:19:00,쌍무지개,선거를이기기위해 싹싹 글거 다 퍼준다는데야 방법없지뭐.. 다음세대 깡통을차던말던..
"대선지지층, 진보가 보수보다 처음으로 앞선다",2021-03-07 08:24:00,2021-03-07 15:57:00,조희석,@쌍무지개 너는 네 처자식이 굶든 말던 물이나 떠다 주면서 살아라
"대선지지층, 진보가 보수보다 처음으로 앞선다",2021-03-07 08:24:00,2021-03-07 21:30:00,이규만,@조희석 니는 처자식 굶길정도 냐 불쌍타
"대선지지층, 진보가 보수보다 처음으로 앞선다",2021-03-07 08:24:00,2021-03-07 15:09:00,긴도깡,진보가아니라 진상들이다
"대선지지층, 진보가 보수보다 처음으로 앞선다",2021-03-07 08:24:00,2021-03-07 15:02:00,earlyfr****,"민주당은 이거 보고 오판하면 안됨.
민주당 극성 진보층이 목소리 커지면 언제나 필패한게 민주당 역사임.
나꼼수 3인방 박시영 이런 사람들이 과대표하면 선거 위험함.
중도진보로 온건하게 가야 함.
으쌰으쌰하는 자영업자들과 일정 거리 안두면 또 패함.
민주당 초선들 자중해라."
"대선지지층, 진보가 보수보다 처음으로 앞선다",2021-03-07 08:24:00,2021-03-07 14:56:00,bu****,퍼준다는데 장사 없습니다. 망하는 거지.
"대선지지층, 진보가 보수보다 처음으로 앞선다",2021-03-07 08:24:00,2021-03-07 14:44:00,빅건우,아직도 이 나라는 친일 세력으로 부터 완벽한 독립을 이루지 못했구나~!
"대선지지층, 진보가 보수보다 처음으로 앞선다",2021-03-07 08:24:00,2021-03-07 14:41:00,라우렐린,"내 생각엔,
과도하게 폭력적인 게임에 수십년간 노출되어있던 30~50대 들 눈으로 볼때,
요즘의 극우보수놀음은 70~80대 노인네들 수준의 케케묵은 거의 저능아들 장난 수준이라서..
별로 흥미를 못느끼게 된거 같음.
그래서 좀더 치열한 진보쪽으로 흥미를 느끼는듯."
"대선지지층, 진보가 보수보다 처음으로 앞선다",2021-03-07 08:24:00,2021-03-07 14:34:00,민철잉,보수도 몰락했지만 이 정권 하는 꼬라지 보면 2019년부터 진보는 더더욱 개쓰레기시궁창이 되어버린거같은데? ㅋㅋ현실감각 없니?ㅋㅋㅋㅋㅋㅋㅋㅋㅋㅋㅋㅋㅋㅋㅋㅋㅋㅋㅋㅋㅋㅋㅋ
"대선지지층, 진보가 보수보다 처음으로 앞선다",2021-03-07 08:24:00,2021-03-07 14:20:00,자작나무,난 진보 아닌데 보수는 안 찍어 주고 싶어
"대선지지층, 진보가 보수보다 처음으로 앞선다",2021-03-07 08:24:00,2021-03-07 14:08:00,소중한날들,"대한민국에 진보와 보수가 어디있나?
그냥 당 이름만 다른,하는짓이 똑같은 정당이 여당 야당이란 이름으로 존재하는 것이다.
대통령 조국 윤미향 추미애도 다 썪어빠진 위정자들인데 지들이 진보라며 정의라며 떠든다.
우습다. 둘다 야당 여당 다 무능하고 썪었다"
"대선지지층, 진보가 보수보다 처음으로 앞선다",2021-03-07 08:24:00,2021-03-07 13:46:00,kik****,"진보도 보수도 아닌 합리적이고 상식적인 보통사람들, 중도.무당층이 이기는 겁니다. 두려워 마세요 어차피 화무십일홍 아닙니까. 범죄자들이 판치는 나라는 막아야 지요."
"대선지지층, 진보가 보수보다 처음으로 앞선다",2021-03-07 08:24:00,2021-03-07 13:45:00,nbv,"보수대통령들마다 먹어치우고
편갈이 추적감시 북한을 방불케하니
또한 권력찬스판이고
심지어는 로스쿨제도로 가난한자들은 사법고시 기회조차도 없고"
"대선지지층, 진보가 보수보다 처음으로 앞선다",2021-03-07 08:24:00,2021-03-07 13:44:00,bj****,친일 국민의적은 없어져라
"대선지지층, 진보가 보수보다 처음으로 앞선다",2021-03-07 08:24:00,2021-03-07 13:43:00,7점62mm,농담이 아니고 나는 2012년 문 박 결과 3.4%(오차있음) 차로 박이 승리했을때 이미 예상했는데 왜냐 국힘당의 옛날부터 선거전략이 안보팔이 인구가많은 영남을 이용하는 영호남 갈라치기 그리고 정보기관의 협조하에 정치공작 이것으로 연명해왔는데 이것을 믿는 사람의 대다수가 50대 후반 이상이라는것 그러나 안타깝게도 매년 사망자가 약26만명인데 절대다수가 국힘당지지층인 고연령층 이라는것 국회의원선거 4년 대선 5년 한번곱하기 해보시지 5년단위로 몇%가 빠지는지 안탑갑게도 새로투표권을 갖는 18세부터는 앞에말한 세가지가 전혀 먹히지 않는다는것 참 걱정이다 국힘당
"대선지지층, 진보가 보수보다 처음으로 앞선다",2021-03-07 08:24:00,2021-03-07 13:35:00,안티,"지인이 아직도 대깨문 탈출 못했으면 관계 끊어라. IQ가 60도 안 되면 그게 사람이냐? 가망이 없다.
아니면 ㅈ선족이겠지."
"대선지지층, 진보가 보수보다 처음으로 앞선다",2021-03-07 08:24:00,2021-03-07 13:34:00,식민지 국민들,"바지속에 거시기꺼네 이리 저리 물뿌리고 다닌 민주당 진보무리들,,,,, 박영선이라고 별거냐? 박영선이 한테도 미리 각서를 받아야 한다. 성추행 안하겠다고,,, 그래야 밑에 남자부하직원들이 맘놓고 일하제,,,,, 안그냐? 그라고 야권은 단일화하여, 미친 문재인을 잡아야 한다. 말로만 민주, 인간 이딴소리했지,,,, 실제로는 부정부패의 온상으로 가고있다. 차기 정권이 바뀌면 전부~ 다~ 조사하면 나오겠지만,,,, 그때까지 기다리기로 하고 국민의힘은 지는게 이기는 것이다!!!"
"대선지지층, 진보가 보수보다 처음으로 앞선다",2021-03-07 08:24:00,2021-03-07 13:26:00,식민지 국민들,"근혜가 못한거 같아? 문재인을 밀어주었지만,,,, 역시나! 나라일은 진보가 그나마 잘한다는걸.... 국민이 알아차린게지,,,, 전체적으로 놓고 볼땐!!!"
"대선지지층, 진보가 보수보다 처음으로 앞선다",2021-03-07 08:24:00,2021-03-07 13:19:00,wha****,"러시아 공산주의자 레닌의 교시
""목적은 수단을 정당화 한다.혁명을 위해서는 거짓말 해도 괜찮다""
""거짓말은 혁명을 위한 가장 강력한 수단이며,거짓말을 백번하면 참말이 된다""

프랑스 정치학자 레이몽 아롱
정직하면서 머리가 좋은 사람은 좌파가 될 수 없다!
정직한 좌파는 머리가 나쁘고 머리가 좋은 좌파는 정직하지 않다.

1789년 프랑스 좌파를 이끌던 로베스피에르는 아이들에게 우유를 값싸게 먹이기 위해
우유값을 반값 이상 받으면 사형 시키겠다고 했고 우유값은 폭락했지만
얼마 지나지 않아 농민들이 돈이 되지 않는 젓소를 도축했다.
그리고 우유값이 폭등했고 중산층 아이들도 우유를 못먹는 사태가 벌어졌다.

2020년 같은 일이 대한민국 부동산에서도 벌어졌다.
민주당이 임대차3법으로 다수 임차인들을 위한 정책이라고 내놓은 입법이
안그래도 진정되지 않던 부동산을 폭등시켰다

더군다나 2017년9월 LH법에 내부기밀로 이익을 얻을때 처벌하는 법안에서
5년이하 징역형을 3년이하 징역형으로 변경하겠다는 법안을 민주당 16인이 공동발의했다
하지만 당시 민주당이 의석수에서 밀려 법안 통과는 실패했다
오히려 이익을 추징하고 10년이하 징역형 법안을 만들어도 될까말까한 일인데도....
지금까지 민주당이 하는 꼬라지 보면
민주당180석은 그냥 자기들 당리당략에만 이용하는 의석수가 되었을뿐이다
중대재해법도 국힘당 핑계되면서 미적거리다가 원 법안보다 훨씬 후퇴한 법안으로 통과시키고
무슨 말만 나오면 국힘당 핑계대면서
정작 자기들 이익에 필요한건 강제로 법안 통과시키는 민주당
서울,부산 보궐선거에 대해서도 성추행당이라는 소리에 창피한줄도 모르는 민주당과 민주당똘마니들

그리고 자기가 진보이고 좌파라 생각하는 개돼지들아
니들이 진짜 진보이고 좌파라면 지금의 민주당이 아니라는 쓴소리를 해야되고
그런 사실을 깨닫지 못한다면 평생 개돼지로 지낼수 밖에 없는거다"
"대선지지층, 진보가 보수보다 처음으로 앞선다",2021-03-07 08:24:00,2021-03-07 15:51:00,보헤미안,"@wha**** 역대 보수 집권자들에 말로를 함 보자
이승만은 4.19혁명으로 내쫒기고, 박정희는 부하에게총맞아죽고,
김영삼이는 나라말아먹고 부도내고
전두환이 노태우누는 쿠테타에 부정축재 뇌물로 두놈빵에간걸 김대중이 빼주고
사기에뇌물 비리로 이명박그네 둘은 빵에드가있고
이나라는 진보가 살려놨어 임마
무식하기는 부끄러운줄알아야지~"
"대선지지층, 진보가 보수보다 처음으로 앞선다",2021-03-07 08:24:00,2021-03-07 16:39:00,bk****,"@보헤미안 역대(라고 해봐야 현 문통 까지 다 합쳐서 3명) 진보/좌익 댓통들은... ???
1. 김 선생님 : 남한 대통령으로 최초로 북한 방문, 김정일 끌어안고 남북정상회담....
추후 노벨 펭화상 수상함. 그러나 후임 노통령이 퇴임 한지도 얼마 안 되어 나이가 훨 씬 많은 자신보다 먼저 저 세상으로 가는 걸 보게 됨.
2. 노무현 전 대통령 : 전임 김 선생님에 이어 또 북한 방문, 김정은과 제2차 남북정상회담 가짐. 신선감도 감동도 퇴색됨. 재임기간 중 헌정사상 최초로 국회에서 탄핵논의 진행되고 표결 결과 가결되지만 헌재에서 기각됨 1번(김대중 전 대통령 편)에서 이미 말한 바와 같이 스스로의 명예를 지키고 결백을 주장하려... (이하 생략)
3. 문 통령님(현직 대한민국 댓통) -- 보수측 성향 인물들에게는 “문 재앙”으로 불리고 있는 중.. 북한 김정은을 만나서 역사상 세 번째 남북정상회담 진행함.. 거듭 여러번 만났지만 북핵문제를 해결하진 못했고 그 후폭풍으로 한미 동맹의 근간을 뒤흔들고 친 중 - 친 북 행보로 국제사회 왕따를 자초하는등 외교/통일 문제에 있어 암초 역할에 충실함. 부동산 문제를 해결하겠다면서 도리어 역효과를 신나게 내고 있으며 스스로 임명했던 검찰 총장을 통솔하지 못해서 무려 두 명의 법무부장관이 뜻을 못 이루고 물러나기도 했음....
이것이 보편적이고 상식적인 일반 국민시각에서 바라본 전/현직 자칭 진보측 댓통들 현주소임"
"대선지지층, 진보가 보수보다 처음으로 앞선다",2021-03-07 08:24:00,2021-03-07 13:13:00,우그리,"대통령 2명뽑아 하나는 보수,하나는 진보만 통치하는 국가로 만들자."
"대선지지층, 진보가 보수보다 처음으로 앞선다",2021-03-07 08:24:00,2021-03-07 13:11:00,최강코리아,만져당 빠진넘들아 정신좀 챙기자.... 이정부는 공산당 눈치만 보는 한심한정권하고..공무원부패가 판치는 정권이다...개돼지들아 !!친일?개돼지들이 일제자동차 사지말자
"대선지지층, 진보가 보수보다 처음으로 앞선다",2021-03-07 08:24:00,2021-03-07 13:09:00,KUNA,"바보도 10년간 교육 받으면 자기 이름 석자는 쓴다.
이명박근혜 10년 헬조선에서 살고도 아직도 정신 못차린다면
그건 정상인이 아니라 태극기부대지."
"대선지지층, 진보가 보수보다 처음으로 앞선다",2021-03-07 08:24:00,2021-03-07 13:04:00,최강코리아,개돼지들아 뭘 알겠냐 ㅋㅋㅋㅋㅋㅋ캬 이개 나라냐
"대선지지층, 진보가 보수보다 처음으로 앞선다",2021-03-07 08:24:00,2021-03-07 12:49:00,Parting,"민주당이 보수인거고
지들이 보수라고 착각?하고 있는 국민의힘은 그냥 나라 팔아 먹는 매국단체"
"대선지지층, 진보가 보수보다 처음으로 앞선다",2021-03-07 08:24:00,2021-03-07 12:21:00,ys kim,박정희 전두환 추종자들이 하나둘씩 없어 지는모양이군 진보가 앞서가는거 보니
"대선지지층, 진보가 보수보다 처음으로 앞선다",2021-03-07 08:24:00,2021-03-07 12:13:00,jh****,반신반인으로 추앙하는 박정희의 그림자가 서서히 퇴색되어가고 있음이다. 그럴수록 극우들의 발악은 거의 저주 일색이 될 것이다.
"대선지지층, 진보가 보수보다 처음으로 앞선다",2021-03-07 08:24:00,2021-03-07 12:11:00,땅 땅 땅,또 선동질을 시작하는구나...좌빨 경향이~~~
"대선지지층, 진보가 보수보다 처음으로 앞선다",2021-03-07 08:24:00,2021-03-07 12:01:00,anarchy,"이명박근혜가 최악이라면 문정권은 초악이다..!!!
누가더 나쁘고 국민들 못살게 구느냐가 관건인 선거..~
옆에 있는 쪽바리도 정말 싫지만 북공산정권만 옹호하는 이정부가 더 최악이다.
인권을 부르짓는 정부가 북한인민 국민들의 인권을 우선 생각해야 제대로된 정부아닌가?
암튼 시장원리를 모르는 문정권이 된다면 부동산 아파트값 계속 오를테니 가진자들 청와대,정치인포함
나쁠건 없네"
"대선지지층, 진보가 보수보다 처음으로 앞선다",2021-03-07 08:24:00,2021-03-07 11:59:00,muno****,에레이 치 사한 넘들 어떤 결과 나느지가 중요~~~~
"대선지지층, 진보가 보수보다 처음으로 앞선다",2021-03-07 08:24:00,2021-03-07 11:51:00,lordo****,"기렉아 뭐가 그리 다급해서 벌써 선거조작질을 시작하니?
지금 판세 보니 보귈선거 무지하게 걱정되지?
근데 아무리 해봐야 민주당.30% 못넘긴다. 왜?
젊은 세대들이 너희들에게 등 돌려버렸거든."
"대선지지층, 진보가 보수보다 처음으로 앞선다",2021-03-07 08:24:00,2021-03-07 11:39:00,noa****,부정 부패의 끝판왕 기득권 세력 문재인을 타도하자... 대한민국의 민주주의를 바로 세우자
"대선지지층, 진보가 보수보다 처음으로 앞선다",2021-03-07 08:24:00,2021-03-07 11:36:00,산양들,"아묻튼 대한민국 국민이면 이나라를 오래도록 보존 잘 할려면
국익차원에서 애국을 합시다"
"대선지지층, 진보가 보수보다 처음으로 앞선다",2021-03-07 08:24:00,2021-03-07 11:22:00,tackm****,진보라고해서 민주당 덮어놓고 뽑아줄거란 생각은 하지 마시길 LH나 인국공 등 이를 가장 많이 가는거도 그들이니
"대선지지층, 진보가 보수보다 처음으로 앞선다",2021-03-07 08:24:00,2021-03-07 11:16:00,친일파 미친통닭당,지금 40대가 베이비붐 세대라고 하던데 ... 가장 수가 많고 그래서 아마도 그럴듯 .. 30/40대는 진보가 압도적임..
"대선지지층, 진보가 보수보다 처음으로 앞선다",2021-03-07 08:24:00,2021-03-07 11:10:00,sj****,"4년만에 나랏 빚을 400조나
뻥티기 한 넘을 칭송 하는 미친 넘들
대깨문 아거들 보거라
국민을 사랑해서
바다에 표류중인 국민을 총살 당하게 하고
월북자로 뒤집어 쒸워!
북에서 월남한 사람을 강제 북송 시켜
총살 당하게 하고
권력으로 성추행 한 넘 감싸고
위안부 할머니들 돈갈취한 년
정보이용 부동산 투기한 넘
전부 국회의원 시키고
서류 위조범 가족 일당 감싸고
엉터리 부동산 정책으로 서민들
삶의 의욕 바닥으로 추락 시키고
코로나 미리 차단 못하여
지금도 전국민들 힘들게 하고
외교는 폭망 그자체
국방은 정은이 눈치 보느라
군인들 훈련도 못하게 틀어막아
당나라 군대 만들어
연일 경계선은 뚫리고
원칙대로 수사 하는 검사들은
권력으로 물먹이고
백신은 세계 꼴찌로 확보
부작용 염려
국민들 먼저 맞게 하면서 눈치나 보고,,,
그것도 부족해 불법 농지 취득하고
내로남불 불법 땅투기 조사 하란다
누군지 알겠지
이자의 무능과 범죄 행위는
추후 반드시 엄중히 조사 반드시 죄값을 받도록 해야 한다"
"대선지지층, 진보가 보수보다 처음으로 앞선다",2021-03-07 08:24:00,2021-03-07 11:21:00,친일파 미친통닭당,@sj**** 장애인아 !!! 머리가 옵션이면 귓구녕 열고 쳐 듣고 좀 다녀라 .... 미국은 이미 6조 가량 풀었어 ... 우리나라 돈으로 계산하면 7천조다 장애인아 ..전세계가 양적완화 하고 있는데 몬 개소리야 ... ㅉㅉㅉ 한심한 뜰딱 새끼 ... 인플레이보다 더 무서운게 디플레이션이야 ... 알겠냐 ... 그리고 우리나라 정부 부채 50%로도 안돼 .. OECD 중에서 상위권이다 .. 재정건전성이..이게 좋은 것 같냐 ... 그동안 복지 사각지대가 많다는거야 .. 삼성전자 공장에 사람 많을것 같지 ..전기차 공장에 사람 많을것 같지 ... 전부 로봇이다 ..장애인아 ... 미국 top 파일럿이 ai 에 한판도 못이긴거는 아냐 ... ㅉㅉㅉ 일자리 전부 로봇으로 갈아치우면 몰로 먹고 살래 ..그래서 외국에서 로봇에 세금을 부여하자는 애기가 나오는 거야 ..그래서 기본소득 이야기가 나오고 있는거고 .. 대가리가 옵션이면 집에 놓고 좀 다녀라 !! ㅉㅉㅉ
"대선지지층, 진보가 보수보다 처음으로 앞선다",2021-03-07 08:24:00,2021-03-07 15:45:00,sihagall****,"@친일파 미친통닭당 머저리 촌닭아??~~
미국과 비교하냐??~~
나라에서 돈주니 좋지??~~침 질질 흘리면서 충성에 또 충성!!~~
그래서 니들이 나라 망치는 족속들인거야!!~~
계속 거지 근성 가지고 살아라~~잉!!~~^^"
"대선지지층, 진보가 보수보다 처음으로 앞선다",2021-03-07 08:24:00,2021-03-07 13:53:00,sj****,"@친일파 미친통닭당 이놈도
역시
대갈통을 장식품으로 달고 다니는군"
"대선지지층, 진보가 보수보다 처음으로 앞선다",2021-03-07 08:24:00,2021-03-07 14:50:00,-,@sj**** 대/가리에 자갈만 가득 찬 자네 보다는 500배쯤 나아 보이는데? ㅋ
"대선지지층, 진보가 보수보다 처음으로 앞선다",2021-03-07 08:24:00,2021-03-07 11:01:00,-,"토착왜구들, 자위대행사에나 참석하며 우리일본이라는 소리해대는 종자와 겐세이,야지를 부르짖던 진상과(저 둘은 아침에 일어나면 덴노 헤이카 반자이~~를 외치고 하루를 시작할 듯 함.ㅎ)
국회위원을 치부의 수단으로 이용해 수백 수천억씩 해쳐먹은 자식들과
군부독재정권의 애완견이였던 자들이 몸담았던 당. 현재도 그런 종자들로 가득찬 정당.
저런 쓰레기들 덕분에 앞으로 민주당 50년 집권은 보장되었음.
국민의짐은 앞으로도 지금까지 해왔던 것처럼 변함없길 바랍니다. 당신들이 있어서 기쁩니다. ㅋㅋ"
"대선지지층, 진보가 보수보다 처음으로 앞선다",2021-03-07 08:24:00,2021-03-07 12:35:00,00,"@- 확실한건 민주당 이번에 개박살날듯
뽑을 명분이 사라짐"
"대선지지층, 진보가 보수보다 처음으로 앞선다",2021-03-07 08:24:00,2021-03-07 10:51:00,선택과 집중,보수나 진보 모두 위대한 대한민국을 위한 마음이다. 거시와 같은 보수 미시와 같은 진보 접근방식의 차이가 근본을 뒤집어서는 안된다. 근본은 대한민국이다. 아버지와 어머니가 공존해야지 아버지가 어머니를 없애야 가정이 행복해지는 것은 아니기 때문..
"대선지지층, 진보가 보수보다 처음으로 앞선다",2021-03-07 08:24:00,2021-03-07 10:31:00,긴도깡,진보가아니라 좌파벌갱이다 진보는없고 벌갱이만있을뿐이다 예전에 때중이도 마이클잭슨불러서 백스텝밟았다
"대선지지층, 진보가 보수보다 처음으로 앞선다",2021-03-07 08:24:00,2021-03-07 10:19:00,gog,"국민의적 친일역적 넌넘들이 보수란건 순 사기다, 토착왜구들은 보수가 아니다."
"대선지지층, 진보가 보수보다 처음으로 앞선다",2021-03-07 08:24:00,2021-03-07 12:32:00,00,@gog 토착왜구나 짱개나 절레절레
"대선지지층, 진보가 보수보다 처음으로 앞선다",2021-03-07 08:24:00,2021-03-07 12:32:00,로이윌리엄,"@gog 왜구당은 하루빨리 국민의똥 아니면 왜구의힘으로 당명을 바꿔라.
싸가지없이 국민이란 단어를 더럽히는 개잡것들.."
"대선지지층, 진보가 보수보다 처음으로 앞선다",2021-03-07 08:24:00,2021-03-07 10:16:00,GreatKorea,규제지역 묶을생각 하지말고 내부단속이나 잘 해라. 지지층들이 얼마나 돌아섰는지 감이 잘 안오지 ?
"대선지지층, 진보가 보수보다 처음으로 앞선다",2021-03-07 08:24:00,2021-03-07 10:15:00,-,민주당이 보수인데 왜자꾸 왜구당을 보수라고 하냐?? 일본인인가??
"대선지지층, 진보가 보수보다 처음으로 앞선다",2021-03-07 08:24:00,2021-03-07 12:22:00,-,@- 100% 공감
"대선지지층, 진보가 보수보다 처음으로 앞선다",2021-03-07 08:24:00,2021-03-07 10:04:00,강 성진,수꼴왜구당과 보수민주당 양당구조가 굳어지면 이나라는 필망이다..
"대선지지층, 진보가 보수보다 처음으로 앞선다",2021-03-07 08:24:00,2021-03-07 09:35:00,hijoker****,"기레기들이 아직도 민주당을 진보당으로 색칠하는데
그걸 믿을 자들은 개돼지 외엔 없다.
물론 이해찬이 좌클릭하며 당내 그런 자들을 들였지만
그들은 앞으로 자연히 정리될 것이다.
정통 보수당인 민주당이 재집권하느냐 친일수구당이 다시
집권을 되찾는냐의 차기 대선이 될 것이다.
물론 가장 첨예한 이슈는 부동산 문제가 될 것이다."
"대선지지층, 진보가 보수보다 처음으로 앞선다",2021-03-07 08:24:00,2021-03-07 08:45:00,우주여행,진보? 진보진영? 누가 진보이고 어디가 진보진영인가? 수꼴보다 더럽고 악취나는 그들이 진보라고? 거악의 축이라고 해야...
"대선지지층, 진보가 보수보다 처음으로 앞선다",2021-03-07 08:24:00,2021-03-07 12:18:00,ys kim,@우주여행 너코가 썩었는지 병원가서 진찰받아봐라
"대선지지층, 진보가 보수보다 처음으로 앞선다",2021-03-07 08:24:00,2021-03-07 10:20:00,gog,@우주여행 정신병은 정신병원으로.
"대선지지층, 진보가 보수보다 처음으로 앞선다",2021-03-07 08:24:00,2021-03-07 09:35:00,권또,"@우주여행 시대의 변화를 자각하고 , 이제는 좀 변할때도 되었건만..... 어찌 그리 어설픈 깊은 수렁에서 해메이고 있는 자들이 많은지...."
"‘수직상승’ 윤석열, ‘동반하락’ 이재명·이낙연···재보선 결과에 ‘흐름’ 바뀔까?",2021-03-29 09:27:00,2021-04-24 23:24:00,소양강뱃사공,이재명이는 그렇게 쌍스러운 욕을 하면 아니됩니다.
"‘수직상승’ 윤석열, ‘동반하락’ 이재명·이낙연···재보선 결과에 ‘흐름’ 바뀔까?",2021-03-29 09:27:00,2021-04-21 21:59:00,김성진,우리 좀 더 두고 보시다. 윤석열은 정치인이 아닙니다.그리고 약점도 많습니다.
"‘수직상승’ 윤석열, ‘동반하락’ 이재명·이낙연···재보선 결과에 ‘흐름’ 바뀔까?",2021-03-29 09:27:00,2021-04-24 23:26:00,소양강뱃사공,@김성진 너나 잘 하세요.
"‘수직상승’ 윤석열, ‘동반하락’ 이재명·이낙연···재보선 결과에 ‘흐름’ 바뀔까?",2021-03-29 09:27:00,2021-04-20 17:56:00,서방,"가수송가인대선출마 돼지발정제 여우발정제 개발정제 다 이길수있다
국개원출신 권위적 관료주의에 빠저 국민을 위기에서 구할사람 송가인"
"‘수직상승’ 윤석열, ‘동반하락’ 이재명·이낙연···재보선 결과에 ‘흐름’ 바뀔까?",2021-03-29 09:27:00,2021-04-15 22:36:00,dbszmsehf,"무논리 무대뽀로 막나가다 논리가 딸리면 어어버버 주먹으로 책상꽝치고 검찰총장은 법무부장관의
부하가 아닙니다 엄연히 법무부 외청장인 검찰총장은 법무부장관 부하가 맞다 수사권 기소권을 독점한
무소불위 권력으로 검찰총장이 위계질서를 무시하고 되려 법무부장관 상전노릇을 해왔던것을
추미애 장관이 법적으로 위계질서를 바로잡은것이다 윤석열의 과거 잘못된발언 나는 사람에게 충성하지않는다
를 지금 처지로 비춰볼때 국민도 사람인데 국민에 충성하지않고 오로지 검사동일체 검찰조직과 처갓집에만
충성하게다는 명언이 되는것이다"
"‘수직상승’ 윤석열, ‘동반하락’ 이재명·이낙연···재보선 결과에 ‘흐름’ 바뀔까?",2021-03-29 09:27:00,2021-04-24 23:30:00,소양강뱃사공,@dbszmsehf 할일이 없으면 밥값이나 벌러 일력시장으로나 가세요.
"‘수직상승’ 윤석열, ‘동반하락’ 이재명·이낙연···재보선 결과에 ‘흐름’ 바뀔까?",2021-03-29 09:27:00,2021-04-10 03:48:00,반포지효,"윤석렬이는 제도권 안에서 경험도 없고
그 동안 하는 짖이 국민들 죄만 덧씌웠는데
아는 것도 없고 대통령감이 돼겠냐?
여론조사에 오른 것이 우수꽝스럽다.
머릿속에 든 것이 있어야 대통령도 할 것 아닌가?"
"‘수직상승’ 윤석열, ‘동반하락’ 이재명·이낙연···재보선 결과에 ‘흐름’ 바뀔까?",2021-03-29 09:27:00,2021-04-08 14:39:00,넓고깊게,"사실!
윤석열은 현정부가 키워준건데...
문재인,추미애,조국 이사람들이 키워준거다.
사람의 도리상...윤석열은 이런 사람들 배반하면 안된다."
"‘수직상승’ 윤석열, ‘동반하락’ 이재명·이낙연···재보선 결과에 ‘흐름’ 바뀔까?",2021-03-29 09:27:00,2021-04-02 13:52:00,hunter****,이낙연; 호남표 유지용 이재명: 절대 대선후보 못됨. 결정적 타임에 대법무죄판결 꼭두각시 김경수 등판.. 민주당 대선실패... 윤설열 당선....문통은 협상완료되어 빼주고 민주당.추미애등 한풀이대상들 여기저기 피신다닐사람들 많을듯...
"‘수직상승’ 윤석열, ‘동반하락’ 이재명·이낙연···재보선 결과에 ‘흐름’ 바뀔까?",2021-03-29 09:27:00,2021-03-31 21:48:00,포악디에지,"장모랑 마누라 수사는 손도 못대겠네, 알아서 길텐데, 언넘이 수사하겄노??씬발~~~!"
"‘수직상승’ 윤석열, ‘동반하락’ 이재명·이낙연···재보선 결과에 ‘흐름’ 바뀔까?",2021-03-29 09:27:00,2021-03-30 06:56:00,애덕 파주,아무려면 첩을 두고 형수 성기?를 찢어 죽이겠다는 분이 되겠습니까? 그 게 국민의 수준일지?
"‘수직상승’ 윤석열, ‘동반하락’ 이재명·이낙연···재보선 결과에 ‘흐름’ 바뀔까?",2021-03-29 09:27:00,2021-03-31 21:52:00,포악디에지,"@애덕 파주 나는 더 했으면 더했지 덜하지 않았을 것 같은데,, 아마도 우리 국민들 대부분이 그렇지 않을까?? 지엄마에게 욕하고 밀쳐서 넘어 뜨리고,,그래서 다쳤다면,,아마도 100명중에 101명은 저렇게 끝내지 않았을 것 같은데요, 나역시 ,욕따위로 안끝내지!! 나 같으면 면상에 향피우지!! 아마 댁도 그랬을 것 같은데...나보다 심했을 것 같은데,,"
"‘수직상승’ 윤석열, ‘동반하락’ 이재명·이낙연···재보선 결과에 ‘흐름’ 바뀔까?",2021-03-29 09:27:00,2021-03-29 17:28:00,FrDarkman,멀쩡한 형을 시장권력을 이용 정신병자로 몰아 정신병원에 강제구금시켜 그 충격으로 친형이 죽고 말았다. 그에 항의 하는 형수에게 '갖은 욕설' 과 '폭행'을 자행한 패륜아가 시장도 해묵고 국회의원도 해 묵는 '한번도 경험해보지 못한 나라' 대한민국! 내가 딱 한마디만 하마.. 에라~~이 개ㅠ그튼 놈ㅠ들아~!
"‘수직상승’ 윤석열, ‘동반하락’ 이재명·이낙연···재보선 결과에 ‘흐름’ 바뀔까?",2021-03-29 09:27:00,2021-03-29 17:15:00,김미구,"안철수가 초딩이면
윤석열은 치딩이다.

이들에게서 국가경영의 무슨 가능성이
얼마나 보이길래 야단들인가?

종편은 매일 윤비어천가를 부르고,
시민들은 따라서 춤추고.

참! 이상한 나라다."
"‘수직상승’ 윤석열, ‘동반하락’ 이재명·이낙연···재보선 결과에 ‘흐름’ 바뀔까?",2021-03-29 09:27:00,2021-04-24 23:34:00,소양강뱃사공,@김미구 진짜...미구시군요.
"‘수직상승’ 윤석열, ‘동반하락’ 이재명·이낙연···재보선 결과에 ‘흐름’ 바뀔까?",2021-03-29 09:27:00,2021-03-29 16:50:00,jspa****,"코메디 보는것 같아요.
이런 통계가 이해가 않됩니다.
우리 국민 의식이 이정도는 아니라고 믿거든요.
많이 띄어진 만큼 고통도 클것이라 보여집니다."
"‘수직상승’ 윤석열, ‘동반하락’ 이재명·이낙연···재보선 결과에 ‘흐름’ 바뀔까?",2021-03-29 09:27:00,2021-03-29 16:34:00,으니,"검증이란 과정을 거치고 실체가 드러났을 때도 과연 지지율이 유지될 것인가?
지금처럼 거의 모든 언론에서 세상을 구할 적임자처럼 띄우고 있지만
거품이 걷히면 급하락할 것이라는 것은 누구나 짐작할 수 있는 일..."
"‘수직상승’ 윤석열, ‘동반하락’ 이재명·이낙연···재보선 결과에 ‘흐름’ 바뀔까?",2021-03-29 09:27:00,2021-03-29 15:16:00,김성진,우리 국민의 수준이 갈수록 높아져 아무나 대통령 할 수 없다고 공언합니다.
"‘수직상승’ 윤석열, ‘동반하락’ 이재명·이낙연···재보선 결과에 ‘흐름’ 바뀔까?",2021-03-29 09:27:00,2021-03-29 14:16:00,권선징악,국민들의 수준이 저러하면 그에 걸맞는 지도자를 세워서 x 되셔야지 잘해봐유 국민들
"‘수직상승’ 윤석열, ‘동반하락’ 이재명·이낙연···재보선 결과에 ‘흐름’ 바뀔까?",2021-03-29 09:27:00,2021-03-29 12:51:00,정의와 공정,"개경향 개언론들이 띄워준 윤석열 지지율 올라가니... 개놈들 춤을 추냐 ?
하지만 그 동안 개짖거리 들통나면 니들은 한순간에 보따리싸고 뒈질 줄 알라 !"
"‘수직상승’ 윤석열, ‘동반하락’ 이재명·이낙연···재보선 결과에 ‘흐름’ 바뀔까?",2021-03-29 09:27:00,2021-03-29 12:49:00,exite,"거짓말 마라...
조사개요에서 최소한 유선비율을 밝혀야지...
어느 정치인의 장모와 마누라 이름을 국민이 외우냐?
장모 최은순과 라마다르네상스 줄리 출신 김건희는
수사부터 제대로 받아야지.
노무현 가족 수사는 제 놈이 해서 괴롭히고도
노무현을 존경하고
문재인의 인사권을 정면 침해하고도
문재인을 존경한단다..
이제와서 이미지 세탁하려고?
국찜에 대선주자가가 없으니까 띄우는 것뿐,
칼잡이 망나니가 외교하다고 해봐라...
상대방 정상과 대화가 되겠니?
텐프로 영부인은 해외 웃음거리 되겠지?"
"‘수직상승’ 윤석열, ‘동반하락’ 이재명·이낙연···재보선 결과에 ‘흐름’ 바뀔까?",2021-03-29 09:27:00,2021-03-29 14:35:00,죽전거사,@exite 천박 그자체 정수기 보다야
"‘수직상승’ 윤석열, ‘동반하락’ 이재명·이낙연···재보선 결과에 ‘흐름’ 바뀔까?",2021-03-29 09:27:00,2021-03-29 11:55:00,겨울모자,"추미애 분발해주기 바란다
추미애가 민주당의 대권 후보로 나와서 윤석열과 맞붙는 2라운드 보고싶다.
추미애씨 힘내서 이재명 제치고 민주당 대표로 나와 주세요"
"‘수직상승’ 윤석열, ‘동반하락’ 이재명·이낙연···재보선 결과에 ‘흐름’ 바뀔까?",2021-03-29 09:27:00,2021-03-30 17:20:00,k****,@겨울모자 추미애 대권후보 개가웃겠다
"‘수직상승’ 윤석열, ‘동반하락’ 이재명·이낙연···재보선 결과에 ‘흐름’ 바뀔까?",2021-03-29 09:27:00,2021-03-29 11:16:00,게스트,"기자님 기사는 좋은데, 기사 편집은 누가했니? 지지율 순서대로 사진을 올려야지..재수없게"
"‘수직상승’ 윤석열, ‘동반하락’ 이재명·이낙연···재보선 결과에 ‘흐름’ 바뀔까?",2021-03-29 09:27:00,2021-03-29 11:09:00,등대지기,"위선과 거짓 ,불의와LH로남불 ,무능과부패 ,안보불감 ,찌그러진 달빛의 미친기운 똥깨문 악령들과 더부러만지다쑤신무리들 .. 코로나보다 먼저 박멸되어야 대한민국의 미래가 있다"
"‘수직상승’ 윤석열, ‘동반하락’ 이재명·이낙연···재보선 결과에 ‘흐름’ 바뀔까?",2021-03-29 09:27:00,2021-03-29 10:27:00,행복파트너,기레기 윤짜장 저게 정상적인거냐 저자가 대권잡으면 나라가 개잡종되는거지 공수처수사 받을자가 무슨 지지율에 끼워주고 이상한 수직상승
"‘수직상승’ 윤석열, ‘동반하락’ 이재명·이낙연···재보선 결과에 ‘흐름’ 바뀔까?",2021-03-29 09:27:00,2021-03-29 11:17:00,게스트,@행복파트너 정신병원에서 많이 힘들지? 밥은 나오니?
"‘수직상승’ 윤석열, ‘동반하락’ 이재명·이낙연···재보선 결과에 ‘흐름’ 바뀔까?",2021-03-29 09:27:00,2021-03-29 11:15:00,k****,@행복파트너 니는 어떻게 우동사리 같은 말만 하고 있니 기레기 짜장 아니면 쓸말이 그리도 없니 우동아
"‘수직상승’ 윤석열, ‘동반하락’ 이재명·이낙연···재보선 결과에 ‘흐름’ 바뀔까?",2021-03-29 09:27:00,2021-03-29 10:26:00,조승호,"사실 제보선 선거일이 가까워지면서 곰곰이 생각을 해보니 국민은 정부에서 하자는대로 다 해야되는 건가
라는 생각이 든다 부정으로 스스로 물러난자리에 또다시 막대한 경비를 들여서 투표를하고 선출을해야만
되는것인가 라는 회의심이 생긴다라는 말임니다 왜시민이 시장선출을 두번씩이나 해야되는지 해명좀 해
보시라구요 불과 1년남짓 지나가면 또다시 선거를 해야되는 대 말임니다 어짜피 부시장이나 총괄팀장이
임시로 맡으면 되는것을 막대한 경비를 낭비하면서 투표할 필료성이 잇냐는 질문입니다,"
"‘수직상승’ 윤석열, ‘동반하락’ 이재명·이낙연···재보선 결과에 ‘흐름’ 바뀔까?",2021-03-29 09:27:00,2021-03-29 11:18:00,게스트,@조승호 그러게요 오세훈 박형준 바로 임명하면 되는데 웃기는 킁킁당이죠
"‘수직상승’ 윤석열, ‘동반하락’ 이재명·이낙연···재보선 결과에 ‘흐름’ 바뀔까?",2021-03-29 09:27:00,2021-03-29 10:23:00,주권자2021,"까도남으로는 도저히 안될 것 같으니
써결이 넘을 내세워 어떻게 해보려고?
아직도 주권자를 어리석은 개돼지로 알고 있냐?
어리석은 뉴스공장과 그 종업원아"
"‘수직상승’ 윤석열, ‘동반하락’ 이재명·이낙연···재보선 결과에 ‘흐름’ 바뀔까?",2021-03-29 09:27:00,2021-03-29 10:16:00,罂粟花,조선놈들은 수십년 동안 극우 독재 정권에 당하고도 문민정부를 비토 하나. 구제 불능이냐?
"‘수직상승’ 윤석열, ‘동반하락’ 이재명·이낙연···재보선 결과에 ‘흐름’ 바뀔까?",2021-03-29 09:27:00,2021-03-29 11:19:00,게스트,"@罂粟花 문민정부라고라??? ㅎㅎㅎㅎㅎ 개가 웃겠다.
이름뿐이지!!! 더러분 더부러 킁킁당 역적도당들"
"‘수직상승’ 윤석열, ‘동반하락’ 이재명·이낙연···재보선 결과에 ‘흐름’ 바뀔까?",2021-03-29 09:27:00,2021-03-29 10:16:00,김태식,"나라가 망해가는 조짐이 보인다
저런것이 1등이라니"
"‘수직상승’ 윤석열, ‘동반하락’ 이재명·이낙연···재보선 결과에 ‘흐름’ 바뀔까?",2021-03-29 09:27:00,2021-03-29 11:20:00,게스트,"@김태식 말하는 나라가 한번도 경험해보지 않은 나라 더 이상 경험하면 망하는 나라 맞지?
아님 조선인민 민주주의 공화국인가??
더러운 더부러 킁킁당들"
"‘수직상승’ 윤석열, ‘동반하락’ 이재명·이낙연···재보선 결과에 ‘흐름’ 바뀔까?",2021-03-29 09:27:00,2021-04-13 23:47:00,(주)태양 \서영욱,"@게스트 참 말들도 이쁘게한다...
지금이 어떤..... 조선인민이 나오고 공화국.....
색깔도 없는..."
"‘수직상승’ 윤석열, ‘동반하락’ 이재명·이낙연···재보선 결과에 ‘흐름’ 바뀔까?",2021-03-29 09:27:00,2021-03-29 11:16:00,k****,@김태식 니같은 인간이 많으면 나라가 망한단다
"‘수직상승’ 윤석열, ‘동반하락’ 이재명·이낙연···재보선 결과에 ‘흐름’ 바뀔까?",2021-03-29 09:27:00,2021-03-29 10:15:00,황태자의 꿈,"또, 구라미터 여론조사.
이런 개구라 여론조사는 이제 그만하라.
2,500명 조사해서 응답률이 몇%냐?
윤떡검의 비리가 차고 넘치거늘 무슨 . . .
경향에서 이런기사를 올리는것 이제는 그만하라.
아침부터 재수없다."
"‘수직상승’ 윤석열, ‘동반하락’ 이재명·이낙연···재보선 결과에 ‘흐름’ 바뀔까?",2021-03-29 09:27:00,2021-03-29 10:12:00,열매,"실체를 알면 이런 어처구니 없는
실체를 알면서 이런 어처구이 없는
그러니 개와 돼지 취급 받는것"
"‘수직상승’ 윤석열, ‘동반하락’ 이재명·이낙연···재보선 결과에 ‘흐름’ 바뀔까?",2021-03-29 09:27:00,2021-03-29 10:07:00,달마,"전직 검찰총장이 지지율 1위라?
이것이 현 대한민국 국민들의 서글픈 현실!
평생 검새만 한 인사가 대통령 할 수 있을까요?"
"‘수직상승’ 윤석열, ‘동반하락’ 이재명·이낙연···재보선 결과에 ‘흐름’ 바뀔까?",2021-03-29 09:27:00,2021-03-29 11:21:00,게스트,@달마 어이쿠~ 놀라셨어요? 진짜 민심은 더 하답니다. 쯧쯧 하얀병원에 있으니까 세상이 어캐 돌아가는지 모르나봐요
"‘수직상승’ 윤석열, ‘동반하락’ 이재명·이낙연···재보선 결과에 ‘흐름’ 바뀔까?",2021-03-29 09:27:00,2021-03-29 13:31:00,달마,"@게스트 ㅎㅎ
놀란게 아니구요
우리 국민들 수준이 이정도는 아니라고 생각했는데 서글퍼서요~~"
"‘수직상승’ 윤석열, ‘동반하락’ 이재명·이낙연···재보선 결과에 ‘흐름’ 바뀔까?",2021-03-29 09:27:00,2021-03-29 10:08:00,paper,이 댓글은 작성자 또는 관리자에 의해 삭제된 댓글입니다.
"‘수직상승’ 윤석열, ‘동반하락’ 이재명·이낙연···재보선 결과에 ‘흐름’ 바뀔까?",2021-03-29 09:27:00,2021-03-29 10:08:00,paper,@삭제된 댓글입니다 군부독재시절로 돌아가고 싶군요
"‘수직상승’ 윤석열, ‘동반하락’ 이재명·이낙연···재보선 결과에 ‘흐름’ 바뀔까?",2021-03-29 09:27:00,2021-03-29 10:07:00,hijoker****,리얼조작미터와 개마이뉴스가 연합하여 조중동의 바람에 부합해줬군. 쓰레기들~~~
"‘수직상승’ 윤석열, ‘동반하락’ 이재명·이낙연···재보선 결과에 ‘흐름’ 바뀔까?",2021-03-29 09:27:00,2021-03-29 11:23:00,게스트,"@hijoker**** 아니지~ 정권교체의 가장 큰 공로는 박원순, 조국, 고민정, 문재인, 이낙연, 이재명, 김태년 등등이 아닐까
나중에 상 받을거에요 화이팅"
"‘수직상승’ 윤석열, ‘동반하락’ 이재명·이낙연···재보선 결과에 ‘흐름’ 바뀔까?",2021-03-29 09:27:00,2021-03-29 10:04:00,겨울모자,"이번 서울.부산 선거는 1년짜리 임기인데 문재인 정권과 민주당의 심판 선거로 보는게 옳을거다
더블스코아 차이로 야권 후보가 당선이 유력한 모양세
선거후 민심은 더욱 불타 올라서 문재인 지지율 20%대로 주저 앉을것으로 예상됨.
여권 차기 대권 1후보인 이재명 간 잘보니까 빨리 탈 문재인 해서 독자 노선으로 후보로
나가는게 유리할듯.
앞으로 친문으로 분류되면 적폐 정치인으로 낙인 찍히니 똑똑한 여권 의원은 빨리 탈 문재인
하는게 정치 생명에 도움될듯 하다"
"‘수직상승’ 윤석열, ‘동반하락’ 이재명·이낙연···재보선 결과에 ‘흐름’ 바뀔까?",2021-03-29 09:27:00,2021-03-29 10:01:00,도랑,"문재인이 4년간이란 시간으로 만들어내고 민주당이 180석이란 힘을 국민들 기만 겁박하는데
허비해 왔던 결과물로 가고 있다고 봐야겠지요 적폐란 핑계로 뒷걸음 질만 쳐왔고 앞으로 옮긴 걸음이
몇 발자국이나 될까요 제 기억엔 하나도 없습니다 입으로만 부동산 법을 외친 30여번동안 국민들은
바뀐 법에 흘린 눈물이 얼마 엿던지 공정과 평등이란 문재인의 외침을 무색케한 조국이 보여준 내로남불
윤미향이 할머니들 피빨아 차지한 벼슬자리 오거돈 박원순 안희정 권력이 내두른 성추행 사건을
청와대와 민주당이 앞장서서 2차 가해를 자행 해왔지요 추미애의 검찰 줄세우기는 참으로 가관이 였지요
국민들이 피로감에 가슴에 화딱지가 않을 정도 였으니 이 더러은 시간들이 국민들 등을 돌리게 하였지요
문재인의 4년은 힘의 논리만 내세워 국민을 안중에도 두지않았던 뒷걸음질로 보낸 시간에 대한 답입니다"
"‘수직상승’ 윤석열, ‘동반하락’ 이재명·이낙연···재보선 결과에 ‘흐름’ 바뀔까?",2021-03-29 09:27:00,2021-03-29 10:06:00,새샘거리,"@도랑 완죤 곤달걀이네
4년동안 적패의 덕을 못본거지 어디다 함부로 되먹지 못한 평가를 하남?
세계가 인정하는 국가경쟁력발전을 외눈박이 대갈통으로 못본거구나"
"‘수직상승’ 윤석열, ‘동반하락’ 이재명·이낙연···재보선 결과에 ‘흐름’ 바뀔까?",2021-03-29 09:27:00,2021-03-29 10:12:00,ikar****,@새샘거리 남탓내로남불 문재인 선생님께서 4년동안 뭐했는데 하나 있네 나라를 두동강이 내놓은거
"‘수직상승’ 윤석열, ‘동반하락’ 이재명·이낙연···재보선 결과에 ‘흐름’ 바뀔까?",2021-03-29 09:27:00,2021-03-29 09:59:00,좋은사람,여론조사를 검찰청에서 했나보네 ㅋㅋㅋㅋㅋㅋ
"‘수직상승’ 윤석열, ‘동반하락’ 이재명·이낙연···재보선 결과에 ‘흐름’ 바뀔까?",2021-03-29 09:27:00,2021-03-29 11:24:00,게스트,"@좋은사람 병원에서 댓글다나 보네 ㅋㅋㅋㅋㅋㅋ
하~얀 병원"
"‘수직상승’ 윤석열, ‘동반하락’ 이재명·이낙연···재보선 결과에 ‘흐름’ 바뀔까?",2021-03-29 09:27:00,2021-03-29 09:58:00,무념무상,"기회는 평등
과정은 공정
결과는 정의롭게...
진보를 가장 한 집권세력들의 선전 문구
끝 없는 권력 욕심과 이념 투쟁의 산물
국민 갈라지고 권모술수와 이간 질 뿐
말로하는 정치는 명품 현실 정치는 저질
이제는 좌파는 척결하고 우파는 무능하고

중도파 윤석열 전 검찰총장이 대세 입니다
공정과 상식이 통하는 세상을 열어 주십시오
충청권 출신 대통령으로 응원 합니다"
"‘수직상승’ 윤석열, ‘동반하락’ 이재명·이낙연···재보선 결과에 ‘흐름’ 바뀔까?",2021-03-29 09:27:00,2021-03-29 10:07:00,새샘거리,@무념무상 중도가 아닌데 셀프중도라?
"‘수직상승’ 윤석열, ‘동반하락’ 이재명·이낙연···재보선 결과에 ‘흐름’ 바뀔까?",2021-03-29 09:27:00,2021-03-29 11:25:00,게스트,@새샘거리 여론과 동떨러진 셀프댓글이라 ㅋㅋㅋ
"‘수직상승’ 윤석열, ‘동반하락’ 이재명·이낙연···재보선 결과에 ‘흐름’ 바뀔까?",2021-03-29 09:27:00,2021-03-29 09:54:00,씨올,"기사 꺼리가 없습니까?
언제까지 윤석열 입니까. 정치입문 안한 사람을 정치인과 비교하는 자체가 우습네요
언론이 제발 언론답게 기사 쓰세요
이러니 기레기 쏘리 듣는것입니다."
"‘수직상승’ 윤석열, ‘동반하락’ 이재명·이낙연···재보선 결과에 ‘흐름’ 바뀔까?",2021-03-29 09:27:00,2021-03-29 11:26:00,게스트,"@씨올 기사 꺼리가 없습니까?
언제까지 거지같은 정치꾼들과 윤석열 후보를 비교하난?
그런 쓰레기들과 비교하는 자체가 우습네요
제발 언론답게 기사 쓰세요
이러니 정신병자들로부터 기레기 쏘리 듣는것입니다"
"‘수직상승’ 윤석열, ‘동반하락’ 이재명·이낙연···재보선 결과에 ‘흐름’ 바뀔까?",2021-03-29 09:27:00,2021-03-29 09:54:00,-,대통령선거 아직 멀었는데 이런 기사를 자꾸 올리는 의도는 오지 않을 레임덕 바라고 있어서 그러는거지???
"‘수직상승’ 윤석열, ‘동반하락’ 이재명·이낙연···재보선 결과에 ‘흐름’ 바뀔까?",2021-03-29 09:27:00,2021-03-29 11:27:00,게스트,@- 벌써 왔는걸~ 그 레임덕
"‘두달째 상승’ 이재명, ‘10개월만에 반등’ 이낙연···윤석열도 2위",2021-03-01 09:42:00,2021-03-27 17:48:00,김성진,인격 됨됨이가 되어 있지 않은 인간들이 어떻게 시장을 하며 대통령을 할 수 있단 말입니까?
"‘두달째 상승’ 이재명, ‘10개월만에 반등’ 이낙연···윤석열도 2위",2021-03-01 09:42:00,2021-03-26 12:04:00,Byung Shin,썩은 기사는 내려 주심이 . 2021년 3월 1일 기사를 버젓이 2021년 3월 26일 에도 올리는 저의를 모르겠다 . 이낙연 혹은 이재명 살릴려고 ??
"‘두달째 상승’ 이재명, ‘10개월만에 반등’ 이낙연···윤석열도 2위",2021-03-01 09:42:00,2021-03-26 08:37:00,Dennis Key,"참 믿기가 어렵네요, 오세훈이 승리한 3,000명 여론조사에서 이틀을 예상했는데 단 하루만에 목표조사 완료된것이 엊그재인데 오늘보도된 대선지지율은 안철수가 오세훈을 더블스코어이상으로 이겼다.
국힘당이 여론조사를 당원들 동원해서 왜곡시켰다는 합리적 의심을 해본다.
철수야 정신차려라."
"‘두달째 상승’ 이재명, ‘10개월만에 반등’ 이낙연···윤석열도 2위",2021-03-01 09:42:00,2021-03-11 20:42:00,조왕쇠,윤가놈 구속시켜라
"‘두달째 상승’ 이재명, ‘10개월만에 반등’ 이낙연···윤석열도 2위",2021-03-01 09:42:00,2021-03-06 19:38:00,gog,정치개검 개썩럴 저런것은 소리없이 사라진다.
"‘두달째 상승’ 이재명, ‘10개월만에 반등’ 이낙연···윤석열도 2위",2021-03-01 09:42:00,2021-03-06 11:53:00,멋쟁이,석열이는 이제 권력의 위치에서 내려 왔으니 마누라와 장모 그리고 석열이가 지은죄를 미뤄뒀던걸 수사해 깜방 가기 일보전에 놓인 인간이 무슨대권주자? 구속적부심 받으려 가겠지 결국엔
"‘두달째 상승’ 이재명, ‘10개월만에 반등’ 이낙연···윤석열도 2위",2021-03-01 09:42:00,2021-03-02 08:31:00,정성욱,"윤석열이라는 검찰주의자가 지도자로서 최소한의 자격이라도 갖추었나 ?
수신제가도 못하는 것은 고사하고 썩은내가 진동하는 제처와 장모의
사건을 덮고 감추기에만 급급한 인사가 입으로는 권력을 향해서 수사를
공정하게 못하면 어쩌고 하는 어불성설이라니 . 윤석열 이친구야 !
자네 처 . 장모와 측근들 비리부터 깨끗하게 털고나서 사람인양 하게나 .
공정과 엄정 , 법을 입으로 뇌까리기 전에 네놈의 몸부터 정갈하게 하는
척이라도 하라는 이야기야 !"
"‘두달째 상승’ 이재명, ‘10개월만에 반등’ 이낙연···윤석열도 2위",2021-03-01 09:42:00,2021-03-01 23:08:00,김대우,결국... 여당은 이낙연 야당은 ??
"‘두달째 상승’ 이재명, ‘10개월만에 반등’ 이낙연···윤석열도 2위",2021-03-01 09:42:00,2021-03-01 23:03:00,壽則多辱,"난...진심으로 바란다!!!!!!!!!
이재명지사가 민주당을 탈당하고 무소속으로 대선 출마해서 당선되고도 절대 민주당에
발을 들여놓지 않는걸 진심 바랄뿐이다.
의협에 고개숙이고, 서민무시하는 선병지원에, 검찰에 발발떨고, 기업에 무릎꿇고....
민주당이 민주당이 아니다... 그냥 기득권 따까리당!!!!!!!!!!!!!!!"
"‘두달째 상승’ 이재명, ‘10개월만에 반등’ 이낙연···윤석열도 2위",2021-03-01 09:42:00,2021-03-01 16:16:00,Ted Che,"역시 제 3 후보는 추미애군
앞으로 2.4% 세균은 빼고 추미애를 넣어라"
"‘두달째 상승’ 이재명, ‘10개월만에 반등’ 이낙연···윤석열도 2위",2021-03-01 09:42:00,2021-03-01 15:42:00,파크빌,...이제멍은 ..한국을 베네주엘라로 끌고간다....베네주엘라로 보내라..결향아..
"‘두달째 상승’ 이재명, ‘10개월만에 반등’ 이낙연···윤석열도 2위",2021-03-01 09:42:00,2021-03-01 15:24:00,jw****,"어찌됐던 국민의짐은 윤석열을 보스로 모셔야 겠네..ㅋㅋ
대선에서 떨어질 것이 뻔하지만 그래도 10%넘는 주자는 윤석열밖에 없네..
근데.. 윤석열이가 국민의짐으로 갈수있을까?...
임기 끝나면.. 바로 구속인데...ㅋㅋ
불쌍하다..ㅋㅋ"
"‘두달째 상승’ 이재명, ‘10개월만에 반등’ 이낙연···윤석열도 2위",2021-03-01 09:42:00,2021-03-01 15:14:00,tb****,"윤석열이 무슨 대권 후보자라고 제 식구 감싸기 마누라와 장모 수사는 미적 거리고 수사를 안 하는데 이것이
검사로서 할 짓인가 수사를 안하면 안하는 이유를 국민들께 알려 주어야 하는데 국민은 진실 여부를 알고저 한다 수사하여 아니면 그만이고 죄가 있으면 재판받아 감옥으로 가는 것이어야 않는가?"
"‘두달째 상승’ 이재명, ‘10개월만에 반등’ 이낙연···윤석열도 2위",2021-03-01 09:42:00,2021-03-01 14:55:00,각산청마,너희3놈은 절대로 찍지 않을 애들인데 이런 여론조사는 왜 하냐?이3놈 아니면 나는 지지한다.
"‘두달째 상승’ 이재명, ‘10개월만에 반등’ 이낙연···윤석열도 2위",2021-03-01 09:42:00,2021-03-01 14:28:00,yee,"‘두달째 상승’ 이재명, ‘10개월만에 반등’ 이낙연···윤석열도 2위 / 셋 다 깜이 아니다. 우파는 여론조사라면 전화 끊는다. 이런 여론조사가 무슨 의미가 있나?"
"‘두달째 상승’ 이재명, ‘10개월만에 반등’ 이낙연···윤석열도 2위",2021-03-01 09:42:00,2021-03-01 14:12:00,라일락,"억강부약 협공 까지 말지어다.
능력도 없는것덜이 어딜 까는 소리덜 하구 있니
국민은 억강부약 원하는것으로 쩜찍었다.
엣헴"
"‘두달째 상승’ 이재명, ‘10개월만에 반등’ 이낙연···윤석열도 2위",2021-03-01 09:42:00,2021-03-01 13:48:00,김성진,이재명지사는 끝까지 민주당의 주자가 되어야 합니다.
"‘두달째 상승’ 이재명, ‘10개월만에 반등’ 이낙연···윤석열도 2위",2021-03-01 09:42:00,2021-03-01 13:24:00,kji****,"놀고 있네
기레기들"
"‘두달째 상승’ 이재명, ‘10개월만에 반등’ 이낙연···윤석열도 2위",2021-03-01 09:42:00,2021-03-01 12:42:00,Ted Che,"정세균 똘마니 박홍두 추미애 한테도 밀리는 2.4% 에 열받냐 ?
사진을 왜 너의 희망사항대로 배치했냐"
"‘두달째 상승’ 이재명, ‘10개월만에 반등’ 이낙연···윤석열도 2위",2021-03-01 09:42:00,2021-03-01 12:22:00,pppsy****,"윤석열이 2위라 안타까운 경향 기레기의 마음이 묻어 난다. ....같은 2위라면서 왜 윤석열이 앞에 두는 건데?? 소수점에서 앞섰냐??? 아니면 그럼 무순 이라고 하든가, 가나다 수준이라고 하든가...교묘하게 2위임을 강조하냐"
"‘두달째 상승’ 이재명, ‘10개월만에 반등’ 이낙연···윤석열도 2위",2021-03-01 09:42:00,2021-03-01 11:58:00,식민지 국민들,"남자 바지 네려, 바지속에 거시기 꺼네 물뿌리고, 대한민국 1호 욕쟁이를 선호한다면 이재명이지,,,, 항간에 일 잘한다로 물타기를 하는데? 그런식으라면 전두환을 따라갈자가 없지 그 얼마나 많은 업적을 남기었는가? 대표롤 국민연금, 한강기적, 88올림픽!!!"
"‘두달째 상승’ 이재명, ‘10개월만에 반등’ 이낙연···윤석열도 2위",2021-03-01 09:42:00,2021-03-01 11:57:00,식민지 국민들,"남자 바지 네려, 바지속에 거시기 꺼네 물뿌리고, 대한민국 1등 욕쟁이를 선호한다면 이재명이지,,,, 항간에 일 잘한다로 물타기를 하는데? 그런식으라면 전두환을 따라갈자가 없지 그 얼마나 많은 업적을 남기었는가? 대표롤 국민연금, 한강기적, 88올림픽!!!"
"‘두달째 상승’ 이재명, ‘10개월만에 반등’ 이낙연···윤석열도 2위",2021-03-01 09:42:00,2021-03-01 11:53:00,hijoker****,"홍발정에게도 무상 연애. 양아치로 허벌나게 아작난 이재명이 1위라~~~
지나가던 소도 웃을 일 아닌가.
그리 고소 고발 좋아하는 그가 고작 한다는 소리가 예의를 차리란다~~~
이런 개차반이 집권당의 대선 후보로 거론되는 거 자체가 수치 아닌가.
민주당에선 당장 이런 놈 출당시켜라."
"‘두달째 상승’ 이재명, ‘10개월만에 반등’ 이낙연···윤석열도 2위",2021-03-01 09:42:00,2021-03-01 11:25:00,파판토,"마누라 장모 관리도 안되는 사람이 여론조사에서 2위이면 저사람을 지지 하는국민은
도대체 외계인 인가? 울 나라에 이렇케 외계인이 많타는 거여?"
"‘두달째 상승’ 이재명, ‘10개월만에 반등’ 이낙연···윤석열도 2위",2021-03-01 09:42:00,2021-03-01 11:53:00,로이윌리엄,@파판토 외계인이 아니라 골빈 것들..
"‘두달째 상승’ 이재명, ‘10개월만에 반등’ 이낙연···윤석열도 2위",2021-03-01 09:42:00,2021-03-01 11:18:00,Tae Chun,"아니 저기에 왜 윤석열이 껴서 나오는데,,,,, 정말 어이없네. 도대체 언제야 정치후진국 벗어날건데"
"‘두달째 상승’ 이재명, ‘10개월만에 반등’ 이낙연···윤석열도 2위",2021-03-01 09:42:00,2021-03-01 10:59:00,hijoker****,집권 민주당의 대선후보는 이낙연이 될 수 밖에 없죠.
"‘두달째 상승’ 이재명, ‘10개월만에 반등’ 이낙연···윤석열도 2위",2021-03-01 09:42:00,2021-03-01 10:57:00,김용운,윤석열의 강직한 부드러움을 국민은 원하는 것 같으다...
"‘두달째 상승’ 이재명, ‘10개월만에 반등’ 이낙연···윤석열도 2위",2021-03-01 09:42:00,2021-03-01 11:55:00,로이윌리엄,"@김용운 너, 코로나 걸린 모양이구나.ㅉㅉ."
"‘두달째 상승’ 이재명, ‘10개월만에 반등’ 이낙연···윤석열도 2위",2021-03-01 09:42:00,2021-03-01 11:25:00,Tae Chun,@김용운 입만열면 거짓말에 위선이 가득한 인간을 원한다고? 대한민국 말아먹으려고 작정을했나...
"‘두달째 상승’ 이재명, ‘10개월만에 반등’ 이낙연···윤석열도 2위",2021-03-01 09:42:00,2021-03-01 10:18:00,srl****,일잘하는 이재명이 희망이다
"‘두달째 상승’ 이재명, ‘10개월만에 반등’ 이낙연···윤석열도 2위",2021-03-01 09:42:00,2021-03-01 10:52:00,미로,@srl**** 그냥 독재를 하는 것인데..착각하지마라.차베스같은 인간이다
"‘두달째 상승’ 이재명, ‘10개월만에 반등’ 이낙연···윤석열도 2위",2021-03-01 09:42:00,2021-03-01 12:24:00,로이윌리엄,이 댓글은 작성자 또는 관리자에 의해 삭제된 댓글입니다.
"‘두달째 상승’ 이재명, ‘10개월만에 반등’ 이낙연···윤석열도 2위",2021-03-01 09:42:00,2021-03-01 12:24:00,로이윌리엄,"@삭제된 댓글입니다 석열이가 더러븐 것들의 보호자라면..
석열이 자체는 뭘까? 주제파악 못하고 설쳐대는 웃기는 짜장면이라고 해야겠지?
석열아, 얼른 사퇴하고 국민의똥당에 입당하거라. 아마 너를 대선 후보로 만들어줄 것이다.
그래서, 이재명과 석열이가 여야 후보로 붙으면 볼만할끼다. 푸핫핫.."
"‘두달째 상승’ 이재명, ‘10개월만에 반등’ 이낙연···윤석열도 2위",2021-03-01 09:42:00,2021-03-01 10:09:00,이개념,"도대체 찰스, 발정제, 세훈이, 추 같은 사람 선호도는 왜 나오는거지?
무뇌충들인가?"
"‘두달째 상승’ 이재명, ‘10개월만에 반등’ 이낙연···윤석열도 2위",2021-03-01 09:42:00,2021-03-01 11:05:00,sj****,"@이개념 그럼
가짜 총각도 1위 인데"
